GEO_NAME,age_total,median_income_hh,pct_income_0_30k,pct_income_30_60k,pct_income_60_100k,pct_income_100k_plus,pct_age_15_24,pct_age_25_34,pct_age_35_44,pct_age_45_54,pct_age_55_64,pct_age_65_74,pct_age_75_plus,pct_edu_none,pct_edu_secondary,pct_edu_college,pct_edu_university,pct_french,pct_owners
G0A,83410.0,81000.0,11.655428650061923,16.017613870923352,28.154671804045684,38.10375670840787,8.038604483874835,10.59824961035847,13.289773408464212,11.737201774367582,16.364944251288815,13.787315669583982,8.68600887183791,16.170878997987028,21.494072914336837,19.085961380750017,17.490494296577946,97.97673855100557,81.36363636363636
G0C,45955.0,61600.0,18.33910034602076,21.337946943483278,30.357554786620533,24.77508650519031,7.583505603307583,8.987052551408988,9.955391143509955,12.087912087912088,18.626917636818625,17.81090196931781,12.436078772712436,27.92735585471171,21.056642113284227,16.02743205486411,11.379222758445518,88.51559068950372,72.04152249134948
G0E,4630.0,55200.0,21.551724137931032,24.568965517241377,30.387931034482758,19.181034482758623,6.047516198704104,6.695464362850973,8.855291576673865,11.123110151187905,21.382289416846653,23.002159827213823,13.282937365010799,32.76492082825822,25.213154689403165,13.520097442143728,8.038976857490866,98.59611231101512,81.89655172413794
G0G,16315.0,93000.0,9.195402298850574,13.07471264367816,25.862068965517242,46.264367816091955,9.776279497395034,11.952191235059761,12.166717744406988,13.729696598222493,16.641127796506282,11.124731841863316,6.497088568801717,31.62719633307869,20.206264323911384,14.36210847975554,8.823529411764707,62.78277037496126,70.38102084831057
G0H,10540.0,67000.0,15.546218487394958,20.903361344537817,29.096638655462186,28.886554621848738,8.49146110056926,9.155597722960152,11.385199240986717,12.855787476280836,19.686907020872866,15.227703984819735,7.874762808349146,35.70627802690583,20.964125560538115,12.219730941704036,6.278026905829597,80.61904761904762,77.27748691099477
G0J,29005.0,54800.0,20.463600144875045,24.809851503078594,29.55450923578414,19.992756247736327,7.4987071194621615,8.56748836407516,10.032752973625238,10.687812446129978,19.910360282709878,18.427857265988624,11.118772625409413,29.809465273509527,21.79881171891006,13.870108584306495,7.62138905961893,98.32519190509421,80.58568329718004
G0K,11725.0,65000.0,16.11111111111111,20.833333333333336,30.277777777777775,26.666666666666668,8.059701492537313,10.362473347547976,12.366737739872068,11.641791044776118,18.038379530916846,15.863539445629,7.377398720682303,22.835051546391753,18.8659793814433,18.298969072164947,12.68041237113402,99.35897435897436,82.71028037383178
G0L,60940.0,63200.0,16.70622603615118,21.617673909074313,30.363337593573124,25.78053679021362,8.180177223498523,9.148342632097146,11.060059074499508,10.920577617328519,17.615687561535935,16.475221529373155,11.609780111585167,24.04476257687267,20.02217965520718,16.05000504083073,11.7350539368888,99.07630856286926,78.9531278497173
G0M,34400.0,66500.0,14.510197258441993,20.528251420929454,31.728518890003343,27.181544633901705,9.44767441860465,10.712209302325581,12.034883720930232,11.671511627906977,16.468023255813954,13.125,8.997093023255815,30.966930265995686,20.578720345075485,13.910855499640546,7.494608195542775,98.02139821193023,80.64839572192514
G0N,19995.0,63600.0,17.087912087912088,21.428571428571427,30.714285714285715,24.945054945054945,8.30207551887972,9.152288072018004,11.45286321580395,10.877719429857464,16.804201050262566,16.90422605651413,10.677669417354338,25.692541856925416,20.669710806697108,16.19482496194825,10.076103500761036,98.11083123425692,80.5739514348786
G0P,6790.0,65500.0,15.384615384615385,21.53846153846154,30.76923076923077,26.324786324786327,8.541973490427099,9.941089837997055,12.665684830633284,12.297496318114874,16.715758468335785,14.948453608247423,7.069219440353461,25.686448184233836,18.689105403011514,17.891939769707708,10.983170947741364,98.29376854599407,84.44816053511705
G0R,84335.0,66000.0,15.610919692552347,20.315398886827456,30.74476543864299,27.418499867479458,8.58481057686607,9.527479694077194,11.157882255291398,11.389102982154503,17.28819588545681,15.284282919309893,11.187525938222564,24.69756595248506,20.95175630374581,17.213234222416556,11.193703541757761,98.59672368104071,78.35365853658537
G0S,72495.0,75500.0,11.700725115359262,18.094924192485166,30.355965721819377,33.02570863546473,9.166149389613077,12.531898751638042,13.049175805227947,11.06283191944272,14.759638595765226,12.028415752810538,8.179874474101661,21.56003505696757,21.93689745836985,17.607361963190186,11.349693251533742,98.18625741192885,79.5027988146197
G0T,13560.0,62800.0,17.705927636643572,20.70823710546574,30.100076982294073,26.096997690531175,7.300884955752212,8.001474926253687,10.471976401179942,12.020648967551622,19.76401179941003,17.551622418879056,12.278761061946902,28.31743278404163,24.111014744145706,13.616652211621854,9.106678230702515,99.29262844378258,76.3076923076923
G0V,18375.0,76500.0,11.283323000619964,17.296962182269063,31.680099194048356,33.04401735895846,8.108843537414966,10.884353741496598,13.27891156462585,11.020408163265307,17.741496598639454,14.993197278911566,6.857142857142858,22.192866578599734,19.484808454425362,16.974900924702773,11.261558784676353,98.25613079019074,81.36645962732919
G0W,36540.0,73500.0,13.214403700033037,18.401057152296,29.930624380574827,32.73868516683185,10.372194854953475,10.727969348659004,12.3015873015873,10.85112205801861,16.59824849480022,13.095238095238097,7.224958949096879,29.76311336717428,18.274111675126903,15.448392554991539,9.323181049069373,82.14236730215335,74.21156373193168
G0X,60485.0,65000.0,16.185492601948756,20.19126669072537,30.999639119451462,27.156261277517142,7.522526246176738,9.473423162767629,12.110440605108705,10.812598164834258,18.483921633462842,16.012234438290484,9.597420848144168,21.513904226483284,21.50386507378777,17.87973095070776,12.287922899307297,97.04855337545727,80.82291100235636
G0Y,9320.0,62400.0,15.463917525773196,22.336769759450174,33.10423825887743,22.90950744558992,7.027896995708155,8.744635193133048,9.763948497854077,11.051502145922747,21.19098712446352,18.025751072961373,9.495708154506438,28.733459357277884,20.478890989287965,14.933837429111533,9.073724007561438,97.85292538915728,85.99311136624569
G0Z,8975.0,64500.0,16.198979591836736,21.683673469387756,31.63265306122449,24.872448979591837,8.746518105849582,11.420612813370473,13.370473537604457,11.866295264623956,16.26740947075209,13.09192200557103,6.685236768802229,28.379287155346333,22.595830531271016,15.736381977135173,7.330195023537324,97.88182831661094,81.27388535031848
G1B,16700.0,100000.0,4.981132075471698,10.641509433962264,27.92452830188679,49.58490566037736,10.359281437125748,11.107784431137725,14.550898203592814,14.191616766467066,16.46706586826347,10.359281437125748,3.8922155688622757,13.812360387192852,21.03499627699181,22.561429635145196,17.647058823529413,97.5997599759976,87.43416102332581
G1C,36215.0,80000.0,9.484598963098506,16.55992680695334,31.19853613906679,36.657517535834096,9.581665055916057,9.333149247549358,11.901145934005246,12.522435454921993,17.86552533480602,14.676239127433385,9.788761562888306,13.13699536730642,23.246194573130378,22.73328921244209,19.937127729980144,97.35806632939854,68.23995127892813
G1E,27750.0,60400.0,16.67854597291518,23.057733428367783,31.50392017106201,22.915181753385603,8.936936936936938,13.567567567567568,12.81081081081081,10.774774774774775,14.342342342342343,13.189189189189191,12.054054054054054,16.721455182993644,23.843962305500767,19.48279640587333,19.066403681788298,94.7136563876652,41.437254200929566
G1G,24975.0,78000.0,10.927743086529883,16.369313113291703,31.13291703835861,35.45941123996432,9.18918918918919,10.57057057057057,14.094094094094094,11.811811811811811,13.873873873873874,13.213213213213212,10.61061061061061,12.3991195891416,22.817314746881877,21.76571288823673,22.7439471753485,95.70527172806838,69.61178045515395
G1H,29620.0,60800.0,15.294511378848727,23.32663989290495,33.701472556894245,22.690763052208833,8.25455773126266,12.727886563133017,12.592842673869006,10.212694125590817,14.483457123565158,13.284942606347064,15.24307900067522,15.1129363449692,23.24435318275154,20.0,20.55441478439425,93.44626967830253,39.93299832495813
G1J,23325.0,48400.0,25.321239606953895,26.56840513983371,28.987150415721846,14.965986394557824,10.289389067524116,19.39978563772776,14.276527331189712,9.710610932475884,12.604501607717042,10.482315112540192,10.39657020364416,20.448249811130697,20.80080584235709,18.7358348023168,22.23621254092168,91.32519616390584,21.550094517958414
G1K,18910.0,50000.0,26.716222125054657,23.174464363795366,28.858766943594226,17.09663314385658,9.148598625066102,23.268112109994714,15.573770491803279,9.862506610259123,13.40560549973559,11.422527763088313,7.3241671073506085,14.591618231875191,17.008259406546344,17.130620985010705,36.28020801468339,90.94360086767897,26.166593981683384
G1L,22025.0,49200.0,25.17619420516836,25.763508222396243,29.60062646828504,15.505090054815977,9.511918274687854,20.72644721906924,15.278093076049942,9.943246311010217,12.849035187287175,11.169125993189558,8.467650397275824,17.572223694672676,20.037105751391465,17.73124834349324,26.769149218128813,93.05045871559633,20.078277886497066
G1M,20770.0,59600.0,18.35411471321696,22.443890274314214,31.820448877805486,22.044887780548628,8.907077515647568,13.529128550794415,12.253249879634087,10.471834376504574,13.890226287915262,13.288396726047184,14.684641309581126,21.426403641881638,23.125948406676784,16.418816388467373,19.271623672230653,91.61306284017813,33.01745635910224
G1N,8400.0,48000.0,26.1,27.3,29.2,13.5,9.94047619047619,23.809523809523807,15.892857142857142,9.94047619047619,13.452380952380953,9.94047619047619,7.6190476190476195,18.462594371997255,22.031571722717914,15.71722717913521,24.708304735758407,93.48219674109836,22.334004024144868
G1P,16535.0,64000.0,14.807930607187112,21.933085501858738,32.032218091697644,25.774473358116477,9.888116117326883,14.212276988206835,13.335349259147264,10.462654974296946,13.305110371938314,11.158149380102813,12.7608104021772,15.502183406113538,23.107714701601164,20.66957787481805,20.705967976710333,93.08855291576674,44.31396786155748
G1R,16425.0,54400.0,24.032489249880555,21.35690396559962,27.854753941710463,22.216913521261347,9.710806697108067,21.095890410958905,12.207001522070016,9.89345509893455,12.815829528158297,15.068493150684931,12.054794520547945,6.014271151885831,15.324498810737344,16.47978253482841,49.54128440366973,91.49066421793694,26.808100289296043
G1S,25910.0,70500.0,14.787701317715959,18.08199121522694,28.91654465592972,33.01610541727672,9.725974527209571,14.067927441142416,10.362794287919721,8.722500964878426,12.73639521420301,16.67309918950212,17.657275183326902,5.299539170506913,12.903225806451612,15.668202764976957,56.175115207373274,91.477621091355,43.68861404146963
G1T,6795.0,133000.0,6.093189964157706,8.24372759856631,18.996415770609318,62.00716845878136,10.816777041942604,6.990434142752024,10.5224429727741,11.11111111111111,15.15820456217807,15.967623252391464,14.348785871964681,6.204379562043796,13.047445255474452,15.328467153284672,57.66423357664233,93.52465047829286,78.99461400359067
G1V,23630.0,54400.0,23.421588594704684,21.95519348268839,29.368635437881874,20.65173116089613,23.931443080829453,20.376639864578923,10.050782903089294,6.53829877274651,8.37917900973339,9.500634786288616,12.357173085061362,5.5177824267782425,16.37029288702929,20.94665271966527,45.68514644351465,86.19067977768276,25.593775593775593
G1W,22500.0,79500.0,12.028639618138424,16.467780429594274,28.305489260143197,37.85202863961814,10.511111111111111,13.822222222222221,12.711111111111112,9.688888888888888,12.022222222222222,12.88888888888889,13.555555555555557,6.0855263157894735,14.528508771929824,18.804824561403507,49.28728070175439,86.9675925925926,53.67717287488061
G1X,26745.0,72000.0,13.559322033898304,17.41140215716487,30.81664098613251,32.66563944530046,12.020938493176295,13.572630398205272,12.002243409983175,9.94578425873995,12.581790988969901,12.880912320059823,12.469620489811179,7.7985739750445635,16.688948306595368,19.184491978609625,42.736185383244205,87.35976065818998,49.09719554360353
G1Y,12735.0,110000.0,5.656934306569343,9.124087591240876,23.631386861313867,55.565693430656935,9.50137416568512,7.930899096976836,11.54299175500589,11.503729878288183,15.744012563800549,17.157440125638004,10.679230467216334,6.053496011262318,12.717034256217739,18.488972313467855,52.229000469263255,94.54259913623872,82.69581056466302
G2A,15350.0,90000.0,7.892720306513409,13.409961685823754,28.735632183908045,43.371647509578544,9.86970684039088,11.530944625407166,13.648208469055376,12.76872964169381,13.517915309446254,12.08469055374593,8.697068403908794,12.012856568903175,21.494576134993974,21.374045801526716,25.592607472880673,96.34106501143417,75.57603686635944
G2B,24935.0,76500.0,11.895250776742122,16.688859298712828,30.181979582778517,34.9312028406569,9.90575496290355,11.369560858231402,13.495087226789654,11.71044716262282,14.818528173250451,12.171646280328854,9.404451574092642,14.236024844720497,23.080745341614907,20.372670807453417,20.770186335403725,95.65479782739892,58.883473637572
G2C,12285.0,80000.0,8.967851099830796,15.820642978003384,32.48730964467005,36.80203045685279,9.035409035409035,12.454212454212454,14.163614163614163,12.413512413512413,14.529914529914532,12.332112332112333,10.866910866910867,10.559610705596107,20.437956204379564,20.632603406326034,31.143552311435524,93.97639397639398,54.36974789915966
G2E,21055.0,86000.0,8.177826564215149,14.763995609220636,29.473106476399565,41.822173435784855,9.95013061030634,9.712657326050818,12.087390168606031,12.633578722393732,14.96081690809784,13.607219187841368,12.016148183329376,11.597938144329897,23.081328751431844,21.93585337915235,23.45360824742268,95.98246895544193,73.85120350109409
G2G,10790.0,90000.0,6.813417190775681,13.10272536687631,30.083857442348013,43.710691823899374,9.823911028730306,11.770157553290083,12.974976830398516,12.279888785912881,18.813716404077848,12.140871177015756,6.024096385542169,9.58980044345898,19.17960088691796,21.784922394678492,29.98891352549889,94.1806331471136,83.47280334728033
G2J,3225.0,63200.0,9.577464788732394,23.380281690140844,37.183098591549296,24.225352112676056,7.131782945736434,14.108527131782948,10.387596899224807,8.992248062015504,16.27906976744186,17.984496124031008,16.434108527131784,13.403880070546737,26.63139329805996,19.753086419753085,24.33862433862434,93.63354037267081,45.96100278551532
G2K,12845.0,83000.0,6.531881804043546,14.69673405909798,33.903576982892695,38.33592534992224,7.395873880887505,11.093810821331257,11.444141689373296,11.24951342934994,17.205138186064616,16.97158427403659,12.61191124951343,8.726084927671488,21.5585627624825,21.185254316378906,31.40457302846477,95.66074950690336,60.879811468970935
G2L,14610.0,83000.0,9.295352323838081,15.367316341829085,29.83508245877061,38.90554722638681,10.574948665297741,8.042436687200547,12.69678302532512,13.75770020533881,14.921286789869953,14.099931553730322,8.966461327857632,12.593516209476311,21.820448877805486,21.820448877805486,24.688279301745634,95.98765432098766,72.4887556221889
G2M,5625.0,100000.0,5.099778270509978,10.643015521064301,27.494456762749447,50.332594235033255,8.977777777777778,10.044444444444444,17.066666666666666,13.777777777777779,13.244444444444445,10.666666666666668,4.888888888888889,10.955710955710956,23.076923076923077,22.377622377622377,24.475524475524477,97.14285714285714,85.74610244988864
G2N,8485.0,94000.0,6.866952789699571,11.874105865522175,28.612303290414882,45.35050071530758,9.546258102533884,12.080141426045964,17.08898055391868,13.494401885680613,12.315851502651737,9.95875073659399,4.3017088980553915,13.422818791946309,21.84936614466816,21.84936614466816,17.375093214019387,96.28756629345905,81.54506437768241
G3A,20235.0,109000.0,5.190102595051298,9.656004828002414,24.683162341581173,55.2202776101388,11.21818631084754,8.154188287620459,10.995799357548803,13.269088213491475,17.790956263899186,14.702248579194466,8.796639486039041,8.22746521476104,17.725347852389596,21.14337568058076,37.65880217785844,97.0898143502258,81.30277442702051
G3B,8315.0,133000.0,3.1897926634768736,6.539074960127592,18.660287081339714,65.86921850079744,12.146722790138305,7.576668671076368,14.431749849669274,17.739025856885146,14.85267588695129,9.320505111244739,3.4275405892964526,7.884761182714177,16.67930250189538,21.30401819560273,39.8786959818044,97.23391461214672,90.74960127591707
G3C,10435.0,105000.0,5.889423076923077,9.975961538461538,23.798076923076923,53.48557692307693,8.001916626736943,12.410158121705797,18.35170100622904,14.03929084810733,13.128893148059415,8.19357930043124,3.4499281264973645,11.695544554455447,16.08910891089109,23.143564356435643,26.361386138613863,96.98131288931481,88.71548619447779
G3E,16115.0,103000.0,5.103668261562999,10.606060606060606,25.996810207336523,51.8341307814992,10.921501706484642,11.666149550108594,15.854793670493327,14.520632950667082,13.651877133105803,7.756748371082842,3.754266211604096,12.161084529505581,22.40829346092504,22.92663476874003,18.381180223285487,97.11269791990065,81.86157517899761
G3G,10025.0,91000.0,6.019656019656019,12.653562653562652,30.34398034398034,43.611793611793615,8.82793017456359,12.967581047381547,15.112219451371573,13.366583541147131,14.613466334164588,10.124688279301745,4.538653366583541,17.8168130489335,22.396486825595986,19.44792973651192,12.358845671267252,98.05194805194806,88.6977886977887
G3H,10145.0,87000.0,8.83054892601432,14.200477326968974,28.878281622911693,41.527446300715994,8.62493839329719,13.011335633316905,15.081320847708229,11.335633316904879,13.997042878265157,10.892065056678167,6.9985214391325785,15.782828282828282,21.654040404040405,20.643939393939394,15.151515151515152,97.98792756539235,77.68496420047732
G3J,10635.0,88000.0,7.28476821192053,11.810154525386315,32.22958057395143,41.83222958057395,10.390220968500236,14.386459802538788,16.12599905970851,12.740949694405264,12.740949694405264,8.979783732957216,4.325340855665257,14.742451154529308,24.215512137359386,20.071047957371228,14.09117821195974,96.56470588235294,74.06181015452539
G3K,20400.0,97000.0,5.967336683417086,10.804020100502512,28.70603015075377,47.61306532663316,10.392156862745098,14.411764705882351,16.96078431372549,13.137254901960786,11.27450980392157,6.78921568627451,3.799019607843137,13.470319634703195,19.797782126549247,22.0808871493803,21.06979778212655,95.97743438803042,71.74323473882946
G3L,11105.0,71500.0,14.185110663983904,18.712273641851105,29.376257545271628,31.58953722334004,7.879333633498424,12.111661413777577,11.616389013957678,11.616389013957678,16.884286357496624,13.867627194957228,9.545249887438091,19.444444444444446,25.11111111111111,16.166666666666664,10.11111111111111,98.10212381382738,79.57957957957959
G3M,7435.0,67000.0,16.666666666666664,18.939393939393938,29.393939393939394,28.636363636363637,7.531943510423672,12.642905178211164,13.113651647612642,10.423671822461332,14.593140551445863,13.113651647612642,11.634162743779422,15.255731922398589,24.33862433862434,19.753086419753085,13.932980599647266,97.14484679665738,65.15151515151516
G3N,11115.0,100000.0,5.698324022346369,10.949720670391061,26.81564245810056,49.94413407821229,8.502024291497975,14.664867296446243,15.789473684210526,11.650922177237968,13.000449842555106,9.401709401709402,4.183535762483131,13.458162668227033,19.719133996489173,19.192510239906376,19.485078993563487,96.94107062528116,86.80089485458613
G3S,6645.0,114000.0,2.2964509394572024,5.010438413361169,25.260960334029225,59.707724425887264,10.9104589917231,18.058690744920995,17.005267118133936,12.56583897667419,9.405568096313017,4.288939051918736,1.655379984951091,11.05476673427992,28.1947261663286,19.371196754563893,17.13995943204868,90.9706546275395,70.47817047817048
G3Z,7370.0,64500.0,16.909620991253643,21.428571428571427,29.008746355685133,27.259475218658892,7.123473541383989,8.683853459972863,10.78697421981004,10.651289009497965,17.028493894165535,17.84260515603799,15.128900949796472,19.208573784006592,21.187139323990106,18.46661170651278,17.312448474855728,98.29181494661921,63.7956204379562
G4A,3065.0,65500.0,15.384615384615385,20.27972027972028,30.069930069930066,27.62237762237762,8.482871125611746,9.29853181076672,11.419249592169658,10.114192495921696,17.29200652528548,16.965742251223492,12.071778140293638,21.74757281553398,29.126213592233007,12.427184466019417,6.213592233009709,99.66555183946488,67.83216783216784
G4R,20325.0,75000.0,15.736607142857142,17.243303571428573,24.441964285714285,38.058035714285715,11.119311193111932,11.094710947109471,12.275522755227552,12.669126691266912,15.079950799507996,10.947109471094711,8.83148831488315,27.048924898722344,19.663446556559677,17.85602991586164,14.27235899033967,86.19739478957916,55.60538116591929
G4S,4935.0,87000.0,6.712962962962964,14.814814814814813,30.324074074074076,42.592592592592595,11.043566362715298,13.677811550151976,12.360688956433636,13.47517730496454,13.37386018237082,11.144883485309018,6.382978723404255,24.876847290640395,23.891625615763548,18.103448275862068,5.172413793103448,93.8133874239351,83.4862385321101
G4T,12655.0,75500.0,12.69296740994854,20.154373927958833,26.329331046312177,34.99142367066895,7.625444488344528,9.679968391939944,9.363887791386803,13.038324772817067,20.82180956143817,17.700513630975898,10.66772026866851,29.393115942028984,18.88586956521739,17.34601449275362,13.269927536231885,94.45773524720893,75.55746140651802
G4V,6290.0,54400.0,22.435897435897438,22.596153846153847,29.967948717948715,20.192307692307693,7.551669316375199,9.062003179650238,11.208267090620032,11.605723370429253,18.680445151033386,18.441971383147855,10.81081081081081,32.12962962962963,18.796296296296298,16.296296296296298,9.444444444444445,99.28115015974441,68.16
G4W,13990.0,56000.0,22.15868477483917,21.87276626161544,27.734095782701928,23.731236597569694,10.114367405289492,8.684774839170837,10.93638313080772,10.650464617583989,17.40528949249464,17.08363116511794,12.687634024303074,24.83108108108108,22.21283783783784,18.49662162162162,12.37331081081081,99.09974792942023,59.857142857142854
G4X,15065.0,72000.0,14.454277286135694,18.436578171091444,29.71976401179941,30.899705014749262,8.264188516428808,10.18918021905078,11.749087288416861,11.549950215731828,18.65250580816462,15.565881181546631,9.923664122137405,22.874251497005986,21.51696606786427,19.16167664670659,16.087824351297407,88.05220883534136,71.7551622418879
G4Z,9390.0,81000.0,10.50228310502283,16.095890410958905,28.19634703196347,39.49771689497717,9.26517571884984,10.915867944621937,11.714589989350372,12.193823216187434,19.009584664536742,12.513312034078808,9.79765708200213,17.385705086928528,21.056020605280104,21.37797810688989,16.162266580811334,98.43497031840259,73.22654462242562
G5A,8285.0,63600.0,16.124837451235372,21.84655396618986,31.079323797139143,24.83745123537061,8.147254073627037,7.785153892576946,10.259505129752565,11.466505733252868,18.527459263729632,17.260108630054315,12.975256487628245,21.356421356421357,27.344877344877343,13.492063492063492,11.904761904761903,98.96404631322365,68.79063719115734
G5B,5975.0,85000.0,11.531190926275993,17.391304347826086,23.629489603024574,42.722117202268436,9.9581589958159,11.548117154811715,13.05439330543933,13.556485355648535,15.481171548117153,11.380753138075313,8.03347280334728,27.853403141361255,23.141361256544503,17.905759162303664,9.738219895287958,97.92207792207792,71.05263157894737
G5C,11390.0,71500.0,15.200764818355642,17.78202676864245,27.62906309751434,34.608030592734224,10.184372256365233,9.745390693590869,11.28182616330114,12.774363476733978,18.61281826163301,12.686567164179104,10.57945566286216,22.483588621444202,21.00656455142232,21.38949671772429,11.37855579868709,98.98049645390071,64.84674329501917
G5H,6975.0,53600.0,24.731182795698924,22.119815668202765,27.956989247311824,21.044546850998465,8.315412186379929,8.817204301075268,10.60931899641577,10.53763440860215,17.562724014336915,16.48745519713262,12.903225806451612,28.021978021978022,23.992673992673993,14.285714285714285,9.24908424908425,99.32634730538922,59.87748851454824
G5J,6010.0,60000.0,21.891418563922944,19.78984238178634,27.670753064798596,25.39404553415061,9.151414309484194,8.985024958402663,10.482529118136439,11.564059900166388,17.88685524126456,16.638935108153078,11.980033277870216,21.909547738693465,22.613065326633166,16.683417085427134,11.959798994974873,99.65546942291128,65.78947368421053
G5L,28735.0,55200.0,22.259696458684655,22.93423271500843,29.20741989881956,21.079258010118043,10.753436575604663,11.954062989385767,10.944840786497304,9.500609013398295,15.068731512093267,16.425961371150166,13.589698973377415,14.902943018159048,22.124817365894387,20.997704028386558,22.897098726779376,97.82226905514577,49.46164199192463
G5M,8830.0,86000.0,6.315789473684211,15.789473684210526,30.13157894736842,41.05263157894737,9.28652321630804,10.079275198187995,13.703284258210646,12.514156285390712,14.949037372593432,14.382785956964891,6.5685164212910525,12.728551336146273,19.62025316455696,23.20675105485232,24.542897327707454,98.69020501138952,77.54293262879789
G5N,8375.0,91000.0,6.950354609929079,13.75886524822695,28.368794326241137,43.829787234042556,9.373134328358208,10.805970149253731,12.895522388059701,12.298507462686567,18.149253731343286,13.91044776119403,5.014925373134329,12.914862914862915,17.82106782106782,19.76911976911977,25.324675324675322,99.28358208955224,87.58915834522111
G5R,20115.0,62800.0,17.77426160337553,20.675105485232066,30.116033755274263,25.949367088607595,10.216256524981358,10.315684812329108,11.558538404175989,10.837683320904798,15.113099676858067,15.411384538901318,12.900820283370617,18.176178660049626,21.43300248138958,19.16873449131514,16.656327543424318,98.07497467071936,54.085397996837116
G5T,2885.0,57200.0,21.660649819494584,22.021660649819495,30.324909747292416,21.299638989169676,8.492201039861353,8.145580589254767,9.705372616984402,11.091854419410744,19.23743500866551,17.677642980935875,13.69150779896014,31.535269709543567,20.33195020746888,12.448132780082988,9.54356846473029,99.30555555555556,64.62093862815884
G5V,11000.0,56000.0,20.604395604395602,23.717948717948715,28.846153846153843,22.344322344322347,9.363636363636365,9.181818181818182,10.09090909090909,11.545454545454545,17.40909090909091,16.545454545454547,13.818181818181818,25.492283129324107,22.72485364555615,16.711016498137308,12.240553485896752,98.8388295401765,57.09057639524245
G5X,6180.0,65500.0,12.844036697247708,22.018348623853214,31.376146788990827,27.706422018348626,9.546925566343042,9.627831715210355,13.592233009708737,11.650485436893204,14.563106796116504,13.754045307443366,10.355987055016183,24.695121951219512,24.695121951219512,16.260162601626014,9.75609756097561,98.7603305785124,69.90825688073394
G5Y,23085.0,58400.0,19.822222222222223,21.866666666666667,30.044444444444444,23.333333333333332,9.63829326402426,10.049815897769115,12.150747238466536,11.197747455057398,16.50422352176738,15.204678362573098,10.894520251245398,24.076534679776774,24.049960138187615,16.50279032686686,11.427052883337762,97.48510919920582,57.44394618834081
G5Z,7600.0,78000.0,13.26219512195122,15.853658536585366,28.810975609756095,36.58536585365854,11.052631578947368,10.131578947368421,14.605263157894738,12.302631578947368,13.486842105263158,10.0,8.289473684210526,21.112006446414185,20.30620467365028,19.097502014504432,16.43835616438356,98.48584595128374,69.85074626865672
G6A,2545.0,94000.0,6.532663316582915,11.557788944723619,27.63819095477387,45.22613065326633,12.573673870333987,8.055009823182711,17.4852652259332,14.734774066797643,12.966601178781925,8.644400785854616,2.75049115913556,16.543209876543212,22.962962962962962,22.22222222222222,18.765432098765434,98.42829076620825,83.33333333333334
G6B,8405.0,56800.0,21.085080147965474,22.44143033292232,27.373612823674478,23.921085080147968,9.339678762641284,7.852468768590125,11.540749553837001,11.362284354550862,15.823914336704343,15.70493753718025,13.56335514574658,24.945770065075923,23.571945046999275,14.822848879248014,12.79826464208243,97.9530403371463,62.74752475247525
G6C,7960.0,88000.0,6.508875739644971,13.609467455621301,31.06508875739645,42.15976331360947,11.934673366834172,13.128140703517587,14.321608040201006,13.442211055276381,15.012562814070352,9.924623115577889,4.271356783919598,14.872192099147947,19.519752130131682,21.766072811773817,16.963594113090625,97.85894206549118,67.90490341753343
G6E,13110.0,78000.0,10.746812386156648,17.395264116575593,29.143897996357016,36.0655737704918,9.801678108314265,10.793287566742944,13.196033562166285,11.441647597254006,14.454614797864226,12.433257055682684,10.068649885583524,17.461089494163424,22.859922178988327,20.184824902723737,16.342412451361866,96.90880989180835,70.62043795620438
G6G,20355.0,55600.0,20.395421436004163,23.72528616024974,30.22892819979188,20.4474505723205,8.204372390076148,9.137803979366248,10.341439449766641,10.022107590272661,15.59813313682142,15.892901007123559,17.88258413166298,21.696931747025676,21.415153412648717,19.411396368190356,11.865998747651847,96.58354114713217,63.34203655352481
G6H,7095.0,62800.0,15.732087227414329,21.962616822429908,32.242990654205606,24.299065420560748,8.104298801973222,9.584214235377026,11.768851303735024,9.866102889358704,16.631430584918956,17.688513037350244,10.711768851303734,21.62162162162162,20.01689189189189,17.31418918918919,8.868243243243242,98.13486370157818,79.69465648854963
G6J,10625.0,95000.0,7.1680376028202115,12.338425381903642,27.379553466509986,46.650998824911866,10.870588235294118,10.68235294117647,15.011764705882353,13.458823529411765,13.694117647058823,11.529411764705882,4.188235294117646,13.905325443786982,19.289940828402365,21.65680473372781,21.06508875739645,97.93038570084666,79.67097532314924
G6K,8235.0,107000.0,5.015673981191222,10.18808777429467,24.76489028213166,54.2319749216301,11.718275652701882,8.378870673952642,15.421979356405584,13.782635094110503,13.114754098360656,11.414693381906496,5.221615057680632,11.439688715953308,19.844357976653697,21.78988326848249,28.326848249027236,97.86063569682152,84.1692789968652
G6L,15290.0,59600.0,16.630977872947895,24.197002141327623,30.264097073518915,23.269093504639542,9.843034663178548,11.739699149771091,12.23021582733813,10.987573577501635,14.977109221713539,13.472858077174624,9.810333551340745,27.49597423510467,21.618357487922705,16.74718196457327,7.890499194847021,96.89564068692206,66.35714285714286
G6P,29575.0,50800.0,24.03314917127072,25.172651933701655,27.969613259668506,18.370165745856355,9.349112426035502,9.29839391377853,10.245139475908708,9.416737109044801,15.164835164835164,16.229923922231613,17.734573119188504,25.693121693121697,23.788359788359788,16.19047619047619,12.16931216931217,96.63135961104359,50.362945039751125
G6R,4700.0,91000.0,6.388888888888888,15.0,28.055555555555557,43.333333333333336,10.957446808510639,9.25531914893617,15.319148936170212,14.468085106382977,13.617021276595745,10.0,4.680851063829787,20.671140939597315,17.71812080536913,19.19463087248322,15.570469798657719,98.82978723404256,87.25761772853186
G6S,5385.0,77500.0,9.070294784580499,17.233560090702948,33.78684807256236,33.78684807256236,10.677808727948005,10.492107706592387,13.556174558960073,11.977715877437326,12.627669452181985,12.349117920148561,10.492107706592387,18.500604594921402,20.79806529625151,21.76541717049577,18.016928657799276,96.73507462686567,74.77272727272727
G6T,11200.0,87000.0,6.68859649122807,14.583333333333334,31.030701754385966,40.57017543859649,10.267857142857142,12.053571428571429,14.910714285714285,12.053571428571429,13.526785714285714,11.607142857142858,4.285714285714286,16.19047619047619,21.12044817927171,20.0,18.095238095238095,96.875,77.13347921225383
G6V,32035.0,62800.0,16.776625824693685,20.986490732013824,31.448319195727304,25.667609173735467,8.771656001248635,10.769470891212736,11.30014047135945,10.207585453410333,16.154206336819104,15.982519119712816,15.030435461214298,15.23572249904178,22.518206209275586,19.777692602529704,21.674971253353775,96.61750561077268,50.56746532156369
G6W,25240.0,76500.0,10.177364864864865,17.14527027027027,32.30574324324324,34.41722972972973,9.687004754358162,10.935023771790808,12.757527733755945,12.282091917591126,15.015847860538829,14.045166402535658,10.439778129952456,12.638154733301295,20.446900528592025,20.87938491110043,24.5074483421432,96.31355073931537,55.91578947368421
G6X,9310.0,68500.0,10.594594594594595,20.972972972972972,33.83783783783784,29.18918918918919,10.41890440386681,12.674543501611172,12.298603651987111,10.848549946294307,15.198711063372716,15.198711063372716,9.828141783029002,13.032422123331214,22.695486331849967,20.152574698029245,21.360457724094086,96.72846237731734,55.89189189189189
G6Y,7230.0,98000.0,6.67779632721202,11.519198664440735,26.54424040066778,48.74791318864774,10.719225449515905,11.549100968188105,15.145228215767634,13.139695712309821,14.038727524204702,11.20331950207469,4.840940525587829,11.411665257819104,18.681318681318682,22.485207100591715,27.72612003381234,97.30476848652384,67.16417910447761
G6Z,23580.0,104000.0,5.218317358892439,9.691160809371672,25.718849840255594,52.76890308839191,11.726039016115351,10.32654792196777,13.973706530958442,14.631043256997456,15.47921967769296,10.814249363867685,4.219677692960136,12.02928870292887,17.782426778242677,24.503138075313807,23.247907949790793,98.07039864291772,83.28008519701811
G7A,25430.0,104000.0,5.374753451676528,10.650887573964498,25.443786982248522,52.2189349112426,10.656704679512387,10.794337396775463,14.883995281163982,13.645300825796303,12.504915454187968,10.8926464805348,6.173810460086512,10.002506893958385,17.4479819503635,22.68739032338932,32.71496615693156,97.21559268098648,77.44953225012308
G7B,17610.0,70500.0,14.736842105263156,16.904024767801857,32.26006191950464,30.030959752321984,8.631459398069278,11.641113003975013,12.152186257808063,10.051107325383304,17.660420215786484,14.622373651334469,10.33503691084611,20.448275862068964,21.482758620689655,17.379310344827587,12.137931034482758,98.4826796450043,63.22981366459627
G7G,16410.0,76000.0,11.785216178521619,16.94560669456067,30.822873082287312,33.89121338912134,10.20719073735527,10.603290676416819,13.43692870201097,11.243144424131627,15.417428397318709,13.375990249847655,8.592321755027422,16.784255477163015,21.797252135165245,19.42072038618641,15.707389528406981,99.20707532784385,70.31358885017421
G7H,28685.0,60400.0,20.701632511288643,20.111149704758596,27.301146231330325,27.335880514067384,10.632734878856546,11.713439079658357,10.615304165940387,9.046540003486141,14.990413107896114,15.461042356632387,15.513334495380862,14.51045332229352,19.043676257503623,18.691782239701926,25.874560132477747,97.09353531794962,51.24826629680999
G7J,14445.0,65500.0,17.16101694915254,20.76271186440678,29.30790960451977,27.82485875706215,9.934233298719281,12.634129456559362,12.114918656974732,11.42263759086189,16.926272066458985,14.330218068535824,8.203530633437175,17.85568691398288,19.40481043620057,18.793314309009375,17.65185487158581,98.33275442862104,56.558533145275035
G7K,760.0,76000.0,6.666666666666667,14.666666666666666,36.0,28.000000000000004,9.210526315789473,13.815789473684212,13.157894736842104,10.526315789473683,17.105263157894736,17.105263157894736,7.894736842105263,10.655737704918032,17.21311475409836,19.672131147540984,10.655737704918032,99.3421052631579,71.83098591549296
G7N,6390.0,96000.0,6.083650190114068,11.787072243346007,28.32699619771863,47.90874524714829,8.294209702660407,11.580594679186229,14.86697965571205,11.580594679186229,16.97965571205008,11.502347417840376,6.259780907668231,12.324929971988796,18.39402427637722,22.128851540616246,18.020541549953315,98.27856025039124,86.50646950092421
G7P,7420.0,82000.0,9.208400646203554,15.18578352180937,31.179321486268176,38.44911147011308,9.097035040431267,10.849056603773585,14.824797843665769,10.781671159029651,16.50943396226415,13.34231805929919,5.592991913746631,19.665271966527197,17.99163179916318,19.246861924686193,9.790794979079498,99.39148073022312,84.00646203554119
G7S,19810.0,82000.0,10.292397660818715,14.385964912280702,30.526315789473685,38.771929824561404,9.868753154972236,9.969712266532055,13.276123170116103,11.256940938919739,14.941948510853104,13.831398283695103,9.994952044422009,11.502199874292897,18.007542426147076,22.690131992457573,21.5901948460088,98.52178423236515,76.64915353181553
G7T,1640.0,97000.0,2.8368794326241136,9.219858156028367,33.33333333333333,48.226950354609926,9.75609756097561,17.682926829268293,14.634146341463413,11.28048780487805,10.060975609756099,10.365853658536585,4.573170731707317,10.150375939849624,19.172932330827066,20.30075187969925,25.18796992481203,99.08536585365853,66.21621621621621
G7X,25550.0,57600.0,21.66796570537802,21.044427123928294,30.04676539360873,22.25253312548714,10.156555772994128,11.350293542074363,11.428571428571429,10.41095890410959,17.632093933463796,14.990215264187867,11.2720156555773,18.141071007313045,21.726822363765038,19.67445152158528,11.016749233309744,98.95091053048297,51.413982717989
G7Y,625.0,81000.0,5.172413793103448,12.068965517241379,36.206896551724135,36.206896551724135,8.0,9.6,14.399999999999999,12.0,20.8,14.399999999999999,7.199999999999999,20.192307692307693,21.153846153846153,24.03846153846154,8.653846153846153,100.0,73.21428571428571
G7Z,2640.0,90000.0,5.555555555555555,13.88888888888889,28.703703703703702,43.51851851851852,11.174242424242424,8.901515151515152,12.121212121212121,12.878787878787879,17.424242424242426,13.446969696969695,6.4393939393939394,11.529933481152993,16.851441241685144,29.711751662971174,17.29490022172949,99.0530303030303,87.55760368663594
G8A,6035.0,68000.0,16.051660516605164,18.634686346863468,30.627306273062732,29.15129151291513,8.864954432477216,11.101905550952775,12.59320629660315,9.52775476387738,16.570008285004143,12.344656172328087,13.338856669428335,17.255717255717258,19.230769230769234,19.542619542619544,14.760914760914762,98.84009942004971,61.85185185185185
G8B,22060.0,62000.0,18.484555984555982,20.656370656370658,29.584942084942085,26.351351351351347,9.655485040797824,9.882139619220307,11.264732547597461,10.403445149592022,17.747053490480507,14.39256572982774,12.375339981867633,20.708903153781748,21.015908456600613,19.313424504605077,12.447669550655876,99.01398761751892,61.463887542413964
G8C,4410.0,93000.0,6.149732620320856,13.636363636363635,27.807486631016044,46.79144385026738,10.090702947845804,9.070294784580499,13.718820861678005,11.904761904761903,17.913832199546487,11.678004535147393,7.029478458049887,11.78082191780822,19.45205479452055,24.383561643835616,19.45205479452055,99.54648526077098,84.30851063829788
G8E,3840.0,77000.0,9.523809523809524,17.77777777777778,32.38095238095238,33.33333333333333,10.416666666666668,9.635416666666668,13.671875,10.807291666666668,16.666666666666664,13.020833333333334,8.463541666666668,22.778675282714055,18.416801292407108,18.093699515347332,8.88529886914378,99.47089947089947,76.94704049844236
G8G,4120.0,69500.0,14.958448753462603,19.113573407202217,30.747922437673132,29.362880886426595,8.13106796116505,9.70873786407767,11.286407766990292,9.344660194174757,16.2621359223301,15.898058252427186,12.742718446601941,17.8125,21.09375,17.34375,15.312500000000002,99.37578027465668,76.45429362880887
G8H,10040.0,62800.0,17.570498915401302,21.475054229934923,30.04338394793926,25.704989154013013,8.366533864541832,9.063745019920319,11.254980079681275,10.358565737051793,17.6792828685259,15.737051792828685,13.296812749003983,22.899813316739266,19.726197884256376,15.868077162414437,13.067828251400124,98.81013967925504,68.25568797399784
G8J,4260.0,69500.0,14.323607427055704,18.83289124668435,31.03448275862069,29.177718832891248,9.624413145539906,10.093896713615024,11.502347417840376,10.915492957746478,17.48826291079812,14.788732394366196,8.80281690140845,20.974889217134415,18.75923190546529,18.61152141802068,10.635155096011816,99.29328621908127,80.66298342541437
G8K,10090.0,67000.0,16.328708644610458,19.530416221985057,29.13553895410886,29.882604055496266,10.555004955401387,8.424182358771061,11.992071357779981,10.505450941526263,17.74033696729435,15.014866204162535,10.307234886025768,21.04630186410102,19.302465423932652,17.739025856885146,13.469633193024656,99.3006993006993,72.14514407684098
G8L,14285.0,62800.0,18.25153374233129,21.088957055214724,29.29447852760736,26.07361963190184,9.310465523276164,8.190409520476024,11.550577528876444,10.255512775638783,17.465873293664682,16.030801540077004,11.935596779838992,25.032481593763535,20.485058466868775,15.331312256388047,11.26028583802512,99.28800284798861,67.22817764165391
G8M,5175.0,71000.0,13.111111111111112,18.88888888888889,31.77777777777778,30.22222222222222,9.565217391304348,9.565217391304348,13.333333333333334,9.951690821256038,16.714975845410628,14.202898550724639,9.082125603864734,25.12135922330097,18.567961165048544,13.713592233009708,7.4029126213592225,99.60975609756098,81.12359550561797
G8N,2510.0,69500.0,12.037037037037036,20.833333333333336,31.48148148148148,31.01851851851852,9.9601593625498,8.565737051792828,12.749003984063744,10.159362549800797,16.733067729083665,15.53784860557769,9.362549800796813,15.70048309178744,21.256038647342994,17.874396135265698,12.560386473429952,98.8,79.16666666666666
G8P,7310.0,85000.0,12.267080745341614,13.509316770186336,27.639751552795033,41.30434782608695,10.738714090287278,12.859097127222983,13.543091655266759,12.38030095759234,16.07387140902873,9.165526675786593,6.771545827633379,23.02463891248938,18.26677994902294,18.60662701784197,12.404418011894647,93.90828199863107,70.54263565891473
G8T,27830.0,52000.0,23.422459893048128,24.63458110516934,29.732620320855613,17.46880570409982,8.893280632411066,10.689902982393102,10.689902982393102,10.025152712899748,16.528925619834713,15.95400646784046,14.193316564858065,21.39766334919948,25.44353093898745,16.616183470359154,11.272176546949373,97.35208181154127,52.24679029957204
G8V,9955.0,89000.0,6.602641056422569,14.525810324129651,29.29171668667467,42.61704681872749,10.698141637368156,10.698141637368156,12.656956303365144,12.908086388749373,18.483174284279258,12.255148166750377,4.821697639377198,12.970969734403953,21.24768375540457,21.98888202594194,19.209388511426805,97.73982923154195,78.65853658536585
G8W,11010.0,77000.0,11.80773249738767,16.718913270637408,29.780564263322884,36.36363636363637,8.71934604904632,10.036330608537693,12.48864668483197,11.1716621253406,16.802906448683018,14.713896457765669,9.809264305177113,13.094571908226078,21.600447677672076,22.048125349748183,20.369334079462785,97.09355131698456,67.35324407826982
G8Y,33295.0,68000.0,16.270971826527383,18.51851851851852,29.50300728078506,30.13611902500791,11.022676077489113,10.55714071181859,10.87250337888572,10.241778044751463,15.017269860339391,15.362667067127198,12.554437603243732,12.883545666606855,20.724923739458102,21.155571505472814,26.072133500807464,94.15301367803998,60.05692599620494
G8Z,13970.0,47600.0,27.148997134670488,26.07449856733524,28.43839541547278,14.613180515759314,15.891195418754474,14.280601288475303,9.663564781675017,8.231925554760199,11.954187544738726,12.27630637079456,17.78811739441661,17.1889400921659,24.377880184331797,18.70967741935484,21.244239631336406,93.59276729559748,29.53890489913545
G9A,20400.0,42800.0,32.14596003475239,26.585577758470897,25.716768027801912,12.250217202432667,10.294117647058822,14.411764705882351,11.348039215686274,9.632352941176471,14.681372549019608,14.191176470588236,14.705882352941178,24.779800352319437,22.988843217850853,16.236054022313564,15.76629477392836,94.89032901296112,28.751631143975644
G9B,18680.0,87000.0,7.914572864321608,13.693467336683419,30.778894472361806,41.70854271356784,9.555674518201284,10.492505353319057,13.891862955032119,12.714132762312632,15.604925053533192,12.87473233404711,7.334047109207709,13.854235062376889,20.25607353906763,21.96323046618516,22.258699934340118,97.25141471301536,78.6474639949906
G9C,4020.0,97000.0,6.230529595015576,9.968847352024921,28.34890965732087,47.97507788161994,8.955223880597014,12.437810945273633,17.039800995024876,12.56218905472637,14.054726368159203,10.820895522388058,4.228855721393035,8.637873754152823,17.60797342192691,24.086378737541526,30.89700996677741,94.55958549222798,90.76923076923077
G9H,13555.0,75000.0,12.510356255178129,17.978458989229495,29.16321458160729,34.217067108533556,8.594614533382517,12.320177056436739,13.721873847288823,10.992253780892659,15.234230911102914,13.131685724824788,9.111029140538546,16.16022099447514,19.521178637200737,21.2707182320442,17.955801104972377,98.4428408659324,74.89643744821872
G9N,16125.0,44400.0,30.919540229885058,25.17241379310345,27.413793103448274,12.586206896551724,8.310077519379846,9.891472868217054,10.48062015503876,9.829457364341085,17.209302325581397,17.643410852713178,15.565891472868218,26.096572060449684,25.469959454478435,14.817545152967195,10.210099520825654,96.46188485043422,40.945330296127565
G9P,11565.0,61600.0,17.4955595026643,21.49200710479574,31.793960923623445,23.8898756660746,7.565931690445309,9.59792477302205,10.41936878512754,9.900562040639862,18.37440553393861,16.817985300475573,13.575443147427583,16.41321447299423,23.754588358678554,21.394861038280023,13.529103303618248,97.51633986928104,61.517857142857146
G9R,2325.0,83000.0,11.616161616161616,14.646464646464647,29.292929292929294,39.39393939393939,8.817204301075268,9.89247311827957,13.763440860215054,12.903225806451612,19.13978494623656,11.397849462365592,5.376344086021505,17.615176151761517,20.05420054200542,20.59620596205962,15.989159891598916,98.27956989247312,85.5
G9T,15940.0,54000.0,22.625,22.75,30.6875,19.0625,7.340025094102885,9.096612296110413,10.131744040150565,9.974905897114178,18.977415307402758,17.722710163111667,14.491844416562108,23.10577644411103,23.93098274568642,16.579144786196547,10.877719429857464,98.08306709265176,59.59974984365228
G9X,10610.0,60400.0,18.250950570342205,21.482889733840306,29.84790874524715,24.714828897338403,8.105560791705937,9.802073515551367,11.451460885956646,11.16870876531574,18.237511781338362,14.938737040527805,12.441093308199811,24.304783092324804,24.137931034482758,16.796440489432705,9.454949944382648,95.43942992874109,67.67485822306239
H1A,33160.0,73000.0,12.865497076023392,17.475060199518406,31.475748194014447,31.991744066047474,9.7708082026538,11.082629674306393,12.575392038600725,13.329312424607961,18.24487334137515,12.032569360675513,7.795536791314837,20.014839547393805,24.50380263401966,17.028380634390654,16.10090892227787,86.61087866108787,60.1167983510821
H1B,20650.0,65000.0,16.101694915254235,19.809322033898304,31.673728813559322,27.065677966101692,9.588377723970943,13.075060532687651,13.753026634382568,12.179176755447942,16.46489104116223,11.404358353510895,7.457627118644068,24.63300058719906,25.836758661186142,14.856136230182033,12.977099236641221,85.95325953259533,46.76906779661017
H1C,15085.0,107000.0,5.561277033985582,9.577754891864057,23.68692070030896,54.4799176107106,13.556513092475969,11.36890951276102,15.246934040437521,15.74411667219092,14.053695724229367,7.093138879681803,3.480278422273782,17.41207121146331,22.14502822405558,20.10421189752497,20.277898393399912,51.690821256038646,84.52012383900929
H1E,42570.0,76000.0,13.073463268365817,17.511244377811096,28.455772113943027,35.472263868065966,11.827578106647874,10.735259572468875,11.33427296217994,13.789053323937045,14.681700728212357,11.968522433638713,9.830866807610994,24.243697478991596,23.935574229691877,17.170868347338935,15.448179271708684,44.386792452830186,63.519184652278184
H1G,50990.0,57200.0,20.285925560759182,22.726152329307368,32.26522060635938,19.497165393147647,11.38458521278682,12.139635222592664,13.012355363796823,12.453422239654834,12.208276132575016,9.521474798980192,10.394194940184349,30.113708956177337,23.355053021591925,13.785613900600485,12.214130573655297,57.53627480011845,28.508124076809455
H1H,37845.0,55200.0,21.629996901146576,22.7765726681128,32.41400681747753,18.15928106600558,10.70154577883472,12.868278504425948,13.832738803012287,12.590831021270974,12.088783194609592,9.433214427269125,9.208614083762717,26.79628064243449,22.147083685545223,14.454775993237531,16.010143702451394,58.78016085790885,28.13758909203595
H1J,10590.0,68000.0,13.97288842544317,20.229405630865486,31.803962460896766,28.050052137643377,10.292728989612844,10.387157695939566,12.134088762983946,14.44759206798867,13.786591123701605,11.9452313503305,11.048158640226628,16.361556064073227,21.73913043478261,18.02059496567506,25.62929061784897,59.716312056737586,46.77754677754678
H1K,37305.0,76000.0,14.117250673854448,15.970350404312669,29.784366576819405,34.1644204851752,10.85645355850422,11.285350489210561,15.199034981905909,13.148371531966225,12.169950408792388,8.792387079479964,7.679935665460394,17.54508842584486,20.136578532656277,16.21432323586062,27.665907897040796,70.76015367727771,44.32086282440175
H1L,34615.0,61200.0,18.04601135345085,21.15327158649537,31.968927397669557,23.18494173887063,9.706774519716886,14.791275458616207,14.459049544994945,12.335692618806876,14.993499927776977,10.342337137079301,7.597862198468872,20.767335445265754,23.301654347060893,15.857092573037662,20.520943329813445,81.71378091872792,39.70104633781764
H1M,29350.0,65000.0,15.574067366896053,19.992756247736327,31.72763491488591,27.236508511408907,8.926746166950595,10.732538330494037,12.964224872231686,11.362862010221466,13.62862010221465,13.134582623509369,15.025553662691651,17.472953664013062,21.49418248622168,16.77893447642376,28.45478669116146,65.93349497748527,42.702312138728324
H1N,24445.0,58800.0,20.423412204234122,21.378165213781653,30.884184308841846,21.87629721876297,9.224790345673963,16.260994068316627,15.279198200040907,11.802004499897729,12.415626917570055,9.613417876866436,11.3724688075271,17.732115677321154,20.294266869609334,17.250126839167933,26.813800101471337,73.9772247996626,30.903790087463555
H1P,18120.0,67500.0,15.739484396200815,18.588873812754407,31.68249660786974,27.74762550881954,10.43046357615894,10.789183222958057,12.334437086092716,14.348785871964681,12.444812362030905,10.32008830022075,10.099337748344372,23.563218390804597,20.723461798512506,17.00473292765382,21.771467207572684,39.86747653230259,40.40677966101695
H1R,31260.0,70000.0,13.55002110595188,18.74208526804559,33.262980160405235,28.535246939636977,11.084452975047984,10.796545105566219,13.115802943058222,14.107485604606525,11.804222648752399,8.493282149712092,10.60460652591171,24.871742253232096,21.526780217525136,16.519597783706136,20.008208495793145,39.3803178680366,35.557432432432435
H1S,26715.0,62400.0,17.09039548022599,20.998116760828626,33.52165725047081,23.163841807909606,9.5826314804417,10.892756878158337,12.988957514504959,13.063821822945911,11.154781957701667,8.871420550252667,14.897997379749203,22.315065126566726,21.012533792086508,16.293929712460063,23.298107643155568,41.84532924961715,31.943793911007024
H1T,31320.0,58000.0,20.49469964664311,21.747510440089947,29.424991969161578,23.674911660777383,9.642401021711366,13.553639846743296,14.830779054916988,12.180715197956578,12.946998722860792,10.79182630906769,10.26500638569604,15.717054263565892,18.468992248062015,16.531007751937985,32.286821705426355,68.12227074235808,31.032258064516128
H1V,21910.0,59200.0,22.27387996618766,19.568892645815723,29.67032967032967,23.37278106508876,9.310816978548608,23.847558192606115,19.169329073482427,11.75262437243268,11.022364217252397,7.30260155180283,5.682336832496577,14.73996227431959,17.54244139046079,16.653193209377527,36.05497170573969,83.13281434300542,31.53000845308538
H1W,30005.0,56800.0,21.1144578313253,22.048192771084338,31.626506024096386,20.512048192771086,10.198300283286118,29.47842026328945,18.48025329111815,10.298283619396766,9.831694717547075,6.515580736543909,4.199300116647225,13.940092165898617,16.148233486943163,18.049155145929337,37.30798771121352,82.93463611859838,24.58471760797342
H1X,30180.0,56800.0,22.848101265822784,20.348101265822784,28.987341772151897,23.259493670886076,9.82438701126574,17.18025182239894,17.014579191517562,12.524850894632205,12.259774685222,9.791252485089464,6.59377070907886,14.079207920792078,18.11881188118812,16.33663366336634,35.94059405940594,76.08659450457952,30.253968253968257
H1Y,29290.0,62400.0,19.520210318764377,20.144594150509366,27.4071639829116,28.097272428524484,9.064527142369409,17.599863434619323,18.607033117104812,12.307954933424377,11.283714578354386,8.330488221235917,8.006145442130421,11.893907998342312,15.395772896808952,16.307501036054703,42.43680066307501,84.0499306518724,34.0953625081646
H1Z,36490.0,56000.0,20.85998578535892,23.02771855010661,33.08457711442786,17.48400852878465,12.893943546177034,13.68868183063853,14.01753905179501,12.893943546177034,11.633324198410524,7.4266922444505346,6.124965744039463,35.143658023826205,20.8479327259986,12.806587245970569,13.892782060266292,44.95324532453245,26.3963002490217
H2A,19455.0,55200.0,22.958309537407196,21.816105082809823,31.010850942318672,19.41747572815534,11.667951683371884,16.16551015163197,15.214597789771267,12.901567720380363,12.259059367771782,8.147005911076842,7.42739655615523,22.845629262244266,19.807811531308122,15.437073775573465,25.759454432734035,52.837522674267944,33.068633011911515
H2B,18050.0,58400.0,20.73310423825888,21.878579610538374,29.725085910652922,22.79495990836197,9.806094182825484,13.213296398891966,14.930747922437673,13.601108033240997,13.213296398891966,9.806094182825484,8.310249307479225,16.7853509664293,18.61648016276704,17.361817565276365,31.095286537809425,65.67454798331015,32.83582089552239
H2C,17975.0,65500.0,18.88235294117647,18.235294117647058,28.47058823529412,29.823529411764703,9.652294853963838,13.407510431154382,14.325452016689846,12.183588317107093,12.600834492350488,10.70931849791377,11.655076495132127,11.844863731656185,16.3172606568833,16.42208245981831,42.10342417889588,78.79496928926586,38.0479251899474
H2E,23505.0,55600.0,21.437686091025096,23.13908974904296,30.45512547851978,20.204168438962146,12.082535630716869,20.485003190810467,15.847691980429696,11.954903212082536,11.423101467772815,7.657945118059987,5.998723675813657,18.45504222553403,17.262791852955786,16.04570293094883,35.221063089915546,64.7572402044293,26.423109600679695
H2G,22115.0,60800.0,20.541666666666668,19.958333333333332,29.208333333333332,25.791666666666668,8.862762830657925,24.236943251186975,19.10468008139272,11.485417137689351,11.168889893737283,7.347953877458738,4.815735925842189,10.079787234042554,14.893617021276595,16.70212765957447,45.66489361702128,81.65680473372781,30.14950166112957
H2H,14730.0,66000.0,17.91326209930861,17.976115650534254,30.986800754242616,28.032683846637337,10.353021045485404,27.936184657162254,19.24643584521385,11.269517990495586,9.13102511880516,5.668703326544467,3.5641547861507124,7.432703897147448,12.776215347529126,16.472478907191643,52.75210928083568,81.8213296398892,28.544423440453688
H2J,27030.0,70000.0,19.73288814691152,16.293823038397328,26.076794657762935,33.15525876460768,11.154273029966703,28.079911209766927,18.96041435442101,11.524232334443212,9.100998890122087,6.437291897891232,2.737698853126156,5.144897102057959,12.011759764804705,13.334733305333893,61.21377572448551,76.48693718732629,33.82157123834887
H2K,29085.0,54800.0,24.804098854731766,20.88607594936709,29.56600361663653,19.92163954189271,12.205604263365997,28.898057417913016,17.380092831356368,10.520887055183085,10.50369606326285,6.859205776173286,4.074265085095409,12.331924702266615,16.231271609681137,16.44256626968882,42.451018056089126,72.99497661527802,24.07239819004525
H2L,27055.0,57200.0,25.887669464170433,18.592640413169786,25.08069722401549,26.016785022595222,11.439659951949732,27.11143965995195,15.91203104786546,10.700425060062834,11.439659951949732,9.332840510072076,6.505267048604694,7.776376628835645,13.976460697772172,15.279529213955442,52.60613703236654,67.40506329113924,28.277634961439592
H2M,18465.0,70500.0,15.156599552572708,17.841163310961967,30.369127516778523,30.87248322147651,10.804224207961008,16.517736257785,14.270240996479828,11.210398050365557,12.374763065258596,11.291632818846466,9.694015705388573,12.224778179428196,17.581334209661517,17.219848833388106,38.514623726585604,73.93854748603353,40.54963544587773
H2N,6440.0,63600.0,17.66848816029144,20.76502732240437,31.51183970856102,24.225865209471767,11.72360248447205,15.527950310559005,14.98447204968944,12.655279503105591,12.732919254658384,7.375776397515528,8.074534161490684,24.419684308263694,22.934076137418753,16.06313834726091,23.955431754874652,35.14352211016292,40.21739130434783
H2P,14385.0,68500.0,16.532797858099062,17.737617135207497,30.72289156626506,29.852744310575634,10.114702815432743,26.277372262773724,18.526242613833855,10.775112964893987,9.975669099756692,6.534584636774418,4.066736183524505,10.093610093610094,14.57061457061457,14.977614977614978,48.84004884004884,76.08620090371915,32.21250840618695
H2R,22985.0,66000.0,18.980738362760835,18.017656500802566,28.892455858747994,29.052969502407706,8.766586904502937,27.34391994779204,18.968892756145312,10.593865564498586,9.440939743310855,7.222101370458995,5.155536219273439,10.39255158530448,11.499748364368395,14.066431806743834,53.92551585304479,75.02728661864222,32.06938281565147
H2S,27215.0,65500.0,19.189907038512615,18.293492695883135,28.286852589641438,29.316069057104915,8.598199522322249,29.85485945250781,20.30130442770531,10.674260518096638,8.543082858717618,6.430277420540144,4.133749770347235,8.20675105485232,11.856540084388186,14.59915611814346,56.075949367088604,74.87493051695387,30.1128818061089
H2T,16300.0,67500.0,20.63867534003548,16.20342992312241,26.78888231815494,31.105854523950327,12.423312883435583,23.83435582822086,17.36196319018405,11.411042944785276,9.969325153374232,7.791411042944785,5.214723926380368,9.49740034662045,13.864818024263432,13.032928942807626,55.875216637781634,56.75260896255372,32.263710618436406
H2V,31995.0,90000.0,12.968072526606228,13.125739061884115,23.847063460780447,45.092629089475764,14.486638537271448,13.939678074699172,12.29879668698234,11.12673855289889,9.188935771214252,8.220034380371933,8.204406938584153,10.584018553658023,16.424204090238245,12.924309508749737,53.636938646426316,48.56642242752469,47.46709214200239
H2W,11510.0,56800.0,27.33224222585925,17.430441898527004,24.386252045826513,26.595744680851062,22.19808861859253,24.19635099913119,14.422241529105126,10.425716768027801,9.383145091225021,6.125108601216334,4.952215464813206,7.848837209302325,18.120155038759687,14.098837209302326,52.56782945736435,50.912250217202434,30.295566502463057
H2X,21545.0,40800.0,38.108213312572985,19.85208252238225,22.460101206695214,16.58232775398988,23.741007194244602,26.409839870039452,12.137386864701787,8.261777674634487,9.538175910884195,8.122534230679971,6.8925504757484335,6.756756756756757,20.482246952835187,10.757816640169581,55.43190249072602,37.78846153846154,17.045454545454543
H2Y,3725.0,89000.0,17.880794701986755,11.258278145695364,21.63355408388521,45.033112582781456,6.577181208053691,20.671140939597315,16.375838926174495,14.630872483221477,16.241610738255034,11.543624161073826,7.919463087248323,3.74251497005988,13.77245508982036,13.77245508982036,59.73053892215569,49.93160054719562,51.598173515981735
H2Z,3755.0,60400.0,29.850746268656714,14.712153518123666,20.042643923240938,31.556503198294244,12.250332889480692,31.29161118508655,14.780292942743008,9.454061251664447,10.386151797603196,8.255659121171771,8.788282290279627,9.601181683899556,12.703101920236337,10.487444608567207,61.15214180206795,36.265223274695536,16.877637130801688
H3A,4360.0,36400.0,44.96268656716418,14.17910447761194,18.097014925373134,19.776119402985074,31.30733944954128,26.605504587155966,9.977064220183486,6.192660550458716,7.568807339449542,5.963302752293578,5.848623853211009,2.9629629629629632,21.48148148148148,10.37037037037037,60.98765432098765,21.788990825688074,27.011494252873565
H3B,1900.0,49200.0,37.44493392070485,13.656387665198238,19.823788546255507,26.431718061674008,23.684210526315788,32.10526315789474,15.0,8.947368421052632,8.157894736842106,3.684210526315789,1.3157894736842104,4.037267080745342,19.25465838509317,12.732919254658384,58.38509316770186,24.47368421052632,49.282296650717704
H3C,18585.0,84000.0,16.413237924865832,11.31484794275492,26.118067978533094,40.742397137745975,11.272531611514662,36.40032284100081,19.504977132095778,9.416195856873824,8.635996771589992,4.9502286790422385,2.0984665052461664,3.0534351145038165,9.893129770992367,12.977099236641221,67.41984732824427,43.12617702448211,45.925258892390815
H3E,21565.0,93000.0,11.570247933884298,12.542537676227516,24.210014584346133,46.86436558094312,7.558543936934849,10.062601437514491,15.233016461859494,13.749130535590076,13.749130535590076,13.563644794806399,11.175515882216555,5.490196078431373,12.212885154061624,15.238095238095239,58.123249299719895,49.60187353629977,57.518248175182485
H3G,11425.0,49200.0,36.0,14.618181818181819,20.727272727272727,25.527272727272727,23.544857768052516,26.17067833698031,10.678336980306344,7.702407002188185,8.752735229759299,8.49015317286652,8.446389496717725,3.3444816053511706,17.630195891065455,11.466794075489728,61.63401815575729,21.13785557986871,32.35294117647059
H3H,20690.0,40800.0,38.517618469015794,20.008100445524505,23.248278655326043,15.309842041312272,22.184630256162396,32.334461092315124,12.614789753504107,7.032382793620107,6.114064765587241,7.008216529724505,6.52489125181247,4.491786447638604,18.17248459958932,13.193018480492814,57.82854209445585,17.61143410852713,14.722222222222223
H3J,11915.0,69000.0,22.933333333333334,14.57777777777778,24.444444444444443,33.24444444444444,11.540075535039866,19.051615610574906,15.02308015107008,11.246328157784305,13.134704154427194,8.854385228703315,6.294586655476291,14.609571788413097,18.53904282115869,13.753148614609573,43.5264483627204,39.92197659297789,36.19631901840491
H3K,15275.0,64500.0,22.08040842373963,17.03892788768347,25.845564773452455,30.50414805360562,8.739770867430442,23.109656301145662,17.97054009819967,11.653027823240588,11.88216039279869,7.855973813420622,4.091653027823241,17.17408274785324,16.354410616705696,13.427010148321624,42.62295081967213,52.84391534391535,34.480560866794136
H3L,20995.0,63600.0,19.421906693711968,18.711967545638945,26.97768762677485,30.324543610547668,10.8359133126935,16.146701595618005,16.00381043105501,12.431531316980234,12.836389616575374,9.025958561562277,6.406287211240771,11.75768427335124,14.831393613846613,15.21933751119069,45.80722172485825,71.79930795847751,35.876705406771094
H3M,15840.0,65000.0,19.147286821705425,19.302325581395348,27.209302325581397,29.224806201550386,11.237373737373737,9.943181818181818,12.468434343434344,13.88888888888889,12.5,9.595959595959595,14.520202020202019,20.831683168316832,20.95049504950495,15.564356435643564,29.74257425742574,36.4390555201021,44.92979719188768
H3N,29080.0,48000.0,27.09179528838343,24.898456539398865,30.544272948822094,13.119415109666937,13.531636863823934,17.606602475928472,15.440165061898211,12.207702888583219,10.247592847317744,7.582530949105914,7.548143053645116,32.30800990916598,25.598678777869527,11.705202312138727,21.841453344343517,17.412250516173433,19.93503857084856
H3P,10175.0,136000.0,10.0,8.378378378378379,16.756756756756758,60.810810810810814,13.267813267813267,7.076167076167077,12.481572481572481,14.791154791154792,12.432432432432433,9.680589680589682,10.515970515970515,7.318573185731856,13.591635916359163,11.808118081180812,60.332103321033216,47.581047381546135,66.80053547523427
H3R,10110.0,123000.0,10.70931849791377,9.735744089012517,18.35883171070932,57.02364394993046,13.798219584569733,6.132542037586548,12.80909990108803,14.540059347181009,11.968348170128586,8.852621167161226,11.918892185954501,8.588158750813273,12.556929082628496,12.752114508783343,59.4014313597918,42.498719918074755,62.58790436005626
H3S,33620.0,54800.0,24.197363974315646,21.52754308888138,28.928692125718147,20.581277458600876,16.061867935752527,17.162403331350387,14.678762641284948,11.451516954193933,9.830458060678168,7.004759071980963,6.469363474122545,12.93795620437956,20.529197080291972,14.434306569343066,41.64233576642336,31.398653702318626,17.854718262050238
H3T,13010.0,47600.0,32.104454685099846,20.276497695852534,24.65437788018433,19.431643625192013,25.55726364335127,21.406610299769408,11.913912375096078,8.608762490392007,7.840122982321292,6.879323597232897,7.455803228285935,5.3064958828911255,14.45562671546203,16.37694419030192,55.94693504117109,56.28220372572335,15.247678018575852
H3V,6735.0,50000.0,28.05486284289277,21.94513715710723,30.174563591022448,16.33416458852868,16.70378619153675,22.271714922049,14.179658500371195,8.760207869339272,9.131403118040089,8.68596881959911,12.323682256867112,5.117790414297319,13.403736799350122,14.703493095044678,58.570268074735985,44.98886414253897,9.363295880149813
H3W,30765.0,61600.0,21.605667060212514,18.732782369146005,30.853994490358126,23.770169224714678,14.740776856817813,15.748415407118479,14.106939704209328,12.237932715748416,11.035267349260524,8.74370225906062,7.768568178124492,12.948090107737512,21.253672869735553,15.84720861900098,39.843290891283054,20.94206466436895,21.156832298136646
H3X,24215.0,75500.0,16.864608076009503,15.534441805225654,25.795724465558195,36.91211401425178,13.11170761924427,14.268015692752426,13.380136279165805,12.07928969646913,11.955399545736114,10.097047284740864,9.395003097253769,8.7173100871731,18.08219178082192,15.965130759651307,48.81693648816937,22.041666666666668,41.12903225806452
H3Y,9565.0,240000.0,7.007299270072993,4.817518248175182,10.218978102189782,76.05839416058394,15.525352848928383,6.2205959226346055,9.513852587558807,14.532148457919497,15.9958180867747,11.70935703084161,8.991113434396237,5.115408608858391,11.915159076731129,12.102308172177167,66.8122270742358,19.13225300575013,84.92753623188406
H3Z,11545.0,79500.0,16.808149405772497,14.68590831918506,23.599320882852293,40.57724957555178,10.783889129493287,11.26028583802512,10.870506712862712,10.39411000433088,11.779991338241663,13.382416630576008,20.095279341706366,5.041152263374485,16.152263374485596,12.5,60.288065843621396,16.497573886193205,34.13173652694611
H4A,26360.0,78000.0,16.783505154639176,15.216494845360826,24.082474226804123,39.01030927835051,13.106980273141122,15.686646433990894,14.624430955993931,13.201820940819422,11.779210925644916,9.578907435508347,6.790591805766312,6.781975421028676,15.065999089667729,15.543923532089213,55.07510241238052,32.02915228231684,44.42157266364759
H4B,20935.0,51200.0,27.363420427553443,21.425178147268408,26.22327790973872,21.187648456057005,11.917840936231192,15.81084308574158,16.121327919751614,13.470265106281348,11.20133747313112,9.362311917840936,7.2605684260807255,9.696796338672769,19.107551487414188,15.98970251716247,45.90961098398169,19.422189851905802,24.01331431288635
H4C,17300.0,64500.0,20.65331928345627,17.755532139093784,28.714436248682823,27.713382507903056,10.144508670520231,30.404624277456648,17.485549132947977,9.768786127167632,8.988439306358382,6.618497109826589,5.8381502890173405,12.769485903814262,15.887230514096185,15.124378109452735,46.500829187396356,50.557839107457426,28.465998945703742
H4E,30155.0,59200.0,19.823489477257297,21.58859470468432,30.074677528852682,23.319755600814666,10.213894876471564,18.91891891891892,15.420328303763887,11.838832697728403,12.833692588293816,9.749626927541039,6.980600232133974,18.165750196386487,21.563236449332283,15.082482325216025,31.186174391201888,56.68672684720829,34.30508474576271
H4G,29860.0,61200.0,19.481340923466163,19.797596457938013,31.404174573055027,24.003795066413662,8.305425318151373,27.076356329537845,18.41929002009377,10.649698593436034,10.632953784326858,7.434695244474213,5.659745478901541,13.687694704049843,16.335669781931465,15.342679127725855,42.912772585669785,59.3691389599318,26.599432713520326
H4H,18935.0,71000.0,15.281650864472951,17.345231455660905,29.838259899609593,32.01338538761851,8.449960390810668,16.1605492474254,16.87351465540005,12.014787430683919,13.546342751518353,9.875891206759968,7.050435701082651,15.096774193548388,19.193548387096772,17.612903225806452,35.193548387096776,63.807475127722505,33.87458006718925
H4J,18075.0,58000.0,22.872702518720217,20.626276378488768,27.978216473791694,23.349217154526887,11.147994467496543,13.056708160442602,15.103734439834025,13.692946058091287,10.926694329183956,7.053941908713693,8.105117565698478,19.71626045834849,19.53437613677701,15.532921062204439,31.538741360494726,46.39463387367244,31.926480599046968
H4K,11320.0,90000.0,12.234706616729088,14.481897627965044,23.470661672908864,44.818976279650435,11.439929328621908,9.408127208480565,11.351590106007068,13.38339222614841,12.146643109540637,10.954063604240282,13.38339222614841,16.911764705882355,19.457013574660635,15.780542986425338,36.93438914027149,37.16305788775961,62.889165628891654
H4L,36215.0,67500.0,16.472663139329807,18.659611992945326,30.758377425044092,28.536155202821867,12.508629021123843,13.102305674444292,13.765014496755487,12.715725528096092,11.431727184868148,8.98798840259561,9.678310092503107,17.087845968712394,20.079078562833075,16.0220044696579,34.485129791989,34.068080357142854,43.37561663143059
H4M,12470.0,85000.0,11.450381679389313,15.04907306434024,26.935659760087237,40.89422028353326,13.552526062550122,12.068965517241379,13.2317562149158,13.51242983159583,11.668003207698478,9.663191659983962,7.497995188452286,12.605459057071961,20.0,16.377171215880892,40.198511166253105,27.557160048134776,58.142076502732245
H4N,30200.0,61600.0,19.05550952775476,19.925434962717482,34.67274233637117,20.671085335542667,12.417218543046356,13.940397350993377,15.612582781456954,13.211920529801324,10.215231788079471,7.0198675496688745,7.251655629139073,18.103629116844978,20.68386826096077,15.208726662471156,33.354310887350536,30.943708609271525,29.251137774100123
H4P,9110.0,65500.0,19.977426636568847,17.042889390519186,30.474040632054177,27.65237020316027,13.391877058177826,23.600439077936333,17.56311745334797,11.251372118551043,9.604829857299672,5.598243688254665,3.8968166849615806,8.602846054333764,16.558861578266495,15.071151358344114,50.77619663648124,27.347611202635914,39.97722095671982
H4R,31130.0,89000.0,11.500412201154163,13.107996702390768,26.009892827699915,43.981863149216814,10.986186957918406,11.869579184066817,15.724381625441698,15.114037905557339,11.114680372630904,7.789913266945068,7.372309669129456,11.47239263803681,18.56850715746421,15.807770961145195,45.39877300613497,28.11336032388664,61.13861386138614
H4S,565.0,106000.0,6.976744186046512,16.27906976744186,16.27906976744186,55.81395348837209,8.849557522123893,9.734513274336283,13.274336283185843,19.469026548672566,14.15929203539823,7.079646017699115,3.5398230088495577,15.306122448979592,15.306122448979592,13.26530612244898,44.89795918367347,32.743362831858406,81.81818181818183
H4T,,,,,,,,,,,,,,,,,,,
H4V,20700.0,59600.0,20.969498910675384,21.0239651416122,27.832244008714596,25.10893246187364,12.51207729468599,11.690821256038648,13.18840579710145,13.236714975845409,11.884057971014492,10.096618357487923,10.772946859903382,14.849734826163818,20.830878020035357,16.26399528579847,37.566293459045376,16.427703523693804,34.95092693565976
H4W,26360.0,75500.0,15.873015873015872,16.433239962651726,26.28384687208217,36.507936507936506,10.944613050075873,9.787556904400606,12.34825493171472,11.001517450682853,9.844461305007588,11.760242792109256,15.515933232169953,9.99517141477547,21.1733462095606,16.36890391115403,42.322549492998554,17.073170731707318,50.326797385620914
H4X,6465.0,105000.0,10.453648915187378,11.834319526627219,21.301775147928996,51.67652859960552,12.915699922660478,9.280742459396752,13.302397525135346,13.68909512761021,13.766434648105182,10.904872389791183,7.733952049497293,9.742120343839542,16.523400191021967,15.18624641833811,50.90735434574975,13.090627420604184,65.8051689860835
H7A,21640.0,101000.0,5.361930294906166,9.919571045576408,26.675603217158177,50.87131367292225,12.222735674676526,11.021256931608132,14.140480591497228,14.926062846580407,14.302218114602589,8.341035120147874,4.690388170055453,17.402597402597404,23.174603174603174,18.4992784992785,19.22077922077922,70.27276930189551,87.97595190380761
H7B,2955.0,98000.0,5.188679245283019,9.433962264150944,27.830188679245282,48.113207547169814,10.490693739424705,10.152284263959391,12.013536379018612,14.551607445008461,14.551607445008461,11.505922165820643,7.952622673434856,17.59465478841871,23.385300668151448,16.70378619153675,21.158129175946545,85.59027777777779,87.26415094339622
H7C,8820.0,72000.0,13.105413105413104,19.37321937321937,29.48717948717949,33.33333333333333,11.224489795918368,11.621315192743765,13.151927437641723,14.342403628117914,14.285714285714285,9.467120181405896,9.920634920634921,20.058997050147493,24.926253687315633,16.371681415929203,18.51032448377581,68.76528117359413,52.991452991452995
H7E,26590.0,100000.0,7.044334975369458,12.364532019704432,25.07389162561576,50.04926108374384,12.65513350883791,10.191801429108688,11.282437006393382,14.55434373824746,15.174877773599096,10.323429860849943,8.988341481760061,13.69644484958979,21.216955332725615,18.527803099361893,30.264357338195076,59.47477800869072,77.77230162641695
H7G,22050.0,72000.0,13.774104683195592,17.741046831955924,30.964187327823687,31.40495867768595,10.249433106575964,11.859410430839002,12.879818594104309,12.063492063492063,13.46938775510204,10.0,12.811791383219957,18.86244921648288,20.48752176436448,16.45385954730122,24.347069065583284,71.3669391462307,50.69175428887659
H7H,13865.0,103000.0,5.677290836653386,9.362549800796813,26.79282868525896,51.69322709163347,12.297151099891813,10.710421925712225,14.5329967544176,15.290299314821493,15.146051208077893,7.753335737468446,4.29138117562207,15.325497287522605,19.349005424954793,21.112115732368895,24.005424954792044,73.16455696202532,84.53093812375249
H7J,2160.0,95000.0,6.2857142857142865,12.0,29.142857142857142,47.42857142857143,9.722222222222223,7.87037037037037,12.268518518518519,14.583333333333334,19.675925925925927,12.037037037037036,7.87037037037037,11.594202898550725,24.347826086956523,20.0,21.44927536231884,84.14918414918415,89.08045977011494
H7K,22475.0,104000.0,6.333739342265529,10.71863580998782,24.238733252131546,52.436053593179054,13.03670745272525,10.389321468298109,12.080088987764183,15.239154616240267,16.373748609566185,9.96662958843159,6.25139043381535,14.632829373650107,21.598272138228943,20.05939524838013,26.214902807775374,60.61013907581875,84.48905109489051
H7L,37890.0,107000.0,6.565842862412394,9.406123201770564,23.386204352637403,54.26042050903725,13.262074425969914,8.920559514383744,14.106624439166007,16.36315650567432,14.09342834520982,7.825283716020058,5.581947743467933,13.207231335788416,19.14964847673251,20.338131904921326,30.482089052561097,73.34311241498867,80.74511250461084
H7M,27730.0,86000.0,9.552941176470588,15.482352941176469,27.435294117647057,41.78823529411765,10.782545979084023,10.926794085827623,11.684096646231518,12.170934006491164,16.516408222142083,11.521817526144968,11.684096646231518,18.47801829948672,23.030573532693595,18.812765007810757,21.222941307743806,61.335740072202164,69.29948283968031
H7N,44645.0,65000.0,16.359616801768606,19.896831245394253,31.908621960206336,25.890444608204373,10.34830328144249,16.172023742860343,14.234516743196327,11.871430171351776,12.274610818680703,9.754731772874901,10.101915108074811,17.781113537117903,20.715065502183407,16.58024017467249,27.046943231441052,66.28693886758403,39.52462631707915
H7P,37455.0,92000.0,8.405999302406697,12.696198116498081,27.86885245901639,44.541332403208926,11.974369243091711,10.479241756774796,12.681884928580963,14.684287812041116,14.670938459484715,10.225604058203178,7.982912828727806,16.685584562996596,24.16085616993676,18.712502026917463,21.955569969190854,63.61932806853166,75.52374301675978
H7R,31005.0,94000.0,8.174144824522434,12.039093736117282,27.05464238116393,46.02398933807197,11.498145460409612,10.224157393968715,13.659087243992904,15.013707466537655,15.062086760199966,8.514755684567005,7.369779067892275,18.401639344262293,23.094262295081965,18.135245901639344,19.836065573770494,64.68480208503013,82.21431747443309
H7S,7750.0,69000.0,13.713405238828969,19.72265023112481,31.2788906009245,29.121725731895225,11.870967741935484,13.032258064516128,12.580645161290322,13.225806451612904,14.129032258064516,8.38709677419355,9.483870967741934,17.176470588235293,22.03921568627451,16.392156862745097,26.666666666666668,57.72727272727273,48.69029275808937
H7T,28210.0,81000.0,10.221835580687255,15.789473684210526,30.44802087864289,37.1900826446281,10.669975186104217,12.743707904998228,12.637362637362637,13.310882665721374,14.25026586316909,11.130804679191776,10.244594115561858,17.72668672110013,21.852170176192523,17.468844005156857,27.4172754619682,42.56475276218076,61.17903930131005
H7V,23240.0,56000.0,23.997944501541625,20.65775950668037,31.294964028776977,19.373072970195274,10.176419965576592,11.940619621342513,11.983648881239242,11.61790017211704,12.521514629948365,10.929432013769363,13.876936316695353,26.008230452674898,24.0877914951989,14.238683127572017,20.054869684499312,45.42490762877635,34.35897435897436
H7W,42580.0,71000.0,13.808397397989355,18.953282081608517,30.573625073920756,30.81017149615612,11.002818224518553,11.202442461249412,11.672146547674965,12.775951150775011,12.99906059182715,11.707374354156881,13.17519962423673,24.71846846846847,24.61993243243243,15.104166666666666,21.00225225225225,30.031948881789138,59.78710821998817
H7X,27330.0,107000.0,6.6526977475117866,10.00523834468308,23.834468308014667,53.79779989523311,13.84924990852543,9.275521405049396,13.154043175997074,16.611781924624953,14.56275155506769,7.976582510062203,6.4581046469081596,15.711687130513871,21.941791723510686,18.55388813096862,29.786266484765804,44.038390550018455,79.44269190325971
H7Y,9980.0,129000.0,3.687315634218289,6.637168141592921,18.58407079646018,65.04424778761062,14.07815631262525,7.464929859719439,14.478957915831664,19.438877755511022,13.026052104208416,6.763527054108216,3.7575150300601203,11.648079306071871,17.71995043370508,19.26889714993804,39.90086741016109,55.21042084168337,92.12827988338192
H8N,33205.0,65000.0,16.896429833863554,20.0424178154825,31.35383527748321,25.874867444326615,12.09155247703659,15.223610901972595,13.040204788435478,12.678813431712092,11.609697334738744,10.073784068664358,10.826682728504743,17.939835916134914,25.706472196900638,16.536007292616226,25.979945305378305,26.75101671938545,44.734982332155475
H8P,22980.0,65000.0,17.470167064439142,19.28400954653938,30.214797136038186,28.353221957040574,9.508268059181898,11.879895561357703,13.25065274151436,12.641427328111401,14.1644908616188,11.684073107049608,11.705831157528285,17.732013907461887,24.953196041722386,15.833110457341535,25.30088258892752,46.37777777777778,38.70043000477783
H8R,31490.0,62000.0,18.566176470588236,20.330882352941178,32.20588235294118,23.455882352941178,12.448396316290886,13.369323594791998,14.147348364560179,12.940616068593206,13.14703080342966,9.14576055890759,6.922832645284218,21.129788897576233,25.840500390930416,17.12275215011728,21.59890539483972,37.21786457499599,32.25450533284296
H8S,25685.0,60400.0,19.338203695745595,21.14310270734852,31.542758917060592,22.561237645036528,10.395172279540589,15.281292583219777,14.093829083122444,12.088767763285965,13.217831419116216,8.993576017130621,10.16157290247226,18.8598694123556,23.405323957810147,14.992466097438474,23.78201908588649,53.70370370370371,34.48127421437796
H8T,15270.0,79000.0,14.484272128749085,15.80102414045355,25.457205559619606,39.64886613021215,10.019646365422396,9.85592665356909,14.210870988867061,14.472822527832353,15.324165029469548,11.165684348395546,8.02226588081205,12.380191693290735,20.12779552715655,17.292332268370608,37.57987220447284,49.434464404524284,58.74177029992684
H8Y,19915.0,75500.0,13.639344262295083,16.19672131147541,29.63934426229508,34.75409836065574,12.703991965854883,11.373336680893798,13.582726587998994,13.08059251820236,13.356766256590511,9.942254581973387,6.502636203866433,14.121663563004343,25.41899441340782,17.411545623836126,29.608938547486037,33.417402269861284,55.10071474983755
H8Z,15125.0,85000.0,10.195035460992907,14.27304964539007,28.45744680851064,40.86879432624114,12.429752066115702,10.677685950413224,12.033057851239668,13.520661157024794,14.776859504132231,11.37190082644628,8.694214876033058,14.67631684760756,24.48733413751508,18.25492561318858,29.3124246079614,22.895957587806496,78.48214285714286
H9A,15270.0,108000.0,10.256410256410255,10.256410256410255,20.417853751187085,53.941120607787276,13.555992141453832,10.183366077275705,12.14800261951539,13.817943680419123,14.243614931237722,11.329404060248855,7.072691552062868,10.515713134568896,20.789685737308623,19.78243352135375,40.16921837228042,13.392563343205003,79.59770114942529
H9B,21105.0,87000.0,10.224274406332453,14.116094986807386,27.242744063324537,42.28232189973615,12.79317697228145,11.300639658848615,12.082444918265814,12.485193082208006,13.480217957829899,11.608623548922056,9.594882729211088,15.484429065743946,24.048442906574394,18.31026528258362,31.28604382929642,13.782432754106166,70.61143984220908
H9C,11725.0,116000.0,5.797101449275362,8.695652173913043,21.135265700483092,58.81642512077294,13.219616204690832,8.699360341151385,11.812366737739872,14.968017057569297,17.270788912579956,11.599147121535182,5.884861407249467,10.708742886704604,22.659079151577856,18.727366787377132,34.86808070356958,44.12147505422993,87.06586826347305
H9E,3190.0,103000.0,8.29875518672199,12.033195020746888,21.16182572614108,52.282157676348554,12.068965517241379,8.77742946708464,12.539184952978054,15.047021943573668,17.0846394984326,11.285266457680251,5.799373040752351,13.345864661654137,25.375939849624064,18.984962406015036,28.007518796992482,42.362204724409445,84.71074380165288
H9G,15345.0,94000.0,8.188153310104529,12.543554006968641,26.742160278745647,46.25435540069686,12.41446725317693,10.426849136526556,11.827956989247312,13.131313131313133,14.597588791137179,12.77289019224503,9.644835451287065,12.38022230739747,21.73246454580299,18.934457646607896,35.45419701034879,13.843648208469055,75.36988685813752
H9H,25095.0,87000.0,10.666666666666668,13.493333333333332,27.413333333333334,42.82666666666667,12.372982665869694,9.962143853357244,12.133891213389122,13.18987846184499,15.6804144251843,11.297071129707113,10.0418410041841,12.993096646942801,22.682445759368836,18.713017751479292,33.11143984220907,19.357479025987313,69.53250940354648
H9J,21395.0,109000.0,7.03851261620186,10.292164674634794,22.90836653386454,54.24966799468791,13.905118018228556,8.459920542182752,12.315961673288152,14.699696190698761,17.036690815611124,10.586585650853003,6.356625379761627,10.059338796270133,21.588019214467362,19.836111896015822,38.457191296976546,16.5884561238855,83.5978835978836
H9K,8900.0,113000.0,7.43801652892562,9.75206611570248,20.66115702479339,57.190082644628106,15.730337078651685,9.775280898876403,11.685393258426966,17.359550561797754,16.91011235955056,6.460674157303371,5.224719101123595,11.280276816608996,20.0,18.131487889273355,41.660899653979236,20.730337078651687,75.24752475247524
H9P,3835.0,89000.0,9.900990099009901,14.19141914191419,27.722772277227726,40.92409240924093,10.691003911342895,11.994784876140809,13.298565840938723,13.298565840938723,16.94915254237288,11.082138200782268,6.910039113428944,13.679245283018867,28.459119496855344,18.39622641509434,26.729559748427672,18.03921568627451,76.74418604651163
H9R,26005.0,93000.0,10.181451612903226,13.004032258064516,24.949596774193548,46.068548387096776,10.70947894635647,8.921361276677562,12.151509325129782,12.382234185733513,14.497212074601038,10.978657950394155,15.112478369544318,9.795213422156428,22.15642733777449,19.615099925980754,39.00814211695041,15.413094310210445,70.53481331987891
H9S,22985.0,79500.0,12.423529411764706,16.517647058823528,27.105882352941173,39.05882352941176,10.593865564498586,10.702632151403089,11.463998259734609,13.095497063302153,15.53186860996302,13.487056776158365,12.181857733304328,9.582059123343527,21.89092762487258,18.730886850152906,38.17533129459735,24.59775181838219,59.10588235294117
H9W,19275.0,138000.0,5.329385640266469,6.9578090303478906,17.912657290895634,65.50703182827536,14.007782101167315,6.1738002594033725,11.880674448767833,15.252918287937744,15.149156939040207,10.557717250324254,8.975356679636835,7.064868336544637,15.992292870905588,18.914579319203597,50.83493898522801,16.671028526563727,89.62962962962962
H9X,9740.0,104000.0,10.568031704095112,10.83223249669749,21.136063408190225,52.443857331572,14.835728952772072,10.215605749486652,9.342915811088295,13.70636550308008,15.862422997946613,11.344969199178646,12.679671457905545,7.391304347826087,18.633540372670808,18.757763975155278,45.962732919254655,20.618007458710707,71.73051519154558
J0A,19150.0,69000.0,14.08621736490589,19.79356405585914,31.633272616879175,28.051001821493628,9.216710182767624,10.234986945169714,12.637075718015666,11.984334203655353,16.344647519582246,13.707571801566578,7.624020887728459,25.515886013756962,19.620045856534556,17.130691123485096,10.645266950540453,96.22989717901397,78.39318320146074
J0B,65700.0,71000.0,13.79065221254665,18.92660387417807,30.495823707126355,30.851252887862096,8.82800608828006,10.053272450532724,12.123287671232877,11.659056316590563,17.00152207001522,14.292237442922373,8.668188736681888,22.620728607737927,21.877059211145628,14.986350371834698,16.200696601713265,82.93955200981897,79.9146059420032
J0C,23445.0,71500.0,13.227783452502553,18.84576098059244,30.643513789581206,30.541368743615934,9.46896992962252,11.750906376626148,13.584986137769247,11.942844956280657,15.12049477500533,11.921518447430156,7.1443804649178935,24.764214497440044,20.91080571274589,17.515494475882512,9.431420102398276,98.08643302515588,78.67007672634271
J0E,51895.0,74000.0,13.241319818848392,17.338796635755877,30.3860254474876,33.01703687729135,7.919838134695058,9.788997013199731,11.783408806243376,11.292031987667405,18.479622314288466,15.89748530686964,9.085653723865498,20.22276366167769,23.48300266852303,16.103956375449588,18.923308968557837,82.0007762468465,78.49439171699741
J0G,18625.0,66000.0,16.068275456150676,20.011771630370806,30.959387875220717,27.133608004708655,8.429530201342281,10.442953020134228,11.651006711409396,12.18791946308725,18.14765100671141,15.248322147651006,8.456375838926174,26.35092180546726,20.62937062937063,16.1474888747616,8.741258741258742,98.09191077667295,79.39964685108887
J0H,52945.0,75000.0,11.562004080707322,17.955112219451372,31.104058036726368,33.00838812060757,9.982056851449618,11.370289923505524,13.344036264047595,12.541316460477855,15.629426763622629,11.70082160732836,6.553971102087071,26.344275797152605,22.649723496881986,16.67254971173079,8.706906694905282,97.80490112593434,75.37414965986395
J0J,42140.0,77000.0,11.947027331642717,16.765285996055226,30.853761622992394,33.86869540715695,8.602278120550546,11.651637399145704,12.13811105837684,11.93640246796393,17.42999525391552,12.992406264831512,7.819174181300427,23.85107620709715,24.476439790575917,15.823152995927863,11.460151250727167,88.75267793382527,81.16023655308365
J0K,149240.0,65000.0,15.988978254393803,20.36044086982425,31.590705987488832,26.355376824545722,7.9469311176628255,11.005762530152774,11.622219244170463,11.618868935942107,18.852184400964887,14.731305280085769,8.513133208255159,25.4300400696159,24.086291334439633,14.591006597320597,9.997166794835472,95.6229297640776,75.98123184627988
J0L,83315.0,86000.0,9.675003744196495,13.973341320952523,29.204732664370226,40.60206679646548,9.314049090799976,13.743023465162334,14.877273000060013,12.032647182380124,14.193122486947129,10.184240532917242,6.199363860049211,23.269378357636224,23.231005372217957,16.930161166538756,12.095165003837298,93.91969177051351,76.79988025744649
J0M,25105.0,102000.0,7.900677200902935,9.631301730624529,24.604966139954854,51.16629044394282,17.14797849034057,15.395339573790082,11.133240390360486,10.555666201951801,7.528380800637323,3.8637721569408487,1.5335590519816769,54.98957402442657,18.856121537086683,9.442955019362525,5.481084301459636,2.7372627372627374,6.1607813673929375
J0N,52115.0,88000.0,8.419753086419753,13.703703703703704,29.1358024691358,41.92592592592593,9.699702580830854,11.944737599539481,15.974287633119063,12.971313441427611,14.285714285714285,9.488630912405258,4.998560874988008,20.14060187469166,23.53231376418352,16.872224962999507,14.220522940305871,90.92941862726035,79.62962962962963
J0P,42965.0,86000.0,10.300308728599495,14.313780522031996,28.346898680886895,40.86444007858546,9.519376236471548,10.985686023507506,12.929128360293262,13.103689049226114,15.722099383218898,12.265797742348424,7.808681484929594,17.331993107409534,24.612291786329695,18.624353819643883,17.604824813325674,75.85560243788092,79.06846240179574
J0R,39045.0,84000.0,10.655964572377526,15.44422917243288,27.705507888181568,40.07749792416275,7.92675118453067,8.131642976053271,11.000128057369702,13.03624023562556,19.759252144960943,16.685875272121912,9.757971571263926,12.221391174270755,23.455497382198953,20.359012715033657,24.457741211667912,88.88746145940391,79.0420819490587
J0S,34120.0,70000.0,14.411366711772667,19.01217861975643,30.818673883626523,30.006765899864686,8.61664712778429,11.972450175849941,11.532825322391558,11.430246189917936,17.23329425556858,13.423212192262602,8.748534583821806,24.08367602360093,24.584301805828716,16.860361165742894,10.763454317897372,75.85189555981708,74.45008460236888
J0T,51465.0,62400.0,17.822162473593238,20.47244094488189,31.534472825043213,24.9279815632802,5.955503740406101,7.956863888079277,10.414845040318662,11.85271543767609,23.2293791897406,18.91576799766832,10.142815505683474,19.81417217060338,23.855367737602148,16.00806000223889,16.646143512817645,92.06364797171202,79.84227736103097
J0V,27295.0,63600.0,17.195972114639815,20.75910147172734,31.099922540666153,25.135553834237022,7.25407583806558,8.976002930939734,10.05678695731819,12.090126396775966,20.864627221102765,17.750503755266532,10.05678695731819,23.93289445742196,25.1221066043746,15.035039286472712,11.849649607135273,88.66568374493181,77.35124760076776
J0W,16610.0,57200.0,19.17639827904118,24.09342347879533,31.161647203441916,20.71296865396435,6.5322095123419635,8.037326911499097,9.63275135460566,10.806742925948223,21.884406983744732,20.409391932570742,10.98735701384708,29.688581314878892,21.10726643598616,13.01038062283737,8.477508650519031,96.83066706912165,80.11083743842364
J0X,48485.0,69000.0,16.800550837732384,18.338306173972917,28.345191645627725,31.099380307551066,8.208724347736414,9.817469320408375,10.559967000103125,12.488398473754769,19.655563576363825,15.582138805816232,8.724347736413323,26.906050172159368,25.84849975405804,17.36350221347762,12.161829808165272,58.529747689751844,81.58256880733946
J0Y,29035.0,79500.0,13.232899022801304,15.675895765472312,27.48371335504886,37.9885993485342,10.108489753745479,12.054417082831065,11.95109350783537,12.226623041157223,16.445669020148095,11.95109350783537,5.889443774754607,32.50054312404953,19.422116011296982,13.317401694547035,7.929611123180534,88.34632034632035,72.46022031823746
J0Z,34455.0,73500.0,14.375830013280213,17.861885790172643,27.98804780876494,34.36254980079681,9.389058191844434,10.44841097083152,12.146277753591642,11.420693658395008,17.486576694238863,13.597445943984907,7.2703526338702655,28.169522091974752,20.162308385933272,14.265103697024346,8.854824165915238,90.02333722287048,80.84469571000997
J1A,9130.0,62400.0,17.132442284325638,21.38517618469016,31.470230862697445,24.4228432563791,9.967141292442497,10.514786418400876,10.624315443592552,10.733844468784227,16.210295728368017,13.417305585980285,12.431544359255204,29.912221471978395,23.295070898041864,11.411208642808914,8.305199189736664,93.14538419016031,61.2942612942613
J1C,6840.0,81000.0,10.727272727272727,15.272727272727273,30.909090909090907,36.90909090909091,9.7953216374269,10.67251461988304,13.669590643274853,12.207602339181287,14.035087719298245,11.769005847953217,9.502923976608187,16.11058150619638,20.686367969494757,20.400381315538606,18.398474737845564,97.21203228173148,72.54545454545455
J1E,25865.0,54000.0,23.389964440932438,23.0738838403793,29.316475701303833,19.35993678387989,13.783104581480766,15.464913976416007,12.255944326309685,9.955538372317804,12.023970616663444,11.270056060313165,8.930987821380242,21.27208480565371,22.75618374558304,17.45583038869258,16.560659599528858,89.08246225319397,40.12588512981904
J1G,19635.0,60000.0,20.51422319474836,20.787746170678336,28.82932166301969,24.89059080962801,10.695187165775401,11.331805449452508,11.662846956964604,10.338680926916222,14.795008912655971,14.540361599185129,11.76470588235294,19.29321872015282,20.885068449538363,18.115249920407514,19.26138172556511,91.70579029733959,53.047775947281714
J1H,29655.0,45600.0,30.073741583840974,24.911830714972748,27.989740301378646,13.337608207758898,17.433822289664473,19.47395042994436,11.937278705108751,9.49249704940145,11.566346315966953,10.13319844882819,7.132018209408194,18.218871000611372,19.604646423476666,17.607499490523743,26.553902588139394,85.21663778162912,24.71946136582238
J1J,15450.0,65500.0,16.575342465753426,19.52054794520548,29.10958904109589,30.273972602739725,10.355987055016183,11.003236245954692,10.647249190938512,9.676375404530745,14.239482200647249,14.433656957928804,17.37864077669903,10.88659793814433,16.948453608247423,18.2680412371134,39.298969072164944,88.74488403819917,50.624133148404994
J1K,7435.0,56400.0,22.89855072463768,20.579710144927535,29.130434782608695,22.17391304347826,23.40282447881641,15.870880968392736,10.1546738399462,9.616677874915938,11.230665770006725,7.599193006052454,9.213180901143241,11.906677393403058,15.205148833467415,22.847948511665326,33.3869670152856,87.54208754208754,48.613138686131386
J1L,16040.0,58800.0,17.46804625684723,23.554473524041388,31.284236153377964,22.58064516129032,10.317955112219451,10.910224438902743,10.06857855361596,9.72568578553616,13.216957605985039,15.679551122194512,18.51620947630923,14.924297043979811,23.14347512617159,18.385003604902668,26.42393655371305,87.18428437792329,38.493975903614455
J1M,5925.0,60400.0,22.476190476190478,18.857142857142858,26.666666666666668,27.80952380952381,16.624472573839665,12.57383966244726,11.645569620253164,9.78902953586498,12.151898734177214,11.476793248945148,10.80168776371308,11.937172774869111,21.780104712041883,19.162303664921467,31.93717277486911,45.51056338028169,51.61290322580645
J1N,35085.0,87000.0,7.925568573397657,14.886285320468643,29.186767746381804,41.557546519641626,11.614650135385492,12.38420977625766,14.407866609662248,13.068262790366253,12.768989596693745,10.161037480404731,5.657688470856492,13.578909353557242,19.429396894185626,19.30299747201156,25.857710364752617,93.79457917261055,72.89944903581267
J1R,10960.0,95000.0,5.213270142180095,12.322274881516588,29.14691943127962,46.44549763033176,10.675182481751824,11.4507299270073,15.465328467153286,14.096715328467152,13.138686131386862,8.85036496350365,4.288321167883212,14.92450638792102,21.254355400696863,20.789779326364695,19.57026713124274,95.8941605839416,86.05200945626478
J1S,7865.0,67000.0,15.55232558139535,18.75,31.3953488372093,28.63372093023256,8.900190718372535,11.252383979656706,12.205975842339479,11.315956770502225,16.1474888747616,11.888111888111888,9.853782581055308,22.74573517465475,22.095857026807472,17.465475223395615,8.367181153533712,96.46365422396856,69.03039073806077
J1T,7990.0,50000.0,25.581395348837212,24.67700258397933,29.97416020671835,15.503875968992247,8.385481852315396,8.32290362953692,10.075093867334168,9.574468085106384,15.206508135168962,18.21026282853567,16.520650813516895,30.038314176245212,24.904214559386972,13.10344827586207,6.360153256704981,96.93290734824281,58.24742268041238
J1X,33945.0,67000.0,16.47353585969308,19.69934231130598,28.280613842781083,30.3163169433135,7.7330976579761375,8.116070113418766,10.458093975548682,11.533362792752982,18.30902931212255,16.791869200176755,13.566062748563853,18.993419882624934,21.376489418459897,16.041259114351767,22.461319580295218,92.46268656716417,66.8126368470441
J1Z,5740.0,82000.0,10.297482837528605,16.475972540045767,29.290617848970253,38.672768878718536,10.452961672473867,11.062717770034842,14.45993031358885,12.717770034843207,12.282229965156795,10.888501742160278,4.790940766550523,22.5769669327252,20.63854047890536,17.103762827822123,11.630558722919043,98.51398601398601,80.45977011494253
J2A,12265.0,80000.0,9.687184661957618,15.438950554994953,32.39152371342079,36.02421796165489,10.395434162250305,11.944557684467998,15.12433754586221,13.045250713412148,14.920505503465145,10.191602119853242,4.0358744394618835,20.634920634920633,22.68305171530978,18.17716333845366,11.059907834101383,96.49408887077048,80.5247225025227
J2B,33110.0,58800.0,20.51365409622887,21.65149544863459,28.998699609882966,23.569570871261377,10.827544548474782,12.428269405013591,13.772274237390517,11.114466928420416,13.711869525823014,12.488674116581093,8.230141951072184,24.315133194785567,23.011524655204987,17.041375401473644,12.77158511241262,94.8347425057648,50.84580351333767
J2C,29990.0,56800.0,20.78055460458747,22.868880520369736,28.894214310167747,23.10852447791852,10.336778926308769,9.453151050350117,10.786928976325441,10.703567855951984,15.45515171723908,16.255418472824275,15.35511837279093,20.363933755878143,24.86199141279902,18.42159067675322,16.070333265180945,95.88295338550527,46.68035592060233
J2E,4455.0,68500.0,12.0,20.75,32.75,27.750000000000004,12.008978675645341,12.570145903479238,12.906846240179574,12.682379349046016,15.488215488215488,13.019079685746352,4.8260381593714925,20.34805890227577,25.435073627844712,19.544846050870145,10.575635876840696,96.17977528089887,60.049627791563275
J2G,28295.0,49200.0,25.37313432835821,25.51197500867754,29.364803887539047,15.44602568552586,9.188902632974024,10.814631560346351,10.390528361901396,10.319844495493903,16.663721505566354,14.949637745184663,15.250044177416505,29.301423027166884,28.22337214316516,13.971539456662354,9.422164726175076,93.25718496683861,39.709944751381215
J2H,22475.0,89000.0,6.401766004415011,13.134657836644593,31.125827814569533,42.439293598233995,9.96662958843159,9.632925472747496,12.614015572858731,11.991101223581758,15.795328142380422,13.882091212458286,7.652947719688543,15.004167824395665,24.201166990830785,19.89441511530981,20.366768546818562,94.55842997323818,76.49006622516556
J2J,18345.0,64000.0,14.531435349940688,22.123368920521948,32.26571767497035,25.029655990510086,9.430362496593077,10.54783319705642,12.482965385663668,11.420005451076587,15.917143635868083,14.309076042518399,9.893704006541292,23.058823529411764,28.000000000000004,16.537815126050422,10.420168067226891,93.78252533552451,55.342136854741895
J2K,18290.0,61600.0,17.522658610271904,22.054380664652566,30.815709969788518,24.410876132930515,8.802624384909787,10.60688901038819,11.755057408419901,11.153635866593767,15.33624931656643,14.84417714598141,12.083105522143248,23.12971859986273,27.796842827728206,15.614275909402883,12.38846945778998,80.90753424657534,55.97104945717732
J2L,11380.0,100000.0,7.684729064039408,11.822660098522167,25.320197044334975,49.85221674876848,8.567662565905097,8.479789103690685,13.400702987697716,13.093145869947275,18.848857644991213,14.323374340949032,7.161687170474516,8.435013262599469,18.408488063660478,19.363395225464192,37.188328912466844,91.58547387068202,76.01184600197433
J2M,7240.0,97000.0,6.712564543889846,12.392426850258175,27.19449225473322,48.02065404475043,9.461325966850827,8.08011049723757,13.259668508287293,14.3646408839779,18.646408839779006,14.157458563535913,5.455801104972376,16.115702479338843,20.826446280991735,18.59504132231405,23.801652892561982,91.56293222683264,92.28130360205832
J2N,10150.0,68000.0,14.9438202247191,19.325842696629213,32.92134831460674,26.29213483146067,9.753694581280788,13.990147783251231,12.610837438423644,10.295566502463053,13.94088669950739,12.266009852216749,7.931034482758621,27.334993773349936,23.972602739726025,14.694894146948942,10.336239103362391,94.88325881768505,58.71766029246345
J2R,10380.0,81000.0,8.616780045351474,15.98639455782313,31.405895691609974,36.848072562358276,10.35645472061657,10.54913294797688,12.090558766859345,12.427745664739884,16.136801541425818,14.017341040462428,7.89980732177264,21.894858463316,22.472559214326978,17.908723281340265,12.593876372039285,97.44701348747591,73.5593220338983
J2S,29945.0,53200.0,23.978201634877383,22.71798365122616,29.393732970027248,19.856948228882835,10.419101686425112,11.404241108699283,11.871764902320923,10.769744531641342,13.624979128402071,13.357822674903991,14.94406411754884,25.688073394495415,24.62468723936614,15.304420350291911,14.762301918265223,91.15564000690965,36.0326641714869
J2T,17070.0,68000.0,14.67772814294831,18.953414167198467,32.48245054243778,28.334396936821953,9.636789689513767,11.277094317516111,12.185120093731692,11.042765084944346,15.143526654950204,13.708260105448156,11.013473930872877,21.242774566473987,24.783236994219653,16.871387283236995,13.872832369942195,94.8566361217854,58.42408712363869
J2W,28760.0,102000.0,5.5082848186296465,10.658307210031348,26.37707120465741,51.410658307210035,10.97009735744089,10.326842837273992,14.047287899860919,14.412378303198887,15.142559109874826,10.726703755215578,5.4242002781641165,14.636775167061867,22.224617374434143,21.125242509161456,20.521664151756845,93.7032527396069,82.5
J2X,20485.0,78500.0,11.983471074380166,16.706021251475796,28.748524203069657,36.12750885478158,9.641200878691727,11.667073468391505,13.692946058091287,11.618257261410788,13.61972174762021,12.057603124237247,8.71369294605809,20.18720748829953,23.556942277691107,17.597503900156006,15.101404056162245,96.48216482164823,65.7412876550502
J2Y,5575.0,98000.0,6.864988558352403,10.526315789473683,27.23112128146453,47.59725400457666,9.417040358744394,10.582959641255606,13.094170403587443,14.260089686098654,17.57847533632287,12.466367713004484,4.843049327354261,18.400876232201533,25.191675794085434,18.83899233296824,12.924424972617743,95.33632286995515,94.25287356321839
J3A,9135.0,45200.0,28.544776119402986,27.33208955223881,29.011194029850746,11.753731343283583,6.513409961685824,10.071154898741105,8.319649698960044,8.593322386425834,13.026819923371647,18.7192118226601,26.053639846743295,27.575175943698017,28.534868841970567,14.011516314779271,11.900191938579654,92.88515406162465,22.065727699530516
J3B,33910.0,66000.0,16.24284806102988,19.357914812460265,31.11888111888112,27.81309599491418,9.716897670303744,14.332055440872898,13.034503096431733,11.397817752875259,14.538484222943085,11.707460925980536,9.009141846063109,22.39213544511196,25.10467868195886,17.385763699253594,12.94374658656472,94.04690318701142,48.80838894184938
J3E,30045.0,107000.0,5.4694229112833765,10.378983634797589,24.375538329026703,53.875968992248055,12.631053419870195,8.570477616907972,12.680978532201697,15.942752537859878,14.844400066566815,10.584123814278582,7.405558329172908,12.036461570333541,20.758234928527035,20.799668531178785,26.641806505075614,94.23044289835399,79.83627746660922
J3G,33665.0,91000.0,8.7018544935806,12.91012838801712,27.960057061340944,44.72182596291013,9.119263329867815,11.361948611317391,14.451210455963167,11.852071884746769,13.47096390910441,11.569879697014704,9.475716619634635,13.905547226386808,21.832833583208398,20.314842578710646,21.926536731634183,94.43447037701975,72.15686274509804
J3H,26675.0,104000.0,8.005552984729292,10.59694585839889,23.600185099490975,51.96668209162425,10.627928772258668,8.491096532333646,13.064667291471416,14.07685098406748,15.407685098406748,12.408622305529523,8.322399250234302,10.18453632328895,19.271198318149967,20.532585844428873,31.674842326559215,92.4110522331567,82.31481481481482
J3L,53680.0,100000.0,7.313609467455621,11.976331360946746,24.828402366863905,50.201183431952664,9.901266766020864,11.53129657228018,16.10469448584203,13.450074515648286,13.366244411326377,9.072280178837557,6.166169895678093,15.07225606114893,20.57804848919145,20.16003821808193,24.06544846530515,89.5053036703276,76.63905325443787
J3M,11345.0,78000.0,10.245464247598719,15.688367129135539,31.910352187833514,35.859124866595515,8.990744821507272,13.61833406787131,14.94050242397532,11.326575583957691,13.486117232260908,10.268840899074483,7.139709122961657,23.156089193825043,25.557461406518012,16.866781017724414,11.5494568324757,95.93931280678268,67.12913553895412
J3N,17055.0,107000.0,5.178979436405179,9.748667174409748,24.447829398324448,54.22696115765423,11.638815596599237,9.615948402228087,15.03957783641161,16.094986807387862,13.397830548226327,8.970976253298153,5.570214013485781,12.181616832779623,21.29937246216316,20.155038759689923,27.353266888150607,91.79126355907358,86.96646341463415
J3P,25025.0,60000.0,19.96706463565253,21.160971593248252,29.435981885549612,24.70152326060107,7.932067932067932,9.37062937062937,10.989010989010989,10.969030969030968,17.062937062937063,17.72227772227772,13.966033966033967,24.81490327203248,23.119178409362313,18.151421065201813,10.150465727251015,98.001223740567,60.912453760789155
J3R,14455.0,62000.0,18.865248226950353,20.851063829787233,29.007092198581557,26.099290780141843,8.924247665167762,9.581459702525077,11.795226565202352,10.75752334832238,16.879972327914217,16.08439986163957,12.521618817018332,21.022258862324815,25.061830173124484,18.013190436933225,11.788953009068425,96.8248429867411,59.88620199146515
J3T,8620.0,66000.0,16.0,20.8,30.4,27.46666666666667,8.004640371229698,10.034802784222737,10.440835266821345,9.62877030162413,16.067285382830626,14.385150812064964,17.053364269141532,18.898240244835502,20.04590665646519,18.439173680183625,17.98010711553175,98.76237623762376,63.51531291611185
J3V,26050.0,115000.0,6.165703275529865,9.152215799614643,21.917148362235068,57.46628131021194,10.72936660268714,7.370441458733206,12.610364683301341,13.953934740882918,14.491362763915546,12.322456813819578,10.9021113243762,8.434020374318882,16.820658611703386,18.64487088367685,42.217484008528785,83.68973561430793,85.98940779971113
J3X,21200.0,103000.0,6.004756242568371,11.058263971462544,25.208085612366233,52.02140309155767,10.966981132075473,10.80188679245283,13.419811320754718,13.891509433962264,16.06132075471698,10.18867924528302,6.226415094339623,12.114928909952607,21.445497630331754,22.630331753554504,22.86729857819905,96.13285883748517,79.19143876337694
J3Y,66360.0,86000.0,8.812190196438406,13.695612263631357,29.961446667890584,41.16027170919772,10.66154309825196,12.055455093429778,14.459011452682338,13.261000602772754,14.263110307414104,11.14376130198915,6.969559975889089,16.794660815505576,22.76467361492046,18.230023770341926,22.408118486012068,75.23974930151778,75.89498806682577
J3Z,5775.0,131000.0,3.0054644808743167,5.737704918032787,18.0327868852459,67.4863387978142,12.987012987012985,8.658008658008658,15.497835497835496,15.497835497835496,14.545454545454545,7.792207792207792,3.8095238095238098,12.428734321550742,19.84036488027366,19.84036488027366,28.278221208665904,74.69026548672566,91.73553719008265
J4B,41740.0,110000.0,6.1885482938114516,9.861191440138809,23.308270676691727,55.06072874493927,10.769046478198371,7.3430761859127935,11.78725443219933,14.051269765213226,15.584571154767609,13.47628174413033,11.39195016770484,9.208612161768984,17.68984579575211,18.34448647075938,39.61303462321793,90.89804350467857,83.97917871602083
J4G,10010.0,79500.0,12.26215644820296,15.53911205073996,29.492600422832982,36.89217758985201,9.290709290709291,12.837162837162838,13.886113886113884,12.137862137862138,17.532467532467532,12.387612387612387,7.742257742257743,12.903225806451612,19.53405017921147,19.59378733572282,30.58542413381123,84.9746192893401,53.96825396825397
J4H,15590.0,62400.0,18.79194630872483,20.13422818791946,29.65222696766321,26.845637583892618,9.268762026940347,13.79089159717768,12.732520846696602,11.09685695958948,14.04746632456703,14.528543938422064,12.315586914688904,13.68140243902439,16.920731707317074,16.653963414634145,37.53810975609756,86.70595939751145,38.07199511897498
J4J,31100.0,58400.0,19.451871657754012,22.058823529411764,31.550802139037433,21.490641711229948,10.514469453376206,15.643086816720258,15.466237942122184,11.141479099678458,13.10289389067524,10.257234726688102,6.591639871382636,21.745908028059237,21.180826188620422,16.21200311769291,22.213561964146532,80.64100499275246,30.666666666666664
J4K,27025.0,58400.0,18.773513920240784,21.858540255831453,33.03235515425132,21.10609480812641,10.582793709528215,18.242368177613322,15.800185013876042,11.45235892691952,12.358926919518964,9.028677150786308,6.382978723404255,19.39325842696629,21.14606741573034,14.786516853932586,24.719101123595504,76.5703634669152,30.786686838124055
J4L,31865.0,65000.0,16.203536629375677,20.353662937567666,31.577047997112956,26.19992782389029,10.607249333124118,13.384591244311942,14.106386317276007,12.129295465243999,12.756943354777968,10.387572571787228,8.112348972226581,21.45098039215686,21.313725490196077,16.76470588235294,19.88235294117647,79.20571882446386,40.71402812838081
J4M,13145.0,104000.0,5.566801619433198,10.62753036437247,24.696356275303643,52.63157894736842,11.335108406238113,8.634461772537087,13.99771776340814,14.03575503993914,14.720426017497148,10.87866108786611,7.303157093952073,11.806883365200765,20.26768642447419,18.49904397705545,32.409177820267686,82.33927188226181,83.80566801619433
J4N,11380.0,87000.0,8.097560975609756,13.951219512195124,29.756097560975608,42.34146341463415,7.073813708260106,8.479789103690685,10.676625659050968,11.731107205623902,15.729349736379614,15.685413005272409,19.200351493848856,9.706546275395034,19.35665914221219,16.30925507900677,39.841986455981946,86.30705394190872,73.00194931773879
J4P,11250.0,75500.0,16.51376146788991,16.605504587155963,24.403669724770644,38.34862385321101,10.755555555555556,10.133333333333333,11.466666666666667,12.666666666666668,14.044444444444446,12.933333333333334,14.31111111111111,11.051502145922747,16.469957081545065,14.431330472103005,47.04935622317596,79.21478060046189,48.08743169398907
J4R,10675.0,73500.0,15.27638190954774,17.386934673366834,26.834170854271356,36.582914572864325,9.929742388758783,11.662763466042154,12.927400468384075,12.318501170960188,13.583138173302109,11.288056206088994,12.88056206088993,12.588652482269502,17.907801418439718,16.60756501182033,39.71631205673759,73.09941520467837,51.821862348178136
J4S,6305.0,84000.0,12.091503267973856,15.196078431372548,26.47058823529412,41.66666666666667,9.595559080095164,7.613005551149881,13.08485329103886,11.9746233148295,13.322759714512292,14.036478984932593,14.036478984932593,8.909952606635072,15.734597156398102,16.113744075829384,49.95260663507109,66.82539682539682,67.3202614379085
J4T,19715.0,66000.0,16.33122484186314,19.091431857389303,32.489936745255896,25.646923519263943,10.702510778594979,15.597260968805479,14.86178037027644,11.51407557697185,13.035759573928482,9.86558458026883,6.441795587116409,23.096208085239738,24.69445314948292,15.763083672829833,16.734565966781574,73.87410440122825,41.93175245806825
J4V,17035.0,73000.0,15.14736120630569,17.20356408498972,29.198080877313227,33.104866346812884,10.390372761960668,10.889345465218668,13.824479013795127,12.650425594364545,13.941884355738186,11.887290871734663,9.56853536835926,15.905001799208348,23.209787693414896,17.05649514213746,28.24757106872976,50.43244855353415,60.97560975609756
J4W,18195.0,76500.0,12.636612021857923,16.530054644808743,30.191256830601095,34.56284153005464,10.744710085188238,11.184391316295686,13.740038472107722,12.311074471008519,13.382797471832921,12.888156086837043,9.64550700741962,16.23292127521145,22.023422251138584,18.0871828236825,29.86337020169161,40.17047016772065,65.28813559322035
J4X,19195.0,93000.0,8.72905027932961,12.849162011173185,26.675977653631282,45.94972067039106,9.012763740557435,9.143005991143527,10.5496222974733,11.044542849700441,14.248502214118261,15.368585569158636,17.66084917947382,10.566161948650429,18.828176431863067,15.96445029624753,43.614219881500986,42.967914438502675,78.15126050420169
J4Y,25460.0,91000.0,8.64260294865277,12.65887137773259,28.215556685307575,44.534824605998985,10.604870384917518,12.568735271013354,15.534171249018067,14.15946582875098,12.274155538098979,10.310290652003143,7.482325216025138,10.745020899926235,18.318170641750676,17.580526186378165,40.93926727317433,42.60817307692308,75.1145038167939
J4Z,28685.0,79000.0,11.063094209161624,14.995678478824544,31.374243733794295,36.64649956784788,10.475858462611122,14.136308175004359,16.71605368659578,13.02074254837023,11.016210563012027,8.837371448492243,6.902562314798676,15.721091381550456,20.853183196188827,16.955391944564745,31.07405803378086,46.50716032134125,62.278042442615856
J5A,29920.0,101000.0,6.106194690265487,10.973451327433628,25.75221238938053,50.88495575221239,11.096256684491978,11.51403743315508,15.441176470588236,14.054144385026737,14.087566844919785,9.090909090909092,4.72927807486631,17.45263157894737,23.74736842105263,18.905263157894737,19.978947368421053,80.45264040234701,77.22246793454224
J5B,8320.0,87000.0,8.633093525179856,15.107913669064748,28.345323741007196,41.15107913669065,10.516826923076923,11.117788461538462,14.603365384615385,14.002403846153847,14.302884615384615,10.817307692307693,6.490384615384616,18.13509544787078,23.42143906020558,17.547723935389133,17.254038179148314,84.13461538461539,67.76978417266187
J5C,17345.0,89000.0,8.610709117221418,13.748191027496382,28.65412445730825,42.76410998552822,10.6947247045258,10.810031709426347,13.865667339290862,14.586336119919284,14.672816373594696,9.368694148169501,9.224560392043816,19.466764061358656,24.653031409788166,17.677136596055515,15.997078159240322,85.32704773129052,73.51664254703329
J5J,18080.0,84000.0,8.807212205270458,14.563106796116504,31.27600554785021,37.447988904299585,8.960176991150442,16.233407079646017,14.684734513274336,12.665929203539822,14.325221238938052,7.7433628318584065,3.7887168141592924,23.953158268275374,21.930447125621008,15.54293825408091,8.126330731014903,96.59845132743364,78.57142857142857
J5K,17740.0,100000.0,6.782215523737754,10.851544837980406,25.772418990203466,50.03767897513187,9.329199549041714,12.82412626832018,15.868094701240135,14.007891770011275,14.627959413754226,7.440811724915446,2.874859075535513,16.965921582997435,21.179919384389887,19.127885672407473,13.191645291315501,94.47576099210822,87.10407239819004
J5L,22965.0,88000.0,8.038585209003216,13.77277599142551,29.635584137191856,41.47909967845659,10.341824515567168,12.671456564337035,14.347920748965818,12.715001088613107,14.609187894622252,10.646636185499673,4.5286305247115175,17.56645656344204,23.51329131268841,18.881885448067965,15.839956152370513,94.64052287581698,73.2726298875201
J5M,24005.0,78500.0,10.344827586206897,16.271551724137932,32.758620689655174,33.24353448275862,9.560508227452615,17.433867944178296,13.8929389710477,10.810247865028119,12.97646323682566,7.685898771089357,4.186627785877942,27.602307058500415,23.510024718483933,13.32051634166438,4.97116176874485,96.40167364016736,70.61994609164421
J5N,170.0,,,,,,14.705882352941178,26.47058823529412,8.823529411764707,14.705882352941178,5.88235294117647,5.88235294117647,2.941176470588235,26.08695652173913,17.391304347826086,17.391304347826086,0.0,91.17647058823529,61.53846153846154
J5R,49405.0,100000.0,8.063700707785642,11.880687563195147,24.924165824064712,49.74721941354904,11.375366865701853,9.250075903248659,14.684748507236108,15.464021860135613,13.480416961845968,9.553688897884829,7.266471004959012,11.751269035532994,20.29187817258883,17.72842639593909,34.88578680203045,74.6160147450338,75.45500505561172
J5T,14425.0,82000.0,9.16095890410959,15.154109589041095,31.164383561643838,37.84246575342466,10.190641247833621,12.928942807625651,13.69150779896014,12.305025996533796,15.251299826689774,10.155979202772963,6.308492201039861,23.67170626349892,25.01079913606911,14.946004319654428,8.98488120950324,97.28601252609603,76.00685518423307
J5V,7340.0,47600.0,26.50273224043716,26.366120218579237,27.459016393442624,15.573770491803279,7.220708446866484,7.7656675749318795,9.059945504087194,10.422343324250681,18.66485013623978,17.506811989100818,18.59673024523161,31.90436933223413,28.02967848309975,12.201154163231658,6.430338004946414,97.64957264957265,48.49726775956284
J5W,26780.0,86000.0,9.00562851782364,14.821763602251407,28.330206378986865,41.510318949343336,9.52203136669156,11.930545182972367,14.507094846900673,11.911874533233757,14.05899925317401,10.474234503360718,6.665421956684092,17.964793826862792,23.14926452857487,18.591753074511697,15.553412105136244,96.87617613850207,74.43714821763602
J5X,8895.0,79000.0,12.133891213389122,16.178521617852162,29.288702928870293,35.843793584379355,10.17425519955031,14.333895446880272,13.827993254637436,12.310286677908937,14.558740865654862,8.712759977515457,5.789769533445756,26.071428571428573,23.714285714285715,14.000000000000002,10.285714285714285,98.08234630569656,67.40947075208913
J5Y,30080.0,103000.0,5.415162454873646,10.469314079422382,26.12815884476534,51.85018050541517,11.751994680851062,8.726728723404255,13.846409574468085,14.378324468085108,15.059840425531915,10.289228723404255,5.219414893617022,13.780025284450062,23.872734934681837,20.396123050990308,20.712178676780447,88.60717264386989,83.16787003610109
J5Z,28005.0,86000.0,9.573091849935317,14.316515739542906,29.279862009486845,40.27598102630444,10.855204427780754,10.87305838243171,13.069094804499196,13.890376718443134,15.979289412604892,11.033743974290305,6.748794858061061,18.718565493111743,25.825497485239453,17.778263721845615,13.207959763831184,91.90109299408708,72.0569210866753
J6A,34315.0,81000.0,11.02765448958689,16.114714919767838,29.088426083987713,37.82861044725162,9.281655252804896,9.747923648550197,11.379863033658749,11.292437709456506,15.022584875418913,14.366894943902084,13.638350575550051,17.255386789120454,25.238431649593785,17.820558106676085,17.061109148710702,92.43512681425011,71.09215017064847
J6E,46435.0,58800.0,19.695592912312584,22.194457064970468,29.850068150840524,23.625624716038164,9.08797243458598,10.380101216754603,10.832346290513621,10.315494777646173,15.171745450629912,15.548616345429094,15.204048670184129,23.96496815286624,24.11093418259023,16.18895966029724,14.822186836518048,96.12073662416913,46.73024523160763
J6J,24855.0,76000.0,13.733267228557263,16.757560733763015,28.358948934060486,35.3495290034705,11.426272379802857,10.76242204787769,12.794206397103197,13.337356668678336,14.644940655803662,10.581371957352644,8.609937638302153,19.53259532595326,27.45387453874539,16.900369003690034,16.285362853628534,54.81720864471824,66.83217477656405
J6K,25960.0,82000.0,10.421962379257753,14.743263853584137,30.554143365531267,37.46822572445348,10.901386748844375,9.842064714946071,13.674884437596301,12.654083204930663,14.117873651771957,10.400616332819723,9.533898305084746,18.391935087287926,28.1780181952299,18.195229899188593,16.3265306122449,56.49211602102394,77.00507614213198
J6N,16015.0,72500.0,14.0893470790378,18.144329896907216,30.309278350515463,31.546391752577318,9.397439900093662,13.549797065251326,12.113643459256947,10.739931314392757,16.546987199500467,11.863877614736184,9.397439900093662,20.436582611968383,24.80240873165224,15.88257433195333,12.9469326307866,90.64455569461826,65.31593406593407
J6R,14625.0,100000.0,7.037037037037037,11.018518518518519,25.462962962962965,50.27777777777778,11.11111111111111,10.905982905982906,15.555555555555555,13.299145299145298,13.230769230769232,8.444444444444445,5.299145299145299,16.68137687555163,24.624889673433362,18.53486319505737,17.166813768755514,84.27887901572112,80.83333333333333
J6S,24765.0,64000.0,17.72648083623693,20.470383275261327,29.181184668989545,27.047038327526135,8.237431859479104,12.699374116696951,11.185140318998586,10.862103775489603,16.717141126589947,14.637593377750857,11.48798707853826,25.111551809618245,24.739712444224097,15.666831928606841,9.816559246405552,93.50702218603705,58.73850197109067
J6T,18025.0,59600.0,18.61547411285631,21.640488656195462,31.12274578243165,23.211169284467715,9.459084604715674,12.954230235783633,11.678224687933426,11.178918169209432,15.561719833564494,13.869625520110956,10.124826629680998,25.963488843813387,25.456389452332655,15.077755240027047,9.803921568627452,92.96369265409513,50.86605080831409
J6V,14620.0,105000.0,5.839416058394161,10.127737226277372,25.18248175182482,52.28102189781022,11.2859097127223,9.097127222982216,12.790697674418606,15.560875512995894,14.500683994528044,10.567715458276334,8.17373461012312,13.582417582417584,24.263736263736263,20.043956043956044,21.978021978021978,83.73579545454545,81.13553113553114
J6W,32425.0,83000.0,11.156563778356267,14.912606917069542,28.597991818519898,39.60580141316474,11.595990747879723,11.010023130300695,13.323053199691595,14.202004626060138,14.402467232074018,11.040863531225906,6.954510408635313,19.358490566037737,24.20754716981132,17.77358490566038,15.88679245283019,90.80779944289694,64.81757259865971
J6X,25260.0,95000.0,7.038581856100104,11.78310740354536,28.206465067778936,46.92387904066736,10.60965954077593,10.629453681710213,12.806809184481393,12.60886777513856,16.132224861441014,11.203483768804434,8.174980205859066,15.713215088683489,24.106919810142394,19.710217336997253,17.41194104421684,89.19358114970547,76.99896157840082
J6Y,22925.0,112000.0,4.827586206896552,9.467084639498433,22.194357366771158,57.4294670846395,11.864776444929117,10.272628135223554,16.72846237731734,15.070883315158124,11.930207197382769,7.197382769901854,3.707742639040349,15.856115107913668,21.58273381294964,19.48201438848921,19.76978417266187,87.02726473175022,84.88080301129234
J6Z,19630.0,101000.0,6.679764243614931,10.805500982318271,25.605762933857235,50.884086444007856,11.589403973509933,10.010188487009678,13.652572592969944,14.518593988792663,14.849719816607236,10.315843097300052,5.934793683138054,13.051762464274372,21.181327405525565,19.275960622419817,27.469037789774532,83.54559347936832,85.05897771952819
J7A,14190.0,120000.0,6.4454976303317535,8.151658767772512,21.04265402843602,59.810426540284354,12.191684284707542,7.434813248766738,11.20507399577167,14.658210007047218,16.983791402396054,12.544045102184636,7.3643410852713185,9.764453961456104,19.3576017130621,21.199143468950748,34.775160599571734,73.24638702855128,88.15165876777252
J7B,13065.0,145000.0,5.191873589164786,7.336343115124154,15.4627539503386,68.058690744921,17.030233448143896,7.233065442020665,10.371220818982014,19.670876387294296,16.417910447761194,6.544202066590127,5.128205128205128,12.546992481203006,19.642857142857142,19.642857142857142,33.36466165413533,82.24371373307542,86.89265536723164
J7C,46675.0,98000.0,6.455203116304952,11.380077907623818,26.933778519755148,48.887033945464665,12.383502945902517,10.380289234065346,13.540439207284413,15.211569362613819,14.279592929833958,9.459025174076057,6.12747723620782,15.266050127328775,23.093419112719474,19.729258812491622,21.672698029754724,86.88062452564242,75.47274749721913
J7E,29355.0,65500.0,14.855208725084617,20.797292215118464,31.666039864610756,27.67957878901843,10.509282916027935,13.592233009708737,10.884006131834441,11.071367739737694,13.592233009708737,11.923011412025208,12.876852324987226,20.437798006068487,23.623753792804507,18.14044213263979,17.706978760294756,82.32296608680373,47.24528301886792
J7G,17310.0,88000.0,8.984105044920526,14.167242570836214,28.403593642017967,42.29440221147201,11.351819757365684,13.027151935297516,12.70941652224148,13.720392836510687,16.984402079722706,9.792027729636049,5.834777585210861,16.643502432244613,23.28005559416261,19.874913134120916,19.56219596942321,83.28030083887764,69.86869384934347
J7H,8185.0,85000.0,8.786610878661087,14.783821478382148,29.9860529986053,40.4463040446304,11.423335369578497,12.09529627367135,11.912034208918755,13.317043372021992,16.371411117898596,9.957238851557728,7.941356139279169,15.693430656934307,24.5985401459854,19.34306569343066,20.583941605839414,82.6511912034209,53.920220082530946
J7J,27640.0,91000.0,8.013937282229964,14.067944250871081,27.439024390243905,43.94599303135889,11.450795947901591,13.422575976845152,14.670767004341535,14.290882778581764,13.440665701881333,8.90014471780029,4.793777134587554,16.681674921206664,23.0076542098154,20.216118865375957,16.25393966681675,90.88277858176555,65.98253275109171
J7K,36960.0,90000.0,7.5829383886255926,13.033175355450238,29.316181448882872,43.80501015572106,10.335497835497835,12.053571428571429,15.313852813852813,13.135822510822512,12.56764069264069,10.051406926406926,6.479978354978355,16.254539166522566,24.883278575134014,18.675427978557842,15.580148711741309,92.85520239065471,74.19682110246872
J7L,14220.0,99000.0,5.950095969289827,11.228406909788866,25.911708253358924,49.80806142034549,10.68917018284107,12.693389592123768,13.818565400843882,14.064697609001406,13.39662447257384,8.931082981715893,7.137834036568213,17.695099818511796,22.82214156079855,17.78584392014519,15.335753176043557,91.76598049837487,81.71318575553417
J7M,24705.0,91000.0,6.9103369503141066,12.107367218732152,29.754426042261567,43.74643061107938,12.143290831815422,11.617081562436754,15.523173446670716,14.308844363489174,12.77069419145922,7.20501922687715,3.4405990690143695,25.724065297525012,23.091100579252238,15.797788309636651,8.109531332280147,89.96154624569925,81.38206739006282
J7N,33450.0,89000.0,8.154829011649756,13.416009019165728,29.274708756106726,42.23975948891394,11.01644245142003,15.829596412556054,15.067264573991032,12.436472346786248,11.913303437967116,7.698056801195814,4.0209267563527655,18.954248366013072,23.26028450595925,18.108419838523645,13.225682429834679,94.99775348210274,66.1544227886057
J7P,25230.0,77000.0,11.105990783410139,16.497695852534562,31.52073732718894,34.74654377880184,10.186286167261196,10.93935790725327,12.88149028933809,12.683313515655964,15.180340864050734,13.3769322235434,8.02615933412604,20.261904761904763,25.666666666666664,17.166666666666668,14.333333333333334,86.6626913138541,68.38235294117648
J7R,37990.0,85000.0,11.179720506987326,14.137146571335716,28.241793955151124,39.81150471238219,10.397473019215584,10.608054751250329,13.60884443274546,13.253487759936824,15.267175572519085,10.54224795998947,8.92340089497236,16.752534485624064,23.151071962772146,19.361808210071462,18.613927206248963,82.13245033112582,70.75871051774666
J7T,29585.0,115000.0,4.990494296577947,8.745247148288973,21.863117870722434,58.41254752851711,12.269731282744633,9.988169680581375,13.942876457664358,15.362514787899272,15.024505661652865,9.143146864965354,4.29271590332939,13.509513742071883,23.61522198731501,21.522198731501057,24.778012684989427,53.273557773642366,91.8289786223278
J7V,69660.0,91000.0,8.557727775728512,12.965695315381778,27.867945407598672,44.07967539653265,11.290554120011484,10.615848406546082,14.262130347401666,14.585127763422337,13.544358311800172,9.754521963824288,7.2710307206431235,15.011337868480727,24.66213151927438,20.117913832199548,24.38095238095238,50.342915511454834,75.50267478325033
J7W,14750.0,95000.0,7.9787234042553195,10.99290780141844,27.21631205673759,46.63120567375886,11.288135593220339,9.11864406779661,14.372881355932204,15.11864406779661,13.864406779661017,10.440677966101696,6.440677966101695,14.002530577815268,25.347954449599325,21.467735132855335,23.956136651202026,40.44867437117607,87.677304964539
J7X,5640.0,79500.0,8.71369294605809,15.145228215767634,34.439834024896264,34.439834024896264,11.170212765957446,14.27304964539007,14.00709219858156,13.829787234042554,13.031914893617023,9.48581560283688,4.875886524822695,20.575221238938052,23.783185840707965,16.70353982300885,12.721238938053098,89.81399468556245,67.01244813278008
J7Y,27005.0,56800.0,20.383602858217376,23.091387739751788,30.68822865739,20.646859721699887,9.683391964451026,12.10886872801333,10.79429735234216,11.294204776893169,14.812071838548416,14.071468246620997,13.664136271060915,24.378330373001777,24.77797513321492,17.628774422735347,10.235346358792183,94.69294920394238,43.279670535380006
J7Z,30230.0,54800.0,22.218453188602442,22.964721845318863,30.257801899592945,19.810040705563093,9.990076083360899,12.305656632484286,11.230565663248429,10.817069136619253,15.464770095931193,13.876943433675157,12.537214687396625,26.558704453441294,23.785425101214575,15.242914979757085,10.404858299595142,94.12952060555088,43.83514986376022
J8A,10665.0,84000.0,9.935897435897436,14.529914529914532,29.594017094017094,38.782051282051285,8.251289263947491,13.127051101734647,13.127051101734647,14.017815283638068,18.51851851851852,11.39240506329114,5.157055789967183,14.527027027027026,22.691441441441444,18.074324324324326,15.822072072072071,94.04315196998124,84.52508004268944
J8B,14010.0,69000.0,16.533720087019578,18.201595358955768,29.15155910079768,30.384336475707034,7.530335474660957,8.743754461099215,10.956459671663097,12.633832976445397,20.235546038543898,16.987865810135617,10.492505353319057,15.020746887966805,22.40663900414938,18.29875518672199,21.95020746887967,91.61243673174259,68.96301667875272
J8C,11665.0,59200.0,20.59079061685491,21.459600347523892,29.800173761946137,23.11033883579496,7.45820831547364,9.087012430347192,10.287183883411915,10.501500214316332,19.54564937848264,18.1311615945135,12.77325332190313,22.58064516129032,24.04233870967742,14.868951612903224,16.028225806451612,92.0744911216977,58.96103896103896
J8E,11045.0,68000.0,16.55933762649494,19.411223551057958,28.61085556577737,30.082796688132476,8.057944771389769,9.053870529651425,10.547759167043912,12.313263920325939,19.646899049343595,16.659121774558624,11.905839746491626,18.181818181818183,23.184507799892415,17.1059709521248,21.62452931683701,88.55449156406749,61.07011070110702
J8G,8210.0,64500.0,17.539267015706805,19.10994764397906,32.19895287958115,26.04712041884817,8.160779537149818,9.744214372716199,11.38855054811206,13.276492082825822,19.61023142509135,15.042630937880633,8.95249695493301,24.818049490538574,25.254730713245998,15.502183406113538,10.771470160116449,76.0829774252593,80.86500655307994
J8H,15140.0,57200.0,21.549295774647888,21.69014084507042,29.366197183098592,21.830985915492956,8.619550858652577,10.700132100396301,10.369881109643329,10.700132100396301,17.27212681638045,15.191545574636725,13.540290620871861,29.008567931456547,26.23419012647899,13.055895552835578,8.64953080375357,84.99327052489906,53.774928774928775
J8L,20055.0,79500.0,12.624196376388078,15.604909409701929,28.404441846873173,37.75569842197545,9.74819247070556,12.19147344801795,12.141610570929942,12.56544502617801,16.404886561954623,11.967090501121914,7.4545001246571925,21.727189502593834,24.473603906011597,17.33292645712542,13.487946292340554,87.72898368883313,70.25131502045588
J8M,13160.0,91000.0,7.15648854961832,11.641221374045802,30.725190839694655,43.416030534351144,11.170212765957446,15.881458966565349,14.17173252279635,12.95592705167173,12.993920972644377,7.750759878419452,3.7613981762917934,21.42166344294004,25.0,19.148936170212767,11.02514506769826,92.17325227963525,74.71374045801527
J8N,13830.0,100000.0,8.288770053475936,11.319073083778965,24.420677361853834,49.82174688057041,8.568329718004339,13.34056399132321,14.605929139551698,14.28054953000723,16.88358640636298,9.291395516992045,4.121475054229935,21.454058876003568,22.301516503122212,19.803746654772524,15.744870651204282,82.82718727404193,86.16071428571429
J8P,35320.0,74500.0,12.11734693877551,16.3265306122449,32.84438775510204,32.39795918367347,10.17836919592299,14.354473386183466,13.27859569648924,12.117780294450736,14.906568516421292,10.815402038505097,6.710079275198188,24.658971668415532,25.21860790486184,17.033927946834556,13.431269674711437,84.855392506055,58.9041095890411
J8R,28950.0,107000.0,4.4343891402714934,9.14027149321267,25.565610859728505,54.660633484162894,12.728842832469775,11.640759930915372,14.59412780656304,14.887737478411053,15.112262521588946,7.858376511226252,2.832469775474957,16.536796536796537,24.112554112554115,20.909090909090907,21.753246753246753,85.40587219343696,78.96645512239347
J8T,37830.0,71000.0,14.459535936615733,17.85512167515563,31.182795698924732,30.50367855121675,9.912767644726408,12.133227597145122,11.525244514935236,11.987840338355802,16.34945810203542,13.3756278086175,10.600052868094105,23.21513002364066,24.475965327029154,16.627265563435774,20.646178092986602,77.41076185402238,58.8135593220339
J8V,27275.0,122000.0,3.9138943248532287,7.045009784735812,21.52641878669276,62.279843444227,11.659028414298808,9.99083409715857,14.280476626947754,15.527039413382218,15.307057745187901,9.459211732355637,4.564619615032081,13.179723502304148,19.608294930875577,20.944700460829495,32.21198156682028,81.0166358595194,88.49167482859941
J8X,11785.0,53600.0,26.019575856443723,20.473083197389887,31.07667210440457,17.53670473083197,12.558336868901145,21.12855324565125,13.109885447602885,9.20661858294442,10.903691132795927,7.806533729316928,14.891811624946966,21.143473570658035,21.35922330097087,12.891046386192018,36.13807982740022,53.58785648574057,18.765231519090168
J8Y,23805.0,58800.0,21.41397629750715,20.392317123007764,30.036779730281975,23.334695545566,11.342155009451796,15.164881327452214,13.505566057550936,11.069103129594623,14.660785549254356,10.943079185045159,9.598823776517538,19.103951673798136,22.728416813491066,15.15227787566071,29.448779260005033,70.2132242084859,38.15789473684211
J8Z,14815.0,69000.0,16.113744075829384,17.603249830737983,29.993229519295873,31.347325660121868,12.926088423894702,14.951063111711104,12.62234222072224,11.947350658116774,15.558555518056025,11.373607829902125,5.50118123523456,14.570858283433132,20.958083832335326,17.40518962075848,34.29141716566866,72.0662833953331,44.976399190829405
J9A,22505.0,92000.0,7.8431372549019605,11.362493715434892,29.562594268476623,44.997486173956766,12.108420351033104,14.64119084647856,15.152188402577204,14.441235281048655,12.752721617418352,8.15374361253055,4.798933570317708,9.234608985024959,17.165834719911256,17.443150305047144,46.69994453688297,65.18137035378415,59.83935742971887
J9B,8000.0,146000.0,5.098684210526316,6.25,15.789473684210526,69.90131578947368,10.75,8.75,12.937499999999998,16.25,16.0,10.8125,4.6875,8.57365549493375,15.900233826968044,16.835541699142635,50.66250974279034,42.6875,92.26973684210526
J9E,7665.0,52800.0,23.88663967611336,23.21187584345479,28.74493927125506,19.70310391363023,8.67579908675799,10.241356816699282,9.784735812133071,12.198303979125896,18.134377038486626,15.329419439008479,11.741682974559687,29.52231793265466,20.43852779953015,13.70399373531715,9.318715740015662,79.43737441393168,65.28150134048258
J9H,32920.0,89000.0,9.617526921648718,12.291125139249907,28.666914222057184,43.260304493130334,10.631834750911299,11.603888213851763,14.489671931956257,12.940461725394897,13.198663426488459,10.34325637910085,7.548602673147023,14.707038930397168,22.040896578843885,19.543845851356664,32.5599685410932,51.26681263684705,68.57355126300149
J9J,41340.0,108000.0,5.3452115812917596,8.081450843143493,25.930639516385618,54.78841870824054,12.046444121915819,13.824383164005805,18.347847121432025,13.40106434446057,9.4581519109821,5.902273826802128,2.39477503628447,10.276616275329689,18.896751366999034,19.39530395625603,41.68542939852043,57.74767146486028,68.36409929980903
J9L,14165.0,57600.0,20.777279521674142,21.748878923766814,28.400597907324364,23.168908819133037,9.495234733498059,10.16590187080833,11.542534415813625,11.436639604659371,16.978468055065303,15.566537239675258,10.554182845040593,30.162810625535563,18.466152527849186,13.024850042844902,12.68209083119109,98.8534575420996,62.25710014947683
J9P,33010.0,75500.0,15.023163467902052,16.909331568497684,25.810721376571806,37.45863666446062,10.0878521660103,12.677976370796728,12.359890942138746,11.75401393517116,16.101181460163584,11.81460163586792,7.846107240230234,25.5107778819119,21.499531396438613,14.489222118088097,14.432989690721648,95.16030534351145,61.15155526141628
J9T,13225.0,71500.0,15.625,18.158783783783782,28.209459459459456,32.77027027027027,11.342155009451796,11.531190926275993,12.325141776937617,11.190926275992439,15.311909262759924,12.816635160680528,9.149338374291114,25.309229305423408,20.313986679352997,14.93815413891532,13.653663177925784,96.71434093544646,57.61421319796954
J9V,3410.0,63600.0,17.405063291139243,19.62025316455696,27.531645569620256,29.11392405063291,8.651026392961878,8.944281524926687,9.970674486803519,10.997067448680351,16.422287390029325,15.835777126099707,14.076246334310852,18.808193668528865,24.20856610800745,16.387337057728118,16.945996275605214,96.84684684684684,67.72151898734177
J9X,22995.0,61200.0,19.26247288503254,20.563991323210413,28.546637744034708,26.507592190889373,11.350293542074363,13.611654707545117,11.654707545118503,10.328332246140464,14.87279843444227,12.698412698412698,11.241574255272885,21.44942925404831,21.024688080700823,16.936554287231218,18.794796920626496,96.04332449160036,45.62012142237641
J9Y,10755.0,110000.0,5.875299760191846,10.311750599520384,22.781774580335732,55.39568345323741,9.9953509995351,13.20316132031613,14.086471408647142,13.621571362157137,14.830311483031148,8.97257089725709,3.9516503951650392,21.26537785588752,17.164616285881664,17.867603983596954,14.938488576449913,98.37284983728497,91.15890083632019
J9Z,7410.0,60000.0,21.65242165242165,19.65811965811966,26.06837606837607,27.92022792022792,10.59379217273954,9.176788124156547,10.6612685560054,11.201079622132253,16.464237516869098,14.84480431848853,13.562753036437247,29.149463253509495,20.726672171758878,11.47811725846408,10.156895127993394,98.7101154107264,62.82051282051282
