{"type": "Topology", "arcs": [[[34011, 11833], [-57, -26]], [[33954, 11807], [-66, -20], [-53, -30], [-49, -38], [-37, -20], [-36, -4], [-84, -4], [-59, -21], [-55, -39], [-80, -81]], [[33435, 11550], [-106, 144], [-56, 75], [5, 4], [-115, 159]], [[33163, 11932], [-4, 43], [7, 7], [36, 10], [3, 10], [17, -7], [11, 2], [12, 18], [-4, 21], [52, 54], [25, 31], [18, -23], [41, 41], [16, -18], [25, -5], [9, 8], [-9, 12], [16, 12], [8, -12], [46, 31], [-15, 16], [11, 9], [44, 45], [24, -30], [74, 30], [30, 26]], [[33656, 12263], [80, -103], [57, -66], [82, -99], [136, -162]], [[33143, 12884], [-14, 17], [-14, -11], [-51, 11], [-11, 38], [17, 6], [11, 15], [-17, 20], [27, 30], [-58, 67], [45, 55], [72, -80]], [[33150, 13052], [21, -26], [-15, -16], [-4, -14], [24, -32], [-12, -10], [-10, -20], [16, -19], [-27, -31]], [[34625, 12917], [7, 6], [10, -22]], [[34642, 12901], [-12, -11], [-10, 7]], [[34620, 12897], [5, 20]], [[34625, 12917], [-17, 24], [-4, -3], [-17, 29], [-17, -1], [-22, 39], [10, 14], [-9, 19], [14, 3], [13, 31], [26, -47], [-5, -3], [25, -55], [-7, -20], [9, -16], [1, -14]], [[34350, 13769], [-108, -89], [176, -310], [-117, -90]], [[34301, 13280], [-21, 24]], [[34280, 13304], [-43, 47], [-78, 98], [-25, -27], [-34, -17], [-31, 69], [-41, 29], [-5, 16], [14, 5], [10, 28], [-37, 51], [-18, 32], [-29, 28], [-15, 2], [-25, 12], [-11, 0], [-24, 17], [-13, 5], [-7, 15], [23, 49], [5, 32], [21, 24], [-18, 24], [-16, 6], [-26, 20], [-10, 14], [-10, 27], [-15, 17], [-29, 9], [-2, 18], [-12, 8], [-26, 54], [-17, 15], [-7, 19], [-26, 21], [-24, 25], [5, 25], [1, 26], [-14, 6], [-31, 4], [-5, 22], [-20, 14], [-25, -10], [-12, 12], [-16, -11], [-11, 16], [0, 15], [10, 8], [-22, 36], [-9, 6], [-3, 20], [-11, 8], [6, 21], [43, 39], [8, 15], [16, 5], [28, 27], [0, 10], [27, 28], [6, 15], [28, 27], [15, 33], [31, -20], [9, 9], [16, 46], [4, 40], [7, 31], [17, 50], [3, 57]], [[33780, 14726], [214, -359], [128, -217], [96, -158], [132, -223]], [[33432, 15269], [43, -36], [11, -17]], [[33486, 15216], [-198, -142], [-339, -246], [-217, -158]], [[32732, 14670], [-320, 363], [-3, -4], [-224, -234], [-444, -466], [6, -7], [-258, -300], [107, -129], [19, -21], [135, -142], [112, 130], [109, -128], [2, -4], [191, -226], [134, -158], [-7, -2], [122, -148], [42, -50], [12, -2], [61, -75], [2, -47], [-10, -31], [-18, -19], [5, -24], [-8, -14], [-8, -27], [-1, -22], [-18, -3], [-9, -8], [-3, -18], [11, -16], [17, -13], [14, -31], [-6, -23], [-15, -5], [-29, 43], [-18, -17], [-19, 5], [-35, -5], [-19, 11], [-17, -16], [-26, -1], [-10, -7], [141, -162], [10, -9], [45, -56], [79, 30], [71, 26], [50, 19], [125, 46], [48, 17], [49, 20], [94, 36], [63, 21]], [[33083, 12767], [22, -26], [5, -67], [-3, -10], [36, -50], [-15, -5], [-5, -12], [-23, -14], [-9, -18], [-11, 13], [-11, -3], [-21, 10], [-17, -9], [-12, -26], [-11, -15], [29, -32], [-1, -10], [15, -14], [-1, -41], [-15, -1], [-12, -20], [-15, -4], [-20, -17], [-43, 51], [-57, -28], [-86, -52], [-27, -31], [31, -35], [64, -88], [-13, -4], [-28, -21], [-5, 5], [-16, -14], [94, -114], [61, 48], [183, -215]], [[33146, 11898], [-29, -14], [-27, -29], [-31, -24], [-10, -35], [-16, -11], [-33, -4], [4, -16], [23, -27], [3, -63], [-5, -13], [-12, 2], [-11, 20], [-10, -1], [2, -21], [12, -11], [9, -58], [13, -126]], [[33028, 11467], [-45, 3], [-44, 0], [-39, 3], [-22, 6], [-38, 16], [-120, 95], [-41, 37], [-25, 17], [-32, 17], [-39, 9], [-45, 4], [-34, -6], [-34, -15], [-29, -24], [-13, -21], [-78, -137], [-29, -59], [-14, -22], [-24, -19], [-75, -40], [-30, -17], [-54, -36], [-20, -16], [-57, -62], [-34, -49], [-63, -82], [-31, -30], [-75, -58], [-55, -31], [-40, -14], [-31, -6], [-83, -10]], [[31635, 10920], [-86, 104], [-51, 58], [-58, 71], [-74, 94], [-91, 106], [-118, 147], [-41, 47], [-24, 31], [-140, 165], [-162, 198], [-246, 288], [-29, 36], [-139, 162], [-24, 29], [126, 130], [30, 30], [12, 17], [31, 32], [45, -54], [113, 130], [24, -37], [120, 129], [96, -124], [60, 68], [20, -23], [125, 140], [16, 20], [105, 114], [-258, 297], [-126, 144], [-49, 59], [-3, -4], [-328, 386], [-110, 123], [-138, 155], [-88, 102], [266, 307]], [[30441, 14597], [345, 395], [-7, 26], [14, 19], [2, 36], [-16, 15], [1, 20], [8, 14], [7, 58], [-3, 36], [1, 17], [37, 72], [1, 19], [6, 22], [32, 49], [6, 15], [27, 14], [15, -5], [3, 32], [17, 22], [-3, 27], [-6, 11], [7, 30], [-2, 36], [-8, 22], [21, 25], [5, 16], [-16, 12], [-3, 22], [-9, 19], [-1, 15], [15, 35], [15, 21], [-4, 12], [-20, 22], [-17, 12], [-2, 25], [24, 30], [28, 3], [23, 28], [16, 39], [-1, 21], [13, 14], [13, -4], [21, 48], [38, 52], [7, 32], [24, 48], [8, 26], [-1, 45], [4, 37], [16, 34], [-1, 14], [-8, 8], [-6, 30], [7, 14], [7, 34], [38, 14], [5, 9], [22, 12]], [[31206, 16423], [16, 40], [14, 22], [15, 29], [33, 40], [21, 10], [8, -17], [17, -14], [11, 4], [20, -9], [6, -13], [1, -29], [6, -23], [14, -12], [12, -20], [6, 2], [7, 21], [1, 26], [18, -1], [15, 37], [13, 3], [33, -9], [13, 0], [17, 12], [8, 15], [9, 0], [18, 15], [4, 34], [-3, 25], [5, 11], [27, 2], [26, 44], [11, 1], [15, 26], [4, 29], [7, 4], [19, -7], [36, 4], [27, 0], [38, -42], [13, 11], [13, -5], [23, -21], [17, 14], [23, 2], [16, 25], [23, 11], [23, -24], [13, -32], [27, -41], [41, -31], [37, -7], [15, -12], [45, -15], [6, -9], [23, -11], [2, -31], [9, -16], [20, -7], [5, -11], [36, -35], [59, -63], [30, -19], [8, -11], [40, -22], [10, -2], [19, -21], [49, -34], [100, -52], [10, 7], [25, -10], [22, -17], [26, -1], [16, -10], [23, 4], [19, -15], [19, -2], [-3, -18], [6, -23], [50, 34], [208, -271], [203, -275], [166, -208], [123, -140]], [[38197, 19060], [-3, -12], [-22, -21], [-4, -27], [5, -21], [9, 3], [21, -20], [11, -3], [16, -22], [-2, -11], [8, -15], [29, -20], [15, -29], [8, -10], [5, -18], [8, -3], [13, -19], [9, -29], [11, -8], [5, -21], [23, -29], [9, 0], [26, -48], [13, -12], [1, -18], [20, -4], [16, -24], [2, -38], [-5, -16], [7, -14], [13, 0], [-14, -34], [-18, 3], [2, -15], [-14, -21], [-9, 1], [-2, -21], [6, -15], [-21, -16], [-7, -1], [-14, -15], [-12, -6], [-3, -11], [-14, -12], [-11, 6], [-22, -3], [-9, -22], [-30, -9], [-14, 1], [-20, -17], [0, -39], [-18, -40], [1, -12], [-29, -61], [6, -22], [71, -48], [152, 78], [254, 135]], [[38675, 18335], [-58, -220], [149, -57], [125, -44]], [[38891, 18014], [124, -41], [68, -35], [-86, -44], [-121, -65], [14, -61], [26, -98], [156, 79], [3, 66], [6, 4], [102, -140], [57, -83], [19, 20], [18, -71], [46, -136], [333, -246]], [[39656, 17163], [-14, -34], [-46, -75], [-46, -62]], [[39550, 16992], [-111, -152], [-78, -104], [-235, -327], [-207, -290], [-42, -33], [-23, -14], [-157, -86], [-174, -84], [-97, -52], [-67, -54], [-44, -53], [-27, -49], [-12, -42], [-16, -81], [2, -105], [10, -94], [16, -63], [-635, 157], [-20, 9], [-161, 80], [-29, 18], [-93, -201], [-77, -165], [5, -6], [-63, -131], [-66, -128], [-30, -76], [-19, -44], [-19, -62], [-66, -123], [110, -171], [83, -118], [79, -109], [70, -102], [-6, -33], [-25, -80], [-71, -40], [-54, -40], [-34, -33], [-5, -33], [-29, -69], [-28, -45], [-113, -161], [-27, -43], [-34, -38], [-64, -86], [-62, -55], [-19, -10], [-57, -38], [-70, -41], [-72, -46], [-23, -13], [-64, -46], [-59, -45], [-74, -55], [-72, -66], [-44, -33], [-36, -30], [-27, -25], [-99, -67], [-23, -10], [-282, -66], [-28, -5]], [[35756, 12785], [-57, -1], [-16, 4], [-55, 0], [-93, -15], [-75, 20], [-21, 3], [-46, 19]], [[35393, 12815], [42, 44], [32, 45], [22, 66], [22, 59], [23, 44], [-36, 27]], [[35498, 13100], [-13, 13], [-11, 31], [1, 9], [-21, 21], [-13, 0], [-9, -10], [-13, -3], [-23, 29], [-22, 54], [16, 43], [-8, 14]], [[35382, 13301], [-22, 42], [-74, 131], [-53, 93], [-69, 117]], [[35164, 13684], [-39, 71], [-99, 164], [-53, 97]], [[34973, 14016], [256, 207], [14, 11], [-39, 58], [126, 98], [-13, 39], [-14, 16], [-9, 24], [1, 29], [34, -1], [45, 4], [-56, 67], [29, 30], [-164, 173], [4, -25], [-19, -25], [-44, -4], [-25, -9], [-4, 45], [10, 44], [-7, 25], [-102, -1], [-4, 14], [14, 7], [-23, 66], [68, 50], [-32, 51], [-278, 437], [-319, 517], [-36, 56]], [[34386, 16019], [-80, 138], [-101, 107], [-221, 373], [-232, 386], [-142, 236], [-213, 353], [-160, 264], [-216, 359], [-153, 253], [-246, 407], [-210, 342], [-216, 358], [-255, 418], [-118, 196], [-118, 192], [-40, 65]], [[31665, 20466], [165, 5], [161, -7], [385, 3], [149, -5], [452, 3], [388, 1], [130, 2], [311, -2], [135, 0], [401, 0], [81, -1], [-190, 311], [157, 1], [13, 19], [1, 15]], [[34404, 20811], [211, -1], [277, 0], [286, 0], [284, 1], [189, 1], [94, 0], [207, -1], [143, -2], [343, 1]], [[36438, 20810], [228, 0], [71, 0], [142, -1], [122, 1], [156, 0], [134, -1], [187, 2], [212, 0], [134, 0], [212, 1], [-5, -430], [-2, -306], [-3, -372], [-4, -368], [-3, -485], [20, 25], [104, 120], [32, 40], [22, 24]], [[38117, 17511], [-27, 6], [-126, 49], [-58, -31], [-123, -19], [-86, -14], [-144, -22], [-317, -54], [-317, -56], [-85, -18], [-69, -87], [-86, -112], [-97, -273], [106, -186], [116, -203], [201, -352], [56, -99], [54, -99], [86, -144], [64, -113], [7, -4], [26, 53], [130, 265], [21, 39], [56, 120], [24, 49], [13, 30], [19, -12], [39, 79], [61, 133], [68, 139], [96, -63], [59, 129], [134, -98], [-10, -27], [207, 138], [4, -9], [85, 51], [207, 128], [-78, 108], [-25, 111], [-13, 70], [-41, 42], [32, 232], [8, 62], [12, 80], [-88, -2], [-43, -2], [-158, -14]], [[58692, 20810], [-362, 1], [-562, -1], [-124, 0], [-34, 9], [-200, 23], [-298, 30], [-470, 51], [-1, 99], [-312, 43], [-26, 1], [-47, 9], [-88, 7], [-81, 30], [-73, 19], [-106, 9], [-116, -16], [-127, -41], [-76, -20], [-68, 12], [-70, 35], [-61, 40], [-14, 12], [-32, 33], [-47, 53], [-45, 59], [-33, 37], [-17, 7], [-47, 35], [-73, 34], [-41, 7], [-26, 1], [-127, -5], [-22, -6], [-38, -4], [-50, -3], [-56, -8], [-52, -14], [-40, -18], [-43, -27], [-13, -17], [-25, -55], [-16, -44], [-28, -54], [-10, -16], [-28, -20], [-43, -17], [-106, -45], [-266, -112], [-181, -68], [-70, -38], [-137, 18], [-18, -9], [-50, -33], [-12, -1]], [[53584, 20832], [-70, 185], [-71, 188], [-14, -30], [-2, -17], [-18, -14], [-12, 0], [-3, -19], [-24, -16], [-19, -6], [-4, -18], [-33, 13], [-18, 1], [-19, 12], [-7, 10], [-15, 45], [-6, 8], [9, 17], [0, 19], [-74, -34], [-98, -42], [-104, 305], [-97, 256], [134, 57], [-73, 84], [-170, 207], [146, 134], [23, -29], [57, -66], [55, -75], [101, -150], [21, -36], [31, 14], [-18, 35], [64, 36], [232, 139], [257, 138], [305, 162], [271, 142], [29, 10], [167, -6], [93, 1], [229, -12], [60, -2], [22, -3], [262, -12], [339, -17], [202, -8], [4, 44], [2, 76], [4, 80], [5, 136], [1, 67], [7, 275], [5, 300], [-2, 11], [-68, 203], [-63, 182], [-93, 272], [-23, 68], [387, 161], [444, 194], [416, 183], [114, 47]], [[56864, 24737], [322, 135], [559, 235], [319, 134], [442, 181], [198, 86]], [[58704, 25508], [463, 2], [518, 1], [308, 0], [555, -2], [1, 104], [359, 1], [577, 1], [391, -1], [325, 0], [81, 0], [274, 2], [404, 1], [68, -4], [52, 0], [81, 4], [153, 5], [17, 1], [217, 3], [248, 3], [98, -1], [447, 3]], [[64341, 25631], [8, -594], [9, -754], [-56, -173], [-38, -54], [-339, -250], [-121, -91], [-60, -42], [-374, -193], [-45, -19], [-189, -76], [-548, -177], [0, -1], [-146, -52], [-110, -37], [-201, -236], [-107, -123], [-154, -179], [-24, -27], [-18, -53], [-91, -302], [87, -96], [336, -347], [223, -218], [-13, -23], [-26, -30], [-76, -54], [-142, -93], [-163, -117], [-30, -14], [-440, -203], [-329, -138], [-112, -54], [-284, -1], [-609, 1], [-419, -1], [-516, 1], [-532, -1]], [[58955, 27663], [3, -111], [90, 0], [2, -172], [-1, -12], [-1, -149], [-96, -1], [-37, 5], [-213, -3], [-125, 3], [-4, 411], [20, -1], [0, 83], [360, 3], [2, -56]], [[60545, 28383], [-408, 15], [-140, 10], [-229, 6], [-217, -23], [3, 385], [-275, 80], [-221, -32], [-334, -49], [-159, -32], [-138, -31], [-371, -77], [-37, -8], [-128, -21], [-197, -24], [-245, -71], [-240, -66], [-153, -50], [-168, -51], [-71, -22], [-75, -19], [-62, -18], [-274, -91], [-205, -59], [-103, -31], [-274, -128], [-167, 465], [21, 10], [-34, 90], [38, 15], [-151, 173], [-133, 151], [11, 3], [-15, 93], [-34, 197]], [[55360, 29173], [289, 70], [516, 102], [199, 35], [269, 40], [36, 0], [584, 6], [366, 1], [94, 1], [72, 4], [115, 12], [128, 9], [116, -2], [39, 38], [163, 1], [42, 16], [90, 12], [23, -11], [14, -12], [196, 1], [358, -1], [202, -1], [294, -30], [54, -8], [341, -56], [519, -45], [313, -32], [583, -124], [303, -66]], [[61678, 29133], [-9, -338], [-7, -327], [-150, 1], [-280, 0], [-214, 2], [-264, -1], [-210, 3], [1, -90]], [[93241, 47367], [3, -345], [0, -291], [3, -632], [-2, -453], [-8, 0], [1, -328], [-2, -159], [3, 0], [-2, -284], [-3, -441], [-1, -163], [0, -91], [-3, -635], [-374, -134], [-484, -176], [-748, -273], [-98, -39], [-562, -211], [-341, -120], [-292, -103], [-225, -86], [-411, -148], [-131, -48], [-175, -31], [-393, -43], [-386, -37], [-393, -39], [-335, -29], [-93, -148], [-226, -321], [-54, -120], [-36, -83], [-287, -608], [-230, -432], [-184, -367], [-97, -197], [-201, -291], [-170, -273], [-36, -59], [-123, -168], [-50, -73], [-188, -198], [-279, -298], [-172, -166], [-96, -94], [-143, -124], [-216, -166], [-92, -67], [-57, -45], [-131, -113], [-361, -274], [-166, -118], [-355, -279], [-338, -251], [-355, -259], [-385, -292], [-883, -664], [-489, -345], [-50, -37], [-619, -507], [-1438, -1652], [-28, -31], [-537, -618], [-693, -803], [-365, -426], [-291, -307], [-179, -176], [-362, -358], [-768, -764], [-644, -645], [-247, -241], [-510, -499], [-141, -153], [-156, -117], [-74, -21], [-100, -4], [-998, -14], [-370, 9], [-614, 75], [-486, 68], [-360, 33], [-210, 28], [-278, 69], [-941, 225], [-934, 234], [-97, 24], [-1050, 308], [-551, 203], [-339, 108], [-333, 88], [-166, 185], [-32, 37], [-1472, 1729], [-73, 86], [-601, 220], [-309, 94], [-405, 46], [-502, -50], [-241, -20], [-563, -47], [-581, 51], [-463, 149], [-349, 150], [-370, 197], [-563, 243], [-209, 28], [-451, 20], [-463, 23], [-465, 45], [-300, 47], [-195, 32], [-952, 101], [-248, 26], [-164, 12], [-283, -33], [-92, -21]], [[56114, 32584], [-354, 330], [-1075, 992], [-404, 369], [-403, 367], [-179, 398], [-15, 53], [-8, 101], [-1, 42], [0, 115], [-6, 506], [7, 253]], [[53676, 36110], [257, 8], [34, 31], [2, 6], [145, 129]], [[54114, 36284], [19, -31], [18, -11], [4, -26], [11, -11], [16, 1], [19, -16], [7, -22], [12, -4], [18, 15], [13, 4], [9, -14], [32, 0], [25, 7], [61, 52], [24, 2], [29, -20], [16, -16], [15, 5], [8, 45], [92, 74], [39, 39], [25, 18], [46, 23], [22, 15], [19, 17], [21, 41], [13, 18], [17, 12], [21, 8], [4, -18], [12, -11], [21, 11], [27, -3], [28, 3], [17, 10], [7, -8], [17, 0], [19, -7], [4, 14], [-10, 6], [-1, 17], [15, -4], [10, -27], [12, -9], [20, 1], [12, -13], [4, -17], [-10, -38], [1, -15], [25, -53], [12, -96], [7, -15]], [[55038, 36237], [-1, -14], [-28, -7], [-13, -18], [-24, 0], [-12, -11], [6, -14], [-7, -10], [22, -20], [8, 2], [19, -21], [10, -16], [26, -27], [0, -13], [48, -51], [6, -16], [-43, -129], [6, -324], [219, -342], [265, 64], [110, 458], [91, 378], [11, 2], [28, -11], [63, -38], [73, -41], [47, -23], [3, 30], [-10, 13], [-33, 20], [8, 71], [-89, 60], [-55, 24], [-12, -34], [0, -19], [-35, 1], [4, 57], [11, 107], [-120, 100], [-8, 568], [-266, 8], [0, 553], [1, 502], [386, 7], [196, 3], [19, -4], [280, 5], [403, -9], [3, 44], [238, -5], [453, -11], [420, -7], [429, -4], [327, -16], [-6, -16], [1, -59], [-3, -49], [-4, -16], [1, -22], [7, -15], [25, -30], [14, -31], [3, -32], [18, -19], [2, -18], [20, -28], [6, -55], [-10, -45], [-1, -41], [-13, -61], [12, -29], [1, -42], [14, -26], [7, -23], [0, -17], [11, -38], [0, -22], [28, -53], [1, -19], [-6, -46], [0, -20], [62, 13], [0, 237], [1, 381], [2, 402], [-2, 405], [3, 408], [-2, 413], [-2, 439], [5, 437], [-5, 455], [-1, 190], [1, 2], [0, 171], [-2, 2], [-1, 115], [3, 300], [0, 2], [0, 328], [0, 1049], [0, 699], [0, 621], [0, 761], [0, 331], [0, 1398], [0, 765], [0, 427], [0, 537], [0, 255], [0, 509]], [[58711, 49239], [4, -29], [37, -28], [-16, -111], [-4, -110], [-13, -29], [4, -39], [52, -24], [-48, -46], [164, -271], [21, -17], [30, -11], [38, -9], [33, -12], [-10, -15], [17, -58], [32, -24], [25, -25], [-4, -44], [-1, -60], [9, -12], [43, -28], [40, -15], [47, 9], [30, 19], [0, 21], [-15, 42], [43, 31], [-80, 54], [27, 31], [25, 18], [-1, -39], [51, -63], [-1, -124], [-5, -50], [14, -38], [31, -41], [1, -15], [-22, 2], [-17, -42], [-27, -59], [-18, -61], [-18, -24], [-34, 4], [-44, -10], [-26, -90], [8, -77], [22, -68], [29, -49], [22, -15], [26, -33], [23, -15], [22, -4], [13, -59], [11, -78], [2, -63], [5, -37], [-20, -49], [15, -12], [41, -10], [39, 25], [21, 40], [19, 51], [8, 47], [30, 52], [-3, 40], [-20, 94], [17, 18], [78, 36], [40, -57], [29, 29], [66, -45], [56, -41], [3, -29], [-17, -38], [-12, -35], [-10, -11], [-10, -42], [3, -28], [-7, -8], [7, -14], [8, -34], [9, -20], [20, 7], [26, 43], [35, -59], [16, 1], [32, -8], [31, -28], [46, -32], [22, -1], [39, 60], [27, -29], [35, 40], [23, 10], [20, -17], [0, -37], [-13, -49], [13, -35], [10, -55], [-6, -48], [-71, -98], [-3, -39], [26, -30], [42, -6], [33, -1], [25, -20], [31, -4], [26, -22], [42, -12], [51, -17], [49, -34], [68, -20], [36, 2], [32, 79], [15, 32], [39, 24], [51, 27], [9, -4], [18, -31], [51, -18], [58, 22], [25, 0], [2, -13], [-24, 2], [-21, -15], [0, -19], [50, -60], [37, 0], [0, -16], [20, -12], [-8, -28], [14, -31], [25, -41], [60, -68], [60, -35], [28, -8], [27, 3], [28, -11], [28, 0], [24, 30], [20, 50], [3, 33], [12, 30], [27, 12], [-10, 27], [-17, 24], [-27, 3], [-19, 13], [11, 22], [17, 18], [10, 20], [-6, 40], [-32, 12], [-26, 3], [-13, -9], [-6, 19], [16, 40], [41, 53], [91, -44], [43, -19], [34, -4], [48, 13], [18, -20], [33, -22], [49, -10], [39, 49], [71, 39], [39, 18], [26, 2], [14, -18], [12, -49], [21, -50], [26, -28], [60, -28], [38, 15], [34, 25], [44, 3], [22, 15], [9, -23], [5, -28], [21, -14], [62, 22], [25, 5], [14, -12], [-2, -20], [-16, -40], [0, -48], [12, -65], [8, -14], [21, 4], [2, -13], [-11, -19], [61, -43], [-15, -50], [1, -15], [43, 15], [16, -58], [45, -5], [53, 6], [56, 24], [-20, -92], [14, -33], [14, -53], [-10, -36], [30, -18], [29, -9], [20, -14], [12, -49], [5, -67], [-26, -13], [-11, -18], [10, -32], [2, -43], [-5, -49], [41, -16], [32, 5], [18, 21], [5, 17], [17, -36], [26, -65], [13, -61], [49, -53], [31, -72], [25, -37], [31, -70], [24, -14], [15, 52], [13, 35], [78, 78], [62, 54], [69, 25], [75, 59], [66, 63], [31, 53], [27, 69], [34, 46], [14, 47], [-6, 29], [10, 40], [28, 57], [23, -8], [44, -40], [46, -36], [19, -7], [24, -2], [31, 10], [31, 26], [17, 7], [29, 19], [63, -39], [26, -4], [12, 43], [50, 93], [-14, 63], [13, 27], [71, 38], [8, 23], [-15, 22], [22, 4], [20, 21], [11, 63], [44, 54], [28, 41], [10, 40], [-18, 28], [-24, 14], [-21, 20], [-39, 25], [-13, 15], [-12, 40], [-4, 47], [1, 31], [5, 48], [-11, 49], [24, 59], [3, 20], [-8, 28], [-17, 20], [-59, 52], [-27, 29], [-24, 33], [-22, 40], [-23, 63], [-35, 79], [-6, 33], [9, 66], [1, 63], [-2, 66], [-3, 33], [5, 16], [48, 8], [-7, 43], [-4, 52], [-5, 28], [-1, 31], [-6, 29], [-17, 34], [-30, 38], [4, 18], [28, 23], [18, 29], [-10, 35], [-9, 12], [21, 44], [2, 62], [4, 56], [-9, 39], [-56, 40], [7, 21], [23, 2], [24, 11], [17, 13], [8, 22], [-16, 25], [-18, 59], [-54, 29], [11, 8], [30, -2], [52, 6], [30, -3], [34, -13], [3, -16], [-19, -6], [-1, -23], [17, -27], [38, -21], [19, -18], [40, -17], [24, -22], [23, -44], [32, -14], [75, 10], [102, 12], [14, 43], [-1, 47], [-18, 24], [-34, 20], [0, 25], [-34, 69], [-47, 74], [-25, 55], [-29, 55], [34, 43], [7, 22], [-14, 21], [-34, 41], [-26, 67], [-10, 55], [-8, 28], [15, 14], [39, -25], [26, 23], [18, 2], [26, -10], [42, 11], [7, 53], [-9, 37], [-19, 31], [43, 40], [-43, 68], [11, 60], [14, 14], [23, 4], [35, 36], [-24, 56], [-37, 35], [5, 15], [31, -13], [128, -73], [53, -40], [22, -14], [8, -25], [44, -40], [31, -14], [27, 21], [7, 55], [-53, 68], [53, 34], [16, 50], [-31, 38], [-42, 42], [-40, 46], [-21, 33], [-30, 56], [12, 42], [-3, 39], [-22, 59], [-25, 38], [-2, 65], [2, 44], [-15, 44], [-43, 32], [-32, -46], [-9, 8], [58, 94], [-15, 19], [5, 52], [14, 38], [5, 26], [-15, 27], [-49, 8], [-14, 12], [-41, 79], [32, 15], [18, 42], [-3, 23], [10, 7], [45, -32], [30, -9], [19, 17], [12, 67], [-30, 24], [-25, 14], [-22, 20], [0, 36], [21, 23], [18, 13], [24, 4], [14, -13], [30, -42], [9, -55], [12, -44], [12, -11], [22, 49], [14, 48], [-7, 13], [19, 6], [43, 1], [20, 54], [-13, 36], [-23, 34], [17, 20], [-11, 23], [-45, 14], [7, 22], [81, -14], [13, 35], [-19, 15], [-14, 23], [-4, 118], [5, 20], [37, -10], [79, 27], [45, 117], [19, 24], [28, 7], [21, 25], [5, 15], [-37, 53], [-3, 10], [47, 35], [-8, 42], [-22, 40], [-29, 15], [-25, -12], [-19, 9], [-10, 19], [5, 26], [25, 41], [-4, 20], [-27, 54], [-8, 80], [-22, 78], [-1, 62], [-9, 46], [1, 57], [-16, 40], [-10, 18], [-24, 26], [-2, 36], [20, 44], [2, 31], [-62, 62], [-12, 25], [13, 29], [-14, 48], [-33, 32], [-54, 42], [-32, 45], [-49, 89], [-56, 45], [9, 11], [69, -31], [21, 18], [6, 13], [-21, 51], [23, 40], [16, 6], [30, -35], [56, -41], [10, -4], [15, 81], [28, 10], [27, 42], [-28, 35], [-30, 25], [-7, 33], [1, 47], [27, 25], [29, 55], [13, 35], [1, 48], [-18, 36], [-6, 42], [-58, 83], [8, 49], [14, 4], [58, -35], [35, 16], [50, 59], [21, 17], [13, 44], [-5, 39], [-28, 37], [-39, 40], [-23, 29], [13, 34], [16, 56], [13, 17], [54, 20], [80, 7], [63, 0], [41, 24], [69, -80], [38, -12], [59, 18], [16, 43], [-12, 32], [4, 10], [32, -4], [53, 6], [39, -10], [87, -74], [13, -6], [55, 8], [42, 18], [90, 12], [67, 34], [12, 29], [-19, 29], [0, 14], [15, 4], [-8, 32], [-1, 34], [8, 10], [19, -1], [47, -32], [43, -21], [18, 0], [21, 23], [-43, 73], [43, 3], [19, 14], [24, 52], [23, -6], [35, -3], [20, 6], [15, -16], [65, -51], [64, -36], [37, 9], [22, 29], [27, 17], [61, 15], [21, 8], [24, 24], [33, 5], [19, -9], [33, -30], [44, 0], [20, 9], [60, 4], [9, 43], [-26, 17], [-26, 21], [-8, 19], [2, 13], [11, 5], [69, -6], [-16, 55], [-7, 31], [8, 18], [24, 13], [46, 1], [24, 10], [0, 28], [-7, 33], [14, 5], [13, -42], [39, -2], [31, 13], [53, 8], [29, 21], [36, 66], [17, 52], [3, 16], [-10, 26], [-70, 42], [-71, 39], [-2, 21], [20, 21], [55, -20], [26, 4], [58, -41], [41, -9], [47, -28], [27, 18], [14, 40], [-14, 34], [-32, 20], [-26, 32], [19, 52], [-16, 36], [14, 16], [23, 1], [12, -60], [9, 11], [15, -11], [-8, -9], [-15, -49], [2, -15], [28, -21], [18, -5], [2, -9], [33, -47], [-1, -12], [26, -23], [-21, -61], [-1, -15], [-16, -30], [-11, 5], [-12, -17], [32, -106], [-17, -9], [1, -15], [-29, -13], [5, -14], [26, -51], [-31, -2], [-13, -21], [-25, 10], [-16, -12], [-10, -75], [3, -56], [14, -16], [11, 4], [34, -23], [25, 4], [35, -19], [19, -14], [34, -11], [9, -20], [17, -8], [37, -48], [11, -30], [29, -52], [22, -21], [29, -6], [39, -37], [-1, -25], [12, 1], [17, -9], [21, -4], [21, 16], [25, -18], [20, 8], [16, -1], [6, -14], [11, -11], [13, -1], [27, -9], [-1, 9], [36, -7], [19, 8], [45, -18], [24, -25], [7, -17], [17, -5], [14, -12], [-3, -15], [9, -30], [17, -29], [55, -50], [11, -2], [39, -34], [20, -21], [40, -9], [3, -8], [23, -22], [9, -19], [1, -23], [18, -26], [19, -18], [2, -20], [-18, -15], [-11, -22], [-23, 10], [-14, 18], [-18, 2], [-12, -8], [-24, 3], [-17, -8], [0, -25], [-9, -13], [0, -12], [-15, -17], [-9, 13], [-15, 2], [-16, -23], [-1, -14], [-11, -8], [-39, 2], [-11, -7], [-33, 0], [-11, 7], [-49, 9], [-64, 24], [-47, -18], [-44, 21], [-31, -15], [-8, -14], [-28, -4], [-34, 32], [-24, 0], [-13, -10], [-19, -6], [-41, 6], [-30, -5], [-22, -16], [-48, 2], [-27, 12], [-5, -3], [-52, 1], [-30, -14], [-20, 4], [-20, -18], [-29, 6], [-8, -8], [-19, 8], [-4, -10], [-16, 5], [-31, -3], [-21, -16], [-30, -15], [-35, -5], [-28, -13], [-33, 0], [-23, 7], [-15, -8], [-12, 7], [-28, -19], [-20, 2], [-33, -17], [-15, -1], [-20, -10], [-25, 1], [-25, 11], [-22, -11], [-30, 2], [-27, 13], [-17, 1], [-45, -5], [-10, 4], [-9, -12], [-19, 7], [-71, -33], [-37, 12], [-20, 2], [-44, -10], [-9, -9], [-58, -24], [-44, 2], [-39, 14], [-16, -6], [-11, -20], [-14, -10], [-20, -1], [-18, 10], [-6, -14], [-21, -4], [-16, -25], [-16, 1], [-12, -17], [-12, 9], [-16, 0], [-15, -11], [-15, 5], [-16, -34], [-35, -15], [-22, -39], [-14, -19], [-35, 20], [-22, 30], [-10, 4], [-49, 5], [13, -33], [-1, -17], [-13, -24], [-16, -9], [-12, 16], [-17, -17], [-25, 1], [-16, -19], [-17, -32], [-15, -12], [-15, -2], [-18, 7], [-31, -19], [-28, -28], [-32, -12], [-26, -6], [-49, -48], [-20, 6], [-11, -10], [-8, -29], [-16, -20], [-7, 0], [-17, -25], [-4, -39], [5, -16], [2, -29], [-4, -18], [-20, -20], [-26, -12], [-7, -18], [16, -38], [-3, -11], [-24, -10], [0, -13], [-8, -22], [-27, -30], [-3, -41], [-24, -20], [12, -48], [-10, -9], [-11, 17], [-32, 15], [-5, -10], [3, -38], [-4, -28], [-2, -53], [-30, -94], [0, -35], [-5, -27], [3, -40], [0, -36], [19, -24], [12, -34], [11, -11], [40, -18], [17, -20], [9, -20], [13, -10], [22, 0], [13, -13], [-2, -9], [11, -13], [24, -12], [15, -27], [3, -27], [8, -13], [37, -29], [16, -17], [26, -39], [7, -43], [-6, -14], [-21, 2], [-16, -5], [-9, -13], [-3, -22], [7, -16], [34, -45], [17, -38], [11, -48], [13, -18], [12, -31], [27, -9], [10, -12], [19, 7], [2, 14], [46, -35], [34, -20], [14, -4], [19, 21], [15, -8], [15, 2], [29, -29], [10, -17], [16, -13], [14, -4], [24, 2], [18, -26], [15, -14], [16, -4], [40, -2], [16, 14], [12, -17], [21, -5], [14, -46], [12, 0], [23, -22], [10, -22], [30, 0], [26, -18], [47, -20], [38, -22], [15, 11], [23, 2], [2, 18], [31, 9], [39, -28], [25, -3], [-6, 24], [-19, 22], [-5, 22], [15, 22], [16, 8], [39, -17], [25, 2], [41, -8], [25, -12], [14, 4], [4, 16], [18, -9], [44, -11], [0, -7], [36, -4], [26, -17], [15, -23], [41, -30], [16, -17], [-6, -34], [-25, -12], [-23, -2], [-20, 8], [-10, -11], [-47, 38], [-13, 5], [-11, -20], [-18, -1], [-28, 26], [-8, -4], [-21, -28], [-15, 4], [-15, -5], [-9, 15], [4, 10], [-31, 37], [-26, 14], [-4, -6], [13, -22], [23, -17], [7, -14], [-4, -14], [-22, -5], [-61, 52], [-7, -26], [15, -24], [34, -28], [16, -10], [8, 7], [38, -26], [8, 5], [14, -8], [14, -26], [35, -22], [29, -35], [42, -27], [12, -19], [-5, -19], [-10, 3], [-39, -23], [-10, -10], [-34, 18], [-21, 25], [-4, -22], [8, -24], [41, -17], [16, 0], [31, 8], [31, -24], [27, -25], [0, -11], [15, -5], [15, -25], [25, -18], [8, -31], [8, -12], [-31, -19], [-20, 14], [-8, -11], [21, -18], [11, -23], [-10, -8], [2, -28], [8, -3], [15, -34], [5, -21], [15, -8], [22, -27], [21, -17], [26, -27], [5, -13], [15, -18], [4, -39], [7, -7], [18, -50], [18, -18], [-3, -19], [8, -40], [-7, -19], [-22, -4], [13, -25], [32, -54], [-2, -11], [13, -5], [12, -34], [9, -14], [-6, -16], [-20, -3], [-7, -14], [5, -24], [15, -42], [0, -34], [11, -15], [13, -44], [9, -12], [-1, -16], [18, -13], [-5, -9], [3, -23], [-8, -20], [7, -8], [-27, -44], [3, -42], [-11, -27], [16, -15], [-19, -11], [-13, -16], [2, -13], [-18, -20], [-4, -17], [17, -26], [1, -19], [-12, -26], [27, 12], [1, -17], [17, -25], [23, -7], [-2, 15], [13, 12], [-1, 9], [-26, 38], [11, 14], [29, -29], [9, -14], [21, -9], [14, -15], [-8, -17], [6, -23], [16, -16], [5, -18], [27, -25], [-4, -23], [9, -10], [1, -17], [15, -37], [34, -38], [15, -2], [8, -12], [-14, -16], [-18, 11], [-7, -13], [9, -11], [-31, -9], [-20, 2], [-11, 19], [-17, 9], [-24, 30], [4, 21], [-28, 10], [-5, -10], [-17, -5], [-14, -25], [-7, -6], [-16, 8], [-4, -16], [-13, -10], [-37, 35], [-19, 13], [-9, 21], [-14, 7], [-18, 31], [-17, -1], [-11, 15], [-10, -6], [-27, 13], [-22, 20], [-1, 10], [-20, 17], [-29, 18], [-12, 18], [-12, 6], [-17, 18], [-14, 4], [-12, 26], [-18, -5], [-22, 5], [0, 17], [-19, -2], [11, -26], [-10, -14], [-14, -3], [-19, 21], [-26, -2], [-20, 19], [-9, -3], [-16, 14], [-35, 4], [-13, -16], [-48, -19], [-6, -10], [13, -29], [-17, -22], [-12, -113], [22, -13], [9, -32], [16, -37], [9, -33], [0, -56], [3, -19], [12, -11], [11, 17], [3, 26], [18, 7], [15, -18], [-5, -40], [2, -22], [11, -21], [29, -24], [9, -16], [4, -31], [-7, -29], [-15, -19], [-3, -19], [20, -15], [511, -2], [594, -2], [607, 1], [658, -1], [448, 1], [479, -1], [641, -3], [599, 2], [605, 1], [212, 0], [688, 0], [709, -1], [661, -3], [796, -7], [671, 4], [590, 2], [540, 0], [525, -1], [457, -2], [535, 4], [479, 2], [398, 2], [1180, -4], [240, -2], [987, 5], [4802, -1], [221, 1], [799, 3], [637, 0], [542, -1], [728, -3], [650, -1], [679, -2], [145, -1], [340, 3], [395, 2], [636, 3], [371, 2], [405, 0], [508, 0], [264, 1], [607, 3], [1, -519], [2, -579]], [[55546, 49507], [51, -3], [7, -530], [8, -499], [0, -27], [-111, 0], [-437, 2], [-480, 1], [2, -371], [-6, -288], [-11, -349], [-402, -7], [-279, -6], [-729, 7], [-569, 8], [-3, -489], [-5, -605], [2, -413], [3, -456], [-374, 3], [-440, 3], [-576, -5], [-424, -5], [-448, -6], [-625, -11], [-569, -4], [-395, 0]], [[48736, 45457], [-233, -1], [-138, -4], [-211, 3], [-670, -5], [-689, 31], [-696, 21], [-719, -20], [-287, 14], [-404, 18], [-377, -13], [-484, -18], [-808, -1], [-152, 0], [-613, -7], [-380, -5], [-585, 4], [-410, 1], [-473, -15], [-311, -11]], [[40096, 45449], [2, 299], [7, 399], [0, 278], [-3, 410], [-5, 406], [0, 399], [-1, 400], [0, 402], [-2, 402], [-1, 399], [-2, 404], [1, 401], [1, 406], [1, 405], [3, 363], [0, 392], [-2, 158], [3, 404], [0, 395], [1, 396], [0, 325]], [[40099, 53292], [1, 123], [-4, 706], [4, 531], [-4, 178], [356, -11], [184, -15], [292, 11], [612, -3], [592, -1], [644, 1], [648, 4], [651, 1], [655, 2], [307, 2], [391, 3], [431, 2], [287, 1], [452, -3], [279, -2], [737, -2], [316, 2], [430, 3], [312, 2], [415, 1], [337, -2], [403, -4], [471, -4], [292, -2], [543, -5]], [[51133, 54811], [14, 0], [23, -61], [-36, -76], [23, -46], [47, -52], [1, -29], [32, -17], [39, 26], [31, 37], [128, -47], [36, -31], [82, -99], [-4, -35], [37, -42], [18, -42], [23, -4], [29, 17], [32, -35], [13, -21], [37, -15], [39, -9], [41, -74], [33, -23], [26, -4], [26, 37], [-2, 103], [-2, 60], [1, 24], [25, 32], [38, -20], [25, -3], [48, 78], [67, 21], [44, 31], [88, 38], [45, 0], [37, -51], [-7, -74], [31, -76], [3, -63], [-60, -132], [1, -24], [17, -57], [-20, -156], [-25, -42], [7, -19], [74, -7], [39, -45], [6, -83], [16, -59], [39, 60], [21, -5], [11, -19], [-19, -39], [23, -17], [68, 105], [40, 20], [44, -63], [72, 20], [51, 25], [1, -85], [21, -72], [25, -38], [34, -17], [50, -95], [64, -188], [-3, -29], [33, -50], [35, -10], [26, 12], [7, 18], [23, 10], [14, -33], [23, -18], [52, 8], [7, 22], [-35, 98], [-59, 118], [-19, 30], [-87, 97], [10, 26], [17, 9], [40, -36], [60, -60], [46, -10], [8, 27], [-20, 107], [-6, 79], [-25, 82], [0, 29], [26, 30], [22, -22], [23, -51], [52, -83], [8, -50], [34, -108], [38, -81], [51, 8], [14, -26], [37, -169], [3, -40], [21, -38], [53, -34], [35, -13], [19, 24], [11, 25], [-12, 37], [-22, 39], [-26, 83], [35, 27], [66, 20], [-11, 40], [-1, 36], [-21, 44], [2, 108], [5, 107], [-87, 164], [-20, 84], [-29, 70], [21, 15], [37, -16], [32, -40], [30, -70], [47, -56], [111, -68], [109, -9], [27, 10], [6, 51], [-7, 86], [10, 35], [16, 18], [27, 0], [28, -20], [27, -42], [39, -11], [15, 21], [4, 37], [-21, 53], [-43, 80], [-13, 45], [0, 112], [35, 65], [35, 52], [11, 35], [-9, 29], [-24, 27], [-10, 38], [17, 28], [26, 15], [-16, 34], [-32, 33], [-28, 22], [1, 33], [38, 33], [20, 32], [30, -16], [39, 1], [2, 23], [-42, 93], [-33, 52], [8, 21], [63, 45], [4, 112], [27, 46], [98, -30], [33, -60], [36, -10], [32, -20], [29, 1], [29, 25], [28, 8], [35, -5], [42, 20], [28, 31], [6, 43], [13, 46], [25, 18], [23, -21], [17, -31], [13, -43], [26, -26], [24, 26], [27, 71], [-4, 39], [-2, 57], [-22, 47], [5, 20], [22, 12], [2, 38], [-19, 43], [34, 3], [61, -48], [14, 18], [18, 46], [-21, 32], [-4, 36], [-26, 85], [18, 43], [-5, 38], [-16, 59], [35, 9], [20, 21], [10, 57], [51, -42], [17, -12], [45, 6], [34, -42], [72, -97], [51, -48], [45, -9], [39, 5], [12, 29], [39, -72], [24, -99], [21, 0], [20, -46], [8, -39], [17, -32], [50, -73], [5, -30], [-6, -33], [1, -49], [7, -31], [7, -62], [6, -28], [26, -35], [16, -49], [32, -20], [36, -37], [26, -58], [35, -34], [31, -63], [-14, -85], [26, -33], [37, -33], [13, -36], [-8, -22], [-43, 0], [-53, -24], [-31, 4], [-17, -20], [7, -22], [20, -21], [39, -21], [20, -33], [-5, -40], [-20, -35], [-14, -13], [-32, 12], [-58, 41], [-46, 70], [-18, 38], [-32, 32], [-46, 17], [-48, -30], [-22, -2], [-50, 28], [-18, 23], [-5, 35], [-21, 41], [-79, 10], [-50, -45], [-22, -97], [9, -67], [44, -61], [61, -90], [17, -40], [28, -48], [-4, -29], [-26, -46], [-3, -26], [17, -35], [112, 56], [26, -18], [15, -31], [-6, -46], [-23, -32], [16, -40], [68, -119], [15, -55], [-19, -81], [22, -34], [75, -55], [0, -26], [-34, -23], [-18, -19], [-11, -43], [-57, -77], [-4, -28], [10, -59], [-12, -30], [7, -16], [35, -39], [62, -48], [24, -46], [-15, -28], [18, -28], [29, -32], [13, -34], [-21, -34], [-7, -23], [32, -17], [76, -2], [-14, -70], [4, -47], [-20, -92], [-25, -28], [-51, 18], [-13, 14], [-12, -1], [-44, 61], [2, 29], [-18, 30], [-70, 163], [-41, 34], [-19, 35], [-32, 31], [-13, 40], [1, 11], [-36, 51], [-33, 37], [-24, 15], [-25, -21], [-31, -32], [-12, -51], [-24, -47], [-27, -64], [5, -63], [-30, -5], [-37, -10], [-31, -24], [47, -61], [31, -51], [12, -7], [10, -29], [-5, -25], [9, -14], [13, -7], [25, -24], [4, -17], [22, -31], [17, -16], [-9, -10], [24, -28], [7, -20], [14, -14], [4, -34], [45, -52], [16, -45], [8, -39], [11, -23], [4, -22], [-8, -20], [-1, -20], [18, -48], [-9, -31], [4, -19], [-4, -21], [-14, -2], [-89, 5], [-21, -4], [-16, -15], [3, -13], [12, -18], [27, -22], [25, -15], [26, -24], [26, -17], [23, -40], [0, -56], [3, -34], [24, -42], [10, -104], [-20, -47], [-23, 15], [-26, 32], [-38, 76], [-50, 15], [3, -71], [9, -70], [17, -42], [51, -79], [64, -122], [-11, -36], [-46, -62], [-1, -25], [68, -66], [60, -43], [7, -33], [-26, -81], [11, -41], [-1, -100], [-20, -28], [-23, -19], [-39, -15], [-26, 17], [-19, 65], [-25, 30], [-25, 15], [-32, 4], [-43, 17], [-19, 12], [-17, 28], [-1, 20], [-23, 11], [-88, -50], [19, -118], [-15, -23], [-34, -37], [-20, -12], [-41, 34], [-16, 8], [-40, -20], [-27, -44], [-29, -25], [15, -65], [29, -57], [-3, -18], [37, -40], [3, -19], [11, -13], [14, -31], [2, -23], [30, 0], [36, -24], [8, -15], [-42, -28], [-28, -15], [-24, -25], [2, -21], [23, -21], [28, -14], [35, 13], [18, -5], [17, -24], [26, -77], [-13, -13], [-29, -6], [-49, -5], [-63, -48], [67, -65], [58, -59], [5, -21], [21, -53], [11, -20], [32, -31], [24, 52], [26, 22], [24, -4], [10, -23], [-10, -33], [11, -33], [53, -30], [26, -33], [13, -38], [19, -28], [17, -76], [60, -74], [-1, -26], [-22, -26], [-71, -45], [-5, -28], [19, -40], [75, -43], [32, 3], [70, 26], [13, -102], [27, -29], [40, 27], [29, 8], [17, 22], [45, 47], [69, 18], [23, -2]], [[51638, 69225], [304, 0], [598, -1], [612, 1], [351, -1]], [[53503, 69224], [24, -29], [82, -74], [22, -48], [-3, -17], [-17, -5], [-10, -38], [17, -18], [102, -78], [-7, -16], [15, -41], [69, -90], [33, -41], [21, -33], [-5, -29], [-16, -19], [-7, -22], [4, -40], [-8, -34], [-2, -33], [21, -26], [30, -24], [31, -29], [25, -32], [19, -38], [11, -39], [7, -62], [14, -29], [-8, -39], [6, -14], [58, -7], [18, -16], [-1, -35], [6, -41], [36, -56], [20, -35], [44, -46], [21, -16], [-18, -36], [-11, -34], [-16, -10], [-50, -21], [24, -81], [-17, 19], [-39, 28], [-20, 7], [-20, -17], [-11, -23], [-6, -29], [12, -31], [-1, -12], [-39, -30], [-22, -30], [-36, 28], [-90, 89], [-70, 73], [-71, 63], [-35, 33], [-18, 11], [-11, -28], [26, -26], [24, -46], [45, -71], [-4, -26], [-35, -11], [-7, -21], [7, -84], [34, -49], [27, -17], [48, -23], [56, -39], [28, -31], [18, -49], [9, -8], [41, -54], [-15, -38], [3, -38], [-12, -15], [7, -17], [-1, -15], [-21, -20], [-12, 7], [-29, 41], [-39, 46], [-19, 29], [-5, 35], [-1, 27], [-25, 9], [-33, -16], [-21, 9], [-15, 20], [-49, 59], [-13, 26], [-58, 56], [-18, 5], [-12, -5], [22, -47], [-2, -35], [-12, -2], [-23, 35], [-33, 33], [-6, 41], [-12, 27], [-59, 26], [-51, 46], [-52, 21], [-65, 66], [-25, 19], [-35, 54], [-12, 6], [-103, 86], [-19, 22], [-48, -36], [-35, -11], [-28, 4], [-36, -3], [-9, -32], [-21, -16], [-35, -2], [-16, 20], [-35, 76], [-34, 43], [-52, 35], [-68, 40], [-48, 35], [-35, 32], [-65, 77], [-35, 27], [-48, 29], [-28, 42], [-6, 94], [-62, 92], [-40, 31], [-42, 42], [-36, 40], [-65, 69], [-72, 71], [-48, 66], [-38, 68], [-74, 38], [-39, 60], [-28, 38], [-58, 68], [-89, 26], [-24, 45], [-12, 32], [-5, 33]], [[56114, 32584], [-817, -287], [-515, -192], [-220, -120], [-238, -192], [-58, -35], [-134, -126], [-203, -255], [-131, -192], [-242, -356], [-235, -372], [-568, -665], [-317, -336], [-292, -312], [-633, -454], [-990, -162], [0, -99]], [[50521, 28429], [-460, 16], [-422, 13], [-303, -102]], [[49336, 28356], [-255, -128], [-313, -200]], [[48768, 28028], [-342, 1085], [-200, 628], [-8, 24], [2, 237], [0, 153], [-1, 31], [-5, 600], [0, 12], [371, -3], [346, -4], [575, 0], [276, 0], [549, -1], [348, -6], [-6, 12], [15, 22], [-6, 24], [1, 18], [14, 15], [2, 15], [-12, 18], [1, 22], [-7, 20], [-15, 14], [10, 11], [4, 35], [-8, 94], [5, 17], [1, 33], [-10, 11], [-3, 14], [-54, 60], [-25, 5], [-12, 23], [-1, 16], [4, 21], [-13, 22], [-26, 15], [-15, 3], [-14, 42], [17, 37], [7, -20], [10, 3], [-1, 22], [-18, 20], [6, 58], [-2, 12], [13, 13], [0, 24], [11, 42], [12, 70], [-5, 26], [7, 17], [4, 44], [-3, 35], [3, 17]], [[50570, 31806], [2, 29], [-15, 28], [-4, 34], [5, 18], [-10, 11], [4, 16], [1, 27], [-5, 25], [8, 18], [-12, 22], [-13, 48], [9, 51], [23, 28], [22, 3], [16, 11], [12, 15], [19, 40], [4, 30], [14, 21], [5, 20], [-4, 13], [14, 48], [16, 15], [7, -4], [12, 19], [-11, 11], [9, 52], [-6, 26], [8, 37], [288, 9], [1, 544], [1, 460], [167, 181], [308, 333], [362, 390], [193, 208], [89, 65], [431, 388], [271, 243], [357, 319], [301, 268], [207, 184]], [[48517, 27836], [-22, -19]], [[48495, 27817], [-176, -188], [-147, -141], [-256, -242], [-127, -123], [-128, -123], [-129, -121], [-46, -45], [-397, -376], [-232, -219], [-319, -303], [-82, -70], [-95, -74], [-32, -22], [-36, -32]], [[46293, 25738], [-181, -156], [-345, -298]], [[45767, 25284], [-108, -93]], [[45659, 25191], [-926, 660], [-346, 245], [-7, 70], [-8, 18], [-181, 204], [-197, 219], [-104, 114], [-100, 112]], [[43790, 26833], [140, 154], [10, 10], [100, 112], [230, 253], [241, 264], [30, 2], [36, -26], [32, -1], [26, 6], [12, 15], [11, 23], [15, 8], [20, -7], [3, -19], [10, -14], [11, -4], [32, -2], [6, -22], [12, -28], [25, -17], [48, -18], [23, -39], [15, -11], [32, -10], [33, -1], [17, -7], [64, -38], [29, -4], [32, -2], [14, 6], [17, -7], [32, -30], [37, -21], [23, -8], [57, -26], [19, -4], [7, 17], [3, 42], [12, 16], [26, 13], [7, -15], [9, 17], [22, 20], [12, 29], [19, -4], [-1, 15], [11, 17], [19, 6], [8, 11], [27, 10], [6, 38], [-4, 42], [14, 8], [23, 21], [9, -2], [9, 27], [-26, 19], [-19, 0], [-14, -9], [-6, 12], [-45, 22], [-22, 16], [-12, 4], [-21, 17], [-23, 11], [-10, 10], [-34, 17], [-9, -5], [-20, 10], [-3, 14], [2, 25], [-4, 17], [-1, 50], [-6, 32], [-26, 57], [-1, 35], [7, 13], [-1, 47], [4, 22], [-12, 6], [-12, 25], [-18, 14], [-29, 12], [-9, -8], [-17, 0], [-17, -11], [-84, 8], [-13, 10], [-28, -4], [65, 66], [119, 118], [296, 251], [328, 278], [301, 258], [209, 178], [18, 19], [8, -66], [15, -42], [4, -60]], [[46356, 29136], [-4, -23], [19, -38], [50, -12], [16, 10], [10, -1], [40, -17], [26, -5], [39, 6], [26, -20], [35, -8], [6, -20], [85, -1], [308, -1], [-2, -29], [45, 4], [7, 3], [39, 1], [36, 18], [14, 4], [74, 5], [29, -4], [23, -14], [32, -43], [20, -10], [44, -12], [48, -10]], [[47421, 28919], [30, -1], [67, 9], [42, 9], [90, 11], [75, -3], [51, -7], [48, -12], [46, -17], [41, -22], [24, -24], [16, -26], [17, -38], [9, -39], [240, -388], [300, -535]], [[53167, 34903], [-34, 4], [-30, 15], [-30, 20], [-39, 0], [-24, -14], [-15, -27], [-33, -3], [-30, -36], [-20, 1], [-10, -8], [-28, -11], [-47, 21], [-16, 15], [-41, 11], [-40, 23], [-21, 1], [-13, -12], [-29, 5], [-26, 28], [1, 25], [-5, 40], [-25, 8], [-44, -9], [-2, -25], [-15, -32], [9, -44], [-8, -14], [-5, -24], [4, -14], [-5, -17], [5, -16], [-1, -45], [-3, -22], [15, -23], [18, -40], [-4, -17], [6, -32], [10, -23], [-10, -20], [-5, -20], [17, -3], [10, -12], [33, 4], [26, 23], [13, 5], [19, 21], [7, 19], [25, 16], [59, 65], [16, -2], [30, -15], [40, 32], [63, 55], [18, -15], [9, 11], [16, 1], [35, -30], [39, -16], [33, 33], [18, 9], [94, 32], [-9, 57], [-6, 23], [25, 1], [19, -4], [35, -25], [21, -8], [25, -1], [43, 4], [14, -11], [21, -9], [11, 7], [11, 30], [88, 27], [-2, 11], [-28, 14], [-11, 68], [-109, -44], [-25, -8], [-153, -34]], [[53584, 20832], [-47, 0], [-29, -11], [-9, -10], [-27, -14], [-55, -43], [-30, -3], [-28, 5], [-8, 21], [-22, -4], [-50, 22], [-58, 20], [-52, 0], [-24, 5], [-38, -14], [-43, -28], [-12, -11], [-48, -9], [-10, 1], [-41, -14], [-16, -12], [-73, -29], [-32, -55], [-25, -11], [-32, -32], [-4, -41], [1, -19], [-7, -33], [-10, -21], [-24, -27], [-30, -22], [-8, -14], [-7, -29], [0, -47], [-9, -77], [-15, -37], [7, -25], [28, -20], [47, -10], [22, -32], [2, -29], [-12, -25], [-26, -25], [-17, -9], [-16, -2], [-58, 6], [-15, 7], [-30, 25], [-20, 13], [-25, 27], [-17, 28], [-23, 28], [-44, 22], [-63, 47], [-6, 10], [-19, 8], [-14, 13], [-12, 22], [-6, 23], [-25, 20], [-22, 4], [-14, -8], [-10, -16], [-18, -62], [-16, -11], [-57, -3], [-34, -14], [-34, -36], [-11, -6], [-61, 14], [-35, 2], [-15, -4], [-12, -19], [2, -23], [11, -34], [-2, -31], [-18, -33], [-40, -25], [-26, -1], [-31, 38], [-14, 4], [-17, -10], [-12, -23], [-6, -50], [-8, -15], [-25, -7], [-45, -3], [-47, -32], [-30, -8], [-26, 13], [-33, 54], [-13, 15], [-14, 0], [-14, -10], [-19, -22], [-13, -8], [-19, 6], [-21, 18], [-25, 40], [-15, 7], [-27, -10], [-11, 2], [-30, 16], [-12, 21], [-19, 17], [-21, 5], [-23, -1], [-6, -19], [19, -32], [-3, -22], [-24, -16], [-18, -3], [-37, 15], [-8, 6], [-30, 1], [-40, 7], [-14, 6], [-27, 29], [-23, 4], [-4, -11], [10, -14], [25, -15], [10, -11], [5, -21], [-4, -46], [5, -47], [-17, -25], [-12, -2], [-8, 10], [-4, 30], [-19, 2], [-5, -21], [7, -23], [-3, -9], [-23, -28], [-21, -19], [-7, -14], [3, -18], [13, -9], [8, -15], [5, -22], [-6, -14], [-24, -7], [-31, -1], [-10, -8], [-10, 13], [-28, 10], [-26, 21], [2, 9], [35, 19], [6, 14], [-8, 12], [-33, 2], [-17, 10], [-2, 11], [9, 27], [-3, 17], [-24, -2], [-9, 20], [-21, 5], [-17, 15], [-35, 11], [-14, 23], [-28, -4], [-37, 18], [-16, 35], [-27, 8], [-17, 20], [-25, 0], [-26, 23], [-32, 11], [-12, 19], [-24, 16], [-5, 20], [-19, 9], [-24, 1], [-30, 12], [-33, 27], [-2, 15], [-16, 16], [-22, -2], [-13, 9], [-26, -7], [-12, 10], [-45, 13], [-26, 33], [-17, -2], [-28, -15], [-40, 15], [-29, 22], [-18, 9], [-11, 15], [-30, -26], [-14, 0], [-7, 13], [0, 25], [-6, 19], [-34, 13], [-16, 16], [14, 40], [-14, 37], [0, 11], [26, 22], [-3, 14], [-16, 7], [-5, 27], [5, 16], [31, 15], [10, 40], [-3, 16], [-16, 9], [-4, 29], [-43, 10], [-4, 5], [14, 39], [-6, 7], [9, 16], [-4, 18], [17, 6], [13, 17], [22, 9], [5, 14]], [[50086, 20797], [-4, 22], [28, 9], [4, 6], [-12, 24], [18, 18], [1, 14], [-17, 5], [7, 38], [-1, 17], [3, 21], [-24, 24], [5, 19], [24, 27], [12, 30], [-4, 17], [1, 24], [7, 3], [-14, 23], [4, 14], [-18, 16], [-22, 32], [-27, 22], [-14, 17], [-13, 3], [-10, 25], [-10, 8], [-21, -1], [-21, 20], [2, 11], [-15, 14], [-9, 27], [-11, 10], [-17, -3], [-31, 15], [-19, 4], [1, 22], [-8, 6], [-3, 18], [10, 18], [-10, 19], [-1, 14], [-17, 29], [4, 12], [-11, 7], [-5, 18], [1, 14], [-4, 28], [-25, 25], [-3, 18], [24, 14], [243, 110], [-177, 203], [56, 71], [50, 139], [5, 85], [-17, 49], [-98, 272], [1, 1], [-79, 211], [-105, 286], [-16, -18], [-10, 9], [-91, 101], [-149, 166], [-63, 27], [-154, 60], [64, 82], [-63, 73], [-47, 50], [-164, -179], [-54, -10], [-77, -17], [-104, -33], [-89, -47], [-20, -9], [-109, 111], [-139, 133], [-67, 66], [-35, 33], [-95, 92], [-75, 73], [-69, 67], [6, 8], [-156, 152], [-118, 119], [49, 42], [4, 8], [-248, 254]], [[47611, 24474], [4, 5], [47, 21], [85, -88], [13, 32], [38, 81], [-14, 83], [16, -12], [16, 8], [51, 31], [11, -4], [16, 31], [25, 34], [-1, 26], [8, 18], [14, 10], [5, 22], [-6, 39], [-9, 14], [-29, 5], [15, 16], [-3, 13], [9, 17], [-10, 35], [4, 18], [-3, 17], [-15, 16], [-17, 3], [-14, 17], [-18, 2], [-9, 24], [-10, 1], [-125, -102], [-72, 71], [-15, -22], [-13, 13], [15, 8], [59, 52], [-59, 57], [5, 8], [-21, 20], [-5, -16], [-79, -103], [55, -55], [-43, -41], [48, -48], [-7, -4], [18, -20], [-76, -58], [-85, -59], [-46, -36]], [[47384, 24674], [-170, 169], [-921, 895]], [[48495, 27817], [98, -90], [1231, -1141], [151, -145], [76, -72], [68, -66], [47, -44], [92, -89], [-40, -50], [15, -13], [125, -113], [-58, -76], [72, -73], [-4, -5], [66, -65], [19, 27], [58, 76], [21, 29], [-5, 5], [20, 28], [137, -127], [106, 129], [153, 196], [111, 141], [-190, 178], [111, 54], [154, 77], [-50, 47], [-12, 16], [-40, 33], [32, 17], [-96, 91], [-16, 11], [-83, 80], [-381, 369], [-492, 475], [-655, 629]], [[50521, 28429], [206, -7], [391, -10], [272, -7], [611, -10], [539, -3], [18, 0], [514, 58], [561, 99], [136, 43], [227, 103]], [[53996, 28695], [162, -201], [120, -133], [1, -5], [-67, -29], [56, -57], [12, -15], [-73, -21], [61, -66], [8, 2], [68, -74], [-4, -4], [63, -68], [-105, -28], [-66, -17], [-112, -30], [-124, -30], [50, -60], [171, -184], [171, -187], [18, -24], [39, -35], [449, -493], [323, -357], [399, -442], [230, -256], [161, -180], [55, -60], [153, -172], [243, -268], [236, -261], [170, -203]], [[50270, 25124], [-46, -60], [-73, 65], [-105, -1], [-43, 4], [153, -154], [-12, -27], [-3, -16], [17, -3], [22, -20], [-11, -9], [-19, -2], [18, -34], [-11, -8], [-38, -6], [-4, -20], [-112, -44], [406, -255], [41, -31], [105, 0], [49, -20], [-31, -87], [-39, -99], [-8, 14], [-15, 14], [-72, -175], [-15, 34], [-28, -31], [-57, -68], [69, -80], [-50, -60], [58, -61], [-21, -24], [36, -102], [52, 27], [106, 52], [40, -118], [25, -71], [84, 39], [14, -39], [44, 19], [40, 16], [-45, 128], [85, 40], [-4, 13], [23, 11], [10, -8], [24, 9], [15, -3], [8, 12], [24, -8], [21, -14], [15, 6], [22, -3], [47, 94], [46, 0], [5, 6], [-94, 80], [26, 43], [82, 120], [-49, 39], [-45, 39], [-132, 107], [13, 158], [-2, 32], [-82, 101], [-136, 153], [-123, 23], [-20, 5], [-237, 203], [-63, 55]], [[47809, 25225], [-3, 37], [-45, -9], [-10, -6], [38, -35], [20, 13]], [[50086, 20797], [-6, 12], [-26, 1], [-364, 0], [-433, 0], [-355, 0], [-179, -1], [-98, 1], [-101, -1], [-280, 1], [-322, -1], [0, -1], [-1, -576], [-59, 0], [-6, -2], [-414, 1], [-86, 0], [-357, 1], [-146, -2], [-1, -249]], [[46852, 19981], [-26, 26], [-41, 47], [-35, -40], [-235, -265], [-5, 2], [-273, 307], [-162, 182], [-234, -270], [-199, 226], [-66, 71], [-128, 146], [-56, 60], [-65, 73], [-67, -79], [-149, 167], [-22, 23], [-205, 227], [207, 252], [-64, 70], [83, 96], [-68, 70], [52, 63], [18, 20], [44, 53], [12, 11], [20, 28], [133, 159], [79, -84], [112, -130], [43, -48], [88, -95], [71, -83], [214, 238], [116, 130], [162, 180], [132, 150], [-286, 291], [-85, 84], [25, 29], [140, 171], [11, 0], [207, 273]], [[46350, 22812], [64, -63], [126, 148], [119, 146], [67, -68], [60, 70], [139, 167], [77, 90], [59, 72], [-54, 56], [-94, 92], [-152, 150], [-14, 13], [-33, -55], [-69, 71], [-48, 58], [-10, -4], [-90, 93], [14, 41], [22, 35], [-33, 33]], [[46500, 23957], [-23, 26], [8, 9], [-32, 36], [21, 25], [6, -2], [19, 24]], [[46499, 24075], [11, 59], [64, 57], [12, -3], [10, 13], [12, 6], [-1, 20], [8, 35], [-8, 8], [96, 79], [51, -3], [16, 16], [-98, 102]], [[46672, 24464], [-303, 278], [-602, 542]], [[47384, 24674], [74, -74], [4, 3], [141, -138], [8, 9]], [[46196, 23197], [-137, -86], [291, -299]], [[46852, 19981], [-1, -104], [1, -225]], [[46852, 19652], [-254, -286], [-178, -203], [265, -301], [48, -57], [-254, -287], [-60, -62], [-33, -41], [6, -4], [-107, -119], [-37, 40], [-36, 70], [-25, 31], [-68, 53], [-28, -23], [-71, 72], [-28, 24], [-253, -365], [-104, -168], [-49, -71], [-64, -101], [-41, -64], [-10, 4], [-127, -151], [33, -15], [-79, -34], [-52, -58], [109, -105], [84, -83], [40, -34], [214, -170], [20, -15], [194, -160], [75, -62], [89, -69]], [[46071, 16838], [-44, -23], [-240, -135], [-209, -119], [-27, -17], [-298, -169], [-117, -68], [-461, -150], [-573, -188], [1, 27], [6, 13], [-23, 66], [4, 92], [2, 89], [-1, 167], [-2, 62], [20, 35], [-5, 9], [12, 12], [23, -1], [9, 10], [-3, 15], [-13, 9], [-8, 19], [1, 19], [17, 32], [-7, 23], [17, 5], [-15, 20], [32, -10], [5, 15], [14, 17], [-5, 9], [-15, -13], [-10, 12], [10, 13], [-5, 9], [3, 20], [-22, -2], [-4, 15], [9, 13], [1, 23], [-10, 6], [-9, 32], [-15, 1], [-7, -13], [-38, 48], [-14, -3], [-14, -12], [-10, 0], [0, -17], [-8, -9], [-15, 5], [-21, -12], [-12, -14], [-40, 21], [-26, 2], [1, 18], [-9, 13], [-22, -8], [4, -10], [-15, -9], [3, 25], [-2, 20], [-7, 14], [-14, -4], [-1, 15], [-22, 10], [-14, 21], [-8, -6], [-13, 13], [-20, 8], [-9, -2], [-23, 17], [-11, -15], [-6, 17], [-14, 15], [-19, -1], [-18, 16], [-20, -25], [-19, 9], [0, 18], [-17, 12], [-13, 2], [-4, 16], [-11, 6], [-45, -9], [-14, -13], [-6, 9], [-17, 4], [-19, -10], [-7, -11], [-14, -2], [-8, 13], [-28, 17], [-14, 1], [-25, 21], [-214, -347], [-382, -624], [-91, -150], [-200, -329], [-259, -427], [-28, -49], [-152, -251], [-232, -384], [-92, -156]], [[41741, 14356], [-249, 266], [-145, 157], [-261, 275], [-52, 58], [-193, 207], [-114, 120], [92, 239], [72, 213], [-66, 74], [-201, 206], [-104, 114], [-93, 113], [-1, 38], [4, 28], [12, 4], [-27, 30], [5, 9], [-18, 10], [-11, 18], [-12, -7], [-17, 0], [-5, 15], [-27, -20], [-7, -12], [-89, 103], [-36, 40], [-58, 68], [12, 27], [-39, 40], [-7, -18], [13, -15], [-10, -18], [-46, -12], [-142, -11], [-95, -10], [-276, 287]], [[39656, 17163], [20, 49], [87, 272], [43, 110], [9, 11], [17, 38], [24, 33]], [[39856, 17676], [56, 75], [149, 163], [88, 81], [103, 82], [78, 76], [103, 116], [87, 123], [191, 329], [48, 94], [25, 52], [27, 60], [65, 134]], [[40876, 19061], [25, 55], [115, 233], [156, 328], [39, 85], [140, 298], [135, 243], [61, 99]], [[41547, 20402], [35, -41], [27, -56], [11, -35], [10, -45], [3, -64], [-5, -115], [-19, -208], [309, -356], [41, -48], [36, -39], [-10, -17], [-1, -19], [9, -10], [-3, -14], [-35, -42], [26, -30], [-6, -17], [-18, -29], [84, -97], [17, 23], [21, 21], [26, 3], [10, 12], [15, -18], [43, -17], [19, 23], [17, 27], [32, 71], [71, 138], [27, 60], [44, 111], [21, 44], [62, -67], [50, 90], [2, 16], [14, 22], [-40, 46], [-110, 72], [7, 7], [27, -18], [18, 25], [-82, 55], [-30, 22], [-23, -32], [-41, 36], [-54, 60], [-9, 1], [-70, 91], [-43, 52], [-76, 99], [-50, 61], [-21, 28], [-63, 80], [-55, 73], [-135, 174]], [[41682, 20611], [73, 117], [46, 83], [26, 35], [204, 256], [74, 96], [87, 109], [61, 92], [65, 80], [394, 489], [259, 327], [287, 362], [183, 225], [126, 154], [24, 30], [68, 83], [169, 205], [274, 330], [312, 375], [176, 211], [301, 257]], [[44891, 24527], [255, -258], [640, -657], [5, -1], [85, -87], [40, -41], [280, -286]], [[39096, 8506], [1, -11], [-10, -16], [-11, -4], [1, -45], [-15, -17], [-6, -24], [-14, -27], [-11, -7], [-12, -28], [-25, -25], [9, -17], [1, -27], [17, -3], [1, -13], [16, -32], [18, -25], [16, -16], [10, -1], [7, -13], [19, -17], [2, -21], [19, -10], [5, -18], [14, -16], [10, -1], [19, -32], [0, -13], [33, -14], [11, -22], [1, -12], [-10, -12], [1, -24], [-4, -21], [-11, -28], [-6, -36], [-12, -14], [-2, -15], [-20, -55], [-10, -43], [10, -9], [1, -50], [-18, -5], [-12, 7], [-23, -2], [-20, 4], [-12, 8], [-22, -16], [-24, 5], [-2, -18], [-22, -28], [-3, -26], [-8, -28], [-34, -21], [-5, -18], [9, -13], [-12, -16], [2, -17], [-8, -13], [7, -9], [-15, -16], [-17, -29], [17, -20], [11, 7], [7, -9], [39, -2], [13, 12], [22, -1], [8, -9], [14, -4], [-1, -31], [-9, -16], [1, -16], [-30, -29], [-24, -38], [-13, -7], [-12, -25], [-6, -36], [13, -7], [-30, -36], [-27, -16], [-22, -24], [11, -22], [18, -11], [-4, -22], [17, -9], [10, -24], [-3, -20], [9, -10], [1, -24], [20, -5], [27, -11], [11, -17], [15, 8], [-12, -31], [-31, -34], [-11, -3], [-37, -24], [-5, -13], [6, -12], [-19, -30], [7, -16], [-7, -14], [0, -21], [-13, -16], [1, -14], [12, -4], [29, 21], [31, -15], [36, 4], [15, 8], [15, -5], [8, 13], [15, 10], [9, -14], [-7, -18], [16, -8], [21, 20], [7, -15], [26, -20], [-8, -10], [6, -19], [-9, -13], [18, -7], [18, 21], [14, -18], [6, -20], [22, -21], [-2, -16], [10, -12], [0, -21], [-8, -9], [-36, -30], [-17, -31], [-13, -8], [-1, -12], [-16, -15], [-2, -28], [13, -4], [9, -27], [-5, -15], [-1, -33], [14, -1], [10, -9], [-3, -30], [-26, -32], [-21, -38], [24, -9], [0, -15], [-18, -20], [-38, -32], [-1, -11], [-27, -30], [-19, -30], [-9, -5], [-14, -19], [-16, -16], [-37, -20], [-24, -33], [-19, -2], [-18, -14], [-18, 1], [-9, -6], [-24, -5], [-8, -11], [-20, 3], [-21, -5], [-15, -28], [-15, -11], [-3, -13], [-12, -16], [0, -11], [-14, -13], [0, -13], [-17, -18], [-30, 1], [-18, -6], [6, -17], [-10, -27], [-16, -3], [-12, -14], [-14, -23], [-18, -11], [-6, -14], [1, -22], [-8, -23], [-24, -27], [-7, -31], [10, -11], [-9, -33], [-21, -8], [-19, 10], [-38, -16], [-1, -11], [11, -22], [-6, -35], [20, -7], [19, -59], [-5, -22], [8, -15], [-5, -36], [1, -26], [28, -28], [15, -4], [20, -30], [14, -8], [0, -26], [-14, -14], [-12, -20], [7, -12], [4, -21], [28, -16], [1, -16], [-17, -28], [-8, -5], [-21, 7], [-5, -17], [2, -17], [-15, -32], [-28, -20], [-23, -6], [-7, -10], [-24, -17], [-23, -7], [-11, -8], [-9, -22], [-35, -22], [-6, 12], [-18, -14], [-15, 5], [-9, -5], [-13, 20], [-13, 4], [-17, -12], [-20, 5], [-15, -19], [1, -11], [-24, -29], [-26, -25], [-10, -3], [-23, -23], [-17, -10], [-18, -27], [-14, -5], [-5, -16], [-13, -3], [-15, -12], [-22, -30], [-18, -15], [-3, -25], [-22, -18], [-16, 9], [-17, 23], [-29, -30], [-23, -5], [-26, 8], [-22, -4], [-21, -25], [-3, -10], [7, -24], [-12, -11], [0, -16], [-25, -33], [-19, -15], [-19, -34], [-12, -5], [-4, -23], [-12, -22], [-12, -13], [-4, -23], [-8, -6], [-18, -1], [-9, -9]], [[37732, 4404], [-240, 218], [-195, 173], [-167, 146], [12, 26], [-11, 10], [-23, -11], [-84, 70], [-47, 41], [82, 136], [153, 253], [-242, -2], [-72, 3], [-227, -7], [-145, -4], [-23, 423], [-69, 3], [-1, -39], [-6, 4], [-77, 73], [-51, -81], [-129, 106], [-46, -75], [-45, -72], [-180, -288], [-131, 110], [-70, 60], [-34, 31], [-115, 96], [-77, 66], [-37, -52], [-18, -29], [-68, -92], [-53, 50], [-165, 162], [-63, -92], [-58, 53], [-52, -74], [-71, 67], [-76, 76]], [[34811, 5942], [36, 51], [10, -6], [11, 15], [-76, 68], [79, 114], [-72, 62], [74, 112], [-99, 87], [22, 6], [9, 24], [17, 14], [2, 13], [22, 3], [22, 15], [9, -3], [16, 9], [-1, 11], [31, 21], [13, 19], [6, 23], [14, 24], [18, 16], [45, 26], [18, 20], [32, 47], [19, 18], [35, 17], [48, 3], [30, -25], [37, -34], [38, -44], [56, -88], [10, -21], [46, -58], [28, -43], [40, 61], [94, 164], [94, -78], [54, 92], [87, 144], [71, 121], [36, 59], [17, -13], [145, -115], [69, 118], [-48, 40], [56, 92], [-114, 179], [-37, 57], [53, 62], [-47, 65], [63, 64], [-17, 20], [64, 71], [111, 118], [-58, 85], [-16, 5], [-30, 44], [-46, 58], [52, 65], [-80, 103], [81, 89], [5, 11], [12, 8], [71, 75], [63, 67], [87, -117], [78, 81], [-23, 36], [63, 67], [57, -83], [5, 6], [17, -2], [26, 8], [20, 21]], [[36591, 8406], [49, -63], [21, -29], [21, 22], [39, -57], [43, -60], [18, -23], [64, 73], [-3, -15], [6, -18], [12, -11], [9, -42], [11, -9], [83, -17], [44, -55], [-7, -8], [34, -44], [2, -16], [39, -57], [-28, -35], [-27, -28], [-52, -58], [37, -57]], [[37006, 7799], [42, -64], [92, -148], [64, -89], [-85, -96], [43, -51], [42, -58], [-105, -118], [-31, -29], [7, -20], [-45, -10], [2, -58], [-7, 0], [1, -161], [87, -2], [0, -20], [85, 9], [92, 5], [90, 3], [5, 261], [2, 68], [61, 1]], [[37448, 7222], [16, 0], [-1, 32], [-7, 34], [8, 17], [18, -1], [97, -12], [3, 147], [79, 50], [39, 22], [-13, 30], [-79, 17], [40, 53], [10, -13], [17, -5], [16, 3], [26, -16], [12, 11], [12, -6], [19, -27], [15, 12], [62, 88], [-94, 62], [68, 74], [-61, 76], [-64, 76], [179, 204], [-104, 283], [-88, -104], [-19, -21], [-134, -157], [-80, -93], [-31, 69], [4, 53]], [[37413, 8180], [7, 50], [-40, -49], [-24, -25], [4, -5], [-70, -84], [-20, -18]], [[37270, 8049], [-5, 40], [-93, -107]], [[37172, 7982], [-52, -52]], [[37120, 7930], [-33, 61], [6, 44], [58, 67], [4, 26], [-4, 14], [-16, 27], [-15, 56], [86, 100], [8, 19], [22, 25], [68, 77], [-18, 23], [-27, 9], [55, 68], [-22, 0], [-41, 54], [178, 194], [63, 69], [-33, 42]], [[37459, 8905], [20, 18], [178, 198], [22, 28], [121, 132], [103, 117]], [[37903, 9398], [79, -95], [10, 10], [101, -119], [-46, -50], [-73, -85], [108, -133], [-5, -7], [43, -55], [-15, 0], [-15, -20], [-2, -14], [6, -14], [-9, -23], [-14, -8], [21, -25], [-8, -17], [11, -4], [20, 18], [29, 0], [22, 18], [10, -1], [98, 108], [109, -134], [-31, -37], [20, 4], [20, -11], [10, 12], [11, -1], [31, 8], [14, -1], [4, -13], [53, -65], [-4, -5], [109, -136], [46, -55], [95, 105], [39, -68], [7, 3], [116, 71], [95, 58], [59, -70], [19, -41]], [[36604, 8606], [29, -45], [37, -45], [-17, -20], [5, -20], [-23, -4], [-7, -15], [-1, -16], [-8, -5], [2, -19], [-9, -15], [-21, 4]], [[34811, 5942], [-30, 30], [-112, 104], [-22, 5], [-33, 15], [-78, 27], [1, 4], [-31, 23], [-147, 121], [-122, -197], [-26, 23]], [[34211, 6097], [-172, 157], [-10, -23], [-217, 176], [40, 68], [-41, 37], [49, 71], [-50, 44], [47, 75], [-74, 65], [40, 84], [-56, 50], [-58, 45], [-73, 74], [-22, 20], [-117, 92], [12, 19], [-82, 70], [-91, 79], [-102, 86], [-29, 27], [46, 81], [-100, 88], [32, 51], [16, 32], [23, 29], [20, 32], [3, 12], [11, 9], [39, 61], [18, -15], [46, 86], [32, -28], [35, 56], [58, 105], [-39, 34], [51, 71], [27, 52], [13, 22], [9, -6], [26, 40], [29, 38], [16, -19], [40, -34], [7, -12], [44, -37], [49, 75], [46, -39]], [[33802, 8197], [103, -91]], [[33905, 8106], [27, -22], [-24, -37], [-21, -38], [100, -83], [34, 54], [6, -7], [54, -47], [38, 63], [23, -20], [45, 67], [70, -56], [45, 79], [291, -243], [-93, -145], [55, -48]], [[34555, 7623], [-91, -144], [-52, 45], [-203, 168], [-15, 14], [-86, 69], [-144, 118], [-11, -21], [-48, -74], [-14, -26], [-40, -64], [-26, -44], [-11, -15], [-63, -105], [-51, -79], [-15, -26], [178, -157], [24, -20], [126, -111], [125, -106], [126, -112], [40, 77], [-25, 21], [44, 65], [-4, 5], [49, 80], [16, -13], [43, 65], [99, -90], [47, 71], [38, -21], [22, 38], [123, -110], [5, 21], [6, 8], [-58, 46], [10, 7], [16, -14], [56, 90]], [[34791, 7279], [160, -145], [38, -11], [42, 11], [64, 3], [12, -19], [80, 74], [80, 71], [-13, 25], [-40, 58], [-114, 179], [-57, 83], [-16, 26]], [[35027, 7634], [71, 83], [30, 34], [62, 66], [30, 35], [17, 28], [33, 29], [65, 81], [11, 8], [128, 150], [-50, 75], [-50, 76], [-94, -109], [-48, 78], [4, 5], [-45, 72], [-52, 77], [-42, -51], [-45, -49], [-47, 71], [-93, -105], [-72, -83]], [[34840, 8205], [-94, -107], [-32, -38], [-61, -68], [-18, 21], [-12, 5], [-165, 145], [-134, 110], [25, 41], [38, 73], [27, 44], [-22, 24], [49, 75], [-50, 44]], [[34391, 8574], [48, 75], [48, 75], [50, 85], [15, 24], [-168, 148], [10, 18], [59, 59], [5, 10], [95, 102], [108, 115], [73, 80], [26, 27], [79, -94], [14, -20], [106, -126], [76, -90], [35, -5], [134, 14], [113, 8], [22, 5], [313, 32], [18, 2], [-73, 90], [-116, 134], [87, 67], [10, -15], [83, 62], [12, -22], [44, -37], [47, 48], [26, -16], [47, 50], [15, -19], [-5, -5], [72, -91], [68, 77], [27, -34], [69, 77], [1, -1], [70, 77]], [[36154, 9560], [20, -24]], [[36174, 9536], [54, -65], [21, 22], [17, -24], [36, -40], [-6, -108], [4, -99], [70, -115], [35, -22], [-44, -50], [27, -20], [30, -55], [-40, -50], [14, -29], [-46, -53], [51, -103], [27, 29], [57, -86], [6, -3], [29, 30], [73, -106], [15, 17]], [[34211, 6097], [-6, -47], [-18, -146], [-5, -28], [-23, -149], [15, -17]], [[34174, 5710], [-47, -56], [-94, -122], [-92, 95], [-87, -120], [-76, 73], [-42, 35], [-15, 20], [-25, 24], [-57, 42], [16, 21], [-10, 23], [-31, 25], [-12, -18], [-58, 53], [-72, -110], [-6, -1], [-36, 30]], [[33430, 5724], [-70, 66], [-54, 48], [-3, 0], [-76, 73], [-57, 52], [-65, 55], [-68, 62], [-51, 43], [-70, 61], [32, 53], [40, 61], [-94, 76], [-131, 116], [-48, 43], [-35, -59], [-64, 52], [-4, -6], [-61, 53], [37, 67], [-45, 39], [-68, 62]], [[32475, 6741], [34, 73], [57, 91], [142, 232], [46, 84], [-131, 113], [-59, 53], [-51, -83], [-107, 100], [-92, 77], [52, 77]], [[32366, 7558], [41, 79], [-56, 48]], [[32351, 7685], [77, 51], [207, 144], [1, -1], [161, 111], [0, 12], [120, 82], [148, 98], [77, 119], [117, 188], [26, 40], [23, 42], [25, 40], [-13, 18], [42, 70], [18, -16]], [[33380, 8683], [-3, -10], [68, -61], [50, 79], [27, -23], [6, 14], [84, 134], [74, -64], [117, -98], [43, -32], [87, -74], [-12, -26], [-3, -30], [-17, -22], [-21, -9], [-18, -20], [0, -11], [-59, -43], [-22, -23], [-6, -13], [14, -7], [-4, -33], [-7, -6], [2, -22], [-6, -15], [12, -19], [16, -52]], [[31951, 7733], [1, -79], [-2, -43], [4, -11], [3, -70], [-89, -32], [-2, -52], [22, 0], [-8, -22], [3, -11], [14, -5], [-110, -36], [53, -46], [-57, -87]], [[31783, 7239], [-38, -60], [-59, 57], [-56, -88], [-33, 33], [-27, 23], [-39, -58], [-29, -50], [-127, 119], [13, 28], [-84, -25]], [[31304, 7218], [-3, 302], [-66, -19], [0, 66], [2, 83], [18, 5], [5, 55], [95, 33], [0, 100], [82, 29], [1, -101], [60, 20], [246, 78], [2, -102], [7, 1], [3, -94], [50, 13], [86, 26], [59, 20]], [[41741, 14356], [-79, -129], [-158, -264], [-62, -102], [-43, -72], [-108, -180], [-66, -113], [-87, -146], [-77, -126], [-98, -166], [-207, -348], [-233, -392], [-17, -28], [-48, -82], [-90, -152], [-9, -13], [-66, -114], [-83, -139], [-24, -181], [-8, -71], [-85, -665], [-58, -460], [-14, -113], [-9, -72], [-40, -316], [-9, -65], [-20, -8], [-10, 2], [-16, -17], [-14, -3], [-19, -11], [-14, 7], [-18, -2], [-10, -8], [-11, 12], [-12, -9], [-13, 3], [1, -24], [-8, -8], [-15, 1], [3, -23], [-8, -35], [-11, -22], [-12, -9], [-10, -16], [6, -6], [-10, -21], [-14, -9], [-11, 2], [-37, -26], [-9, -19], [3, -47], [-9, -18], [-18, -4], [-15, 3], [-12, -39], [-17, -10], [-14, -22], [-25, 6], [-10, 10], [-15, -12], [-17, -4], [-9, -11], [-17, 13], [-11, -2], [-17, -24], [-15, -9], [-3, -14], [-10, -2], [-18, -14], [-13, -2], [-4, -17], [-12, -26], [-2, -20], [-20, -24], [-4, -12], [-28, -38], [11, -41], [-5, -31], [17, -32], [0, -7], [-12, -27], [-2, -25], [5, -25], [-3, -21], [-18, -10], [-7, 3], [-15, -26], [-19, -11], [-27, -5], [-19, -11], [-5, -46], [-11, -19], [-18, -16], [-3, -43], [-22, -23], [-11, -18], [1, -8], [-17, -41], [-8, -44], [10, -8], [5, -20], [-18, -22], [-12, -58], [-1, -16], [-10, -30], [0, -10], [-26, -35], [5, -7], [-8, -20]], [[37903, 9398], [-135, 158], [-86, 96], [-43, 50], [1, 2], [-121, 155], [-45, 55], [-169, -186], [-62, -66], [-121, -134], [-42, -46], [-40, 62], [-3, 3], [-79, 120], [-49, -61], [-7, 10], [-94, 174], [-111, 203], [-38, 51], [-69, 91], [-20, 25], [-67, 92], [29, 33], [97, 105], [126, 139], [-56, 96], [-57, 92], [-50, -35], [-47, 77], [-54, 83], [-16, 30], [-18, -12], [-8, 20], [-49, 94], [-12, -3], [-47, 0], [-7, 7], [-46, 32], [-5, 27], [-39, 47], [-88, -54], [-7, 11], [-29, -15], [-20, 9], [-95, 2], [1, 16], [-95, 7], [6, 85], [7, 23], [-1, 18], [-21, 5], [-67, 27], [3, 10], [21, -8], [6, 18], [18, 34], [-15, 3], [-7, 19], [-25, -2], [-41, 15], [-13, 21], [-15, -5], [-23, 25], [-3, 20], [-23, 23], [1, 8], [20, 31], [-38, 37], [-32, -38], [-38, -48], [-38, -46], [-66, 82], [-69, 73]], [[35458, 11490], [68, 78], [35, 41], [-3, 85], [-37, -1], [14, 34], [1, 36], [-16, 17], [1, 13], [17, 1], [-2, 76], [-21, -23], [-12, 24], [47, 56], [24, 25]], [[35574, 11952], [6, -13], [42, 52], [30, 34], [16, -10], [8, -23], [13, -1], [117, 133], [9, 5], [65, -15], [17, -33], [30, -27], [32, 38], [41, -5], [34, 18], [17, 5], [-98, 117], [48, 54], [14, -14], [22, 24], [14, 11], [58, 68], [-47, 49], [-168, 201]], [[35894, 12620], [-72, 85]], [[35822, 12705], [-17, 23], [-49, 57]], [[37442, 13423], [13, 10], [-1, 29], [30, 14], [3, -13], [40, 31], [81, 89], [84, -106], [103, -123], [79, -89], [4, 5], [117, -133], [71, -80], [176, 200], [199, 221], [-184, 210], [-6, 2], [-28, 30], [-41, 47], [-1, 13], [-107, 125], [-11, 0], [-19, 21], [-140, 168], [-57, -26], [-34, -18], [-42, -28], [-65, -49], [-38, -35], [-107, -113], [-68, -69], [-20, -30], [-34, -129], [-3, -22], [0, -146], [6, -6]], [[37459, 8905], [-47, 60], [-98, 126], [-106, 132], [-281, -276], [-34, -40], [-86, -86], [-36, -36], [-167, -179]], [[36174, 9536], [16, 25], [91, 103], [-14, 13], [13, 13], [101, 113], [-35, 40], [69, 78], [-58, 71], [-4, 4], [-64, 23], [68, 75], [-73, 89], [-99, 120], [-41, 49], [-134, 155], [-28, -27], [-24, 37], [-11, 0], [-2, 17], [-16, -11], [-41, -44], [6, -38], [14, -37], [-78, -88], [-55, -75], [-63, -65], [37, -98], [6, -21], [68, -109], [86, -76], [5, -51], [97, -119], [47, -22], [44, -53], [52, -67]], [[34391, 8574], [-32, -52], [-33, 33], [-26, 21], [-49, -75], [-88, 76], [-29, -48], [-47, -73], [-10, -27], [4, -16], [12, -11], [-93, -144], [-5, -11], [-51, -85], [-39, -56]], [[33380, 8683], [5, 9], [-102, 123], [-52, 71], [-3, -4], [-33, 42], [-96, 128], [-98, 118], [-210, -228], [-1, -42], [-33, -20], [-80, -53], [-63, -37], [-107, -61], [-46, -34], [-2, 64], [-3, 257], [-4, 30]], [[32452, 9046], [2, 19], [21, 20], [35, 9], [11, 8], [-58, 75], [-48, 60]], [[32415, 9237], [-327, 398], [-62, 77], [-17, 19], [-127, 157], [-130, 157], [-94, 116], [-61, 73], [-105, 128], [-12, 14], [-128, 159], [-83, 99], [-83, 87], [30, 36], [72, 61], [115, 65], [59, 18], [32, 5], [141, 14]], [[33028, 11467], [85, -5], [73, 0], [93, 19], [43, 13], [111, 54], [2, 2]], [[33954, 11807], [91, -104], [79, -89], [151, -174], [55, -66], [34, 23]], [[34364, 11397], [67, -83], [-20, -23], [96, -111], [133, -146], [32, -41], [49, -58], [42, 51], [182, 215], [43, 50], [35, 54], [17, 31], [74, -88], [15, 51], [-3, 6], [-21, -2], [-16, 24], [0, 13], [19, 26], [2, 11], [-8, 37]], [[35102, 11414], [10, 14], [48, 55], [9, -25], [22, -99], [1, -43], [-3, -56], [5, -50], [6, -30], [25, 29], [131, 157], [102, 124]], [[38792, 18862], [13, 1], [12, 11], [14, 4], [10, -13], [38, 2], [24, 8], [6, -19], [29, 4], [15, -32], [11, 21], [25, 6], [17, -22], [29, -10], [-8, -12], [-22, -7], [-8, -15], [-15, -9], [-13, 4], [-22, -29], [-13, -9], [6, -29], [37, 23], [30, 3], [22, 28], [77, -85], [14, 15], [34, -41], [43, -46], [-13, -17], [6, -7]], [[39190, 18590], [-88, -105], [-56, 55], [-40, 43], [-82, -101], [-54, 6], [-58, -2], [-58, 5], [-39, 6], [-29, -110], [-11, -52]], [[38197, 19060], [14, 18], [-9, 17], [-11, 5], [-10, 46], [-16, 2], [-14, -10], [-25, 10], [-16, 17], [122, 40], [154, 2], [102, -23], [21, -8], [64, -5], [37, -4], [12, -7], [14, -16], [28, -8], [6, -9], [9, -35], [11, -13], [7, -44], [29, -53], [12, -43], [23, -32], [6, -31], [25, -14]], [[38891, 18014], [33, 36], [98, 101], [62, -57], [65, 70], [34, 41], [-10, 10], [6, 10], [16, -17], [-6, -8], [22, -27], [9, -5], [5, -20], [12, -15], [24, -8], [38, -40], [6, -9], [26, -8], [25, -24], [24, -4], [32, -22], [7, -12], [29, -7], [8, -10], [400, -313]], [[41682, 20611], [-82, -125], [-53, -84]], [[40876, 19061], [-183, 188], [-85, 81], [-6, -10], [-70, 72], [1, 9], [-22, 24], [-208, 207], [-56, 53], [-211, 219], [-43, 46], [-70, 71]], [[39923, 20021], [63, 121], [12, 35], [7, 34], [45, 126], [143, 430], [15, 43], [9, 20], [159, 379], [155, 376], [90, 219], [108, 262], [-6, 60], [-14, 37], [-48, 78], [9, 32], [-15, 75], [-21, 29], [-35, 18], [-60, 15], [-60, 10], [-97, 13], [-25, 15], [-25, 34], [-84, 61], [-26, 9], [-31, 1], [-73, 8], [-141, 11], [-103, 10], [45, 56], [178, 472], [4, 15], [62, 161]], [[40163, 23286], [375, -178], [491, -210], [6, -3], [0, -344], [86, 105], [138, 155], [196, 220], [98, 109], [196, 218], [98, 110], [156, 173], [-228, 260], [141, 176], [131, 165], [134, 164], [105, 129], [42, 51], [208, 241], [248, 284], [145, 167], [-28, 30], [-192, 213], [71, 76], [98, 109], [21, 22], [222, 244], [160, 177], [-52, 56], [95, 107], [62, 68], [19, 19], [141, 163], [110, 120], [134, 151]], [[45659, 25191], [-308, -266], [-460, -398]], [[40096, 45449], [-1, -432], [0, -651], [0, -1078], [0, -305], [0, -701], [-1, -723], [0, -632], [0, -472], [0, -625], [0, -396], [0, -575], [-1, -528], [0, -490], [0, -382], [0, -335], [0, -627], [0, -686], [0, -651], [-1, -517], [-38, 0], [3, -897], [1, -506], [58, 1], [1, -327], [0, -794], [1, -444], [0, -491], [1, -1154], [1, -575], [1, -675], [0, -471], [1, -583], [35, 0], [1, -679], [0, -572], [1, -405], [1, -492], [0, -508], [1, -469], [1, -334], [0, -570], [1, -412]], [[39923, 20021], [-240, -459], [-22, -42], [-425, -339], [-59, -37]], [[39177, 19144], [-44, -31], [-303, -221], [-38, -30]], [[36438, 20810], [0, 201], [-2, 235], [-2, 229], [1, 119], [-110, 6], [-182, -4], [239, 361], [154, 233], [38, 63], [139, 178]], [[36713, 22431], [148, 208], [92, -83], [154, 197], [-17, 6], [-12, 12], [-24, 9], [-75, 19], [118, 155], [48, 67], [116, 175], [91, 124], [-36, -10], [-22, -2], [-22, 3], [-31, 18], [-32, 33], [-19, 40], [-8, 33], [-9, 74], [-9, 38], [-15, 37], [-23, 33], [-20, 20], [-39, 24], [-46, 13], [-51, 4], [-42, 1], [-70, -10], [-53, -6], [-26, 1], [-22, 8], [-148, 77], [-41, 17], [-27, 8], [-55, 11]], [[36486, 23785], [-110, 70], [-79, 47], [-68, 26], [-85, 17], [6, 57], [-19, 26], [13, 16], [15, 11], [0, 34], [13, 45], [-75, 24], [-55, 19], [-18, -60], [-72, 24], [-80, 24]], [[35872, 24165], [-65, 23], [-30, -142], [-137, 48], [-132, 42], [-91, 26]], [[35417, 24162], [-82, 29]], [[35335, 24191], [16, 15], [3, 32], [11, 18], [-7, 9], [-8, 43], [-16, 19], [11, 31], [20, 23], [-17, 26], [12, 13], [-1, 13], [7, 30], [-261, 81], [-99, 26], [12, 20], [13, 10], [13, 30], [35, 14], [23, 27], [20, 32], [-2, 33], [5, 24], [-5, 30], [1, 17], [8, 11], [-27, 29], [-5, 37], [6, 13], [-29, 38], [-2, 37], [-37, 19], [-5, 23], [12, 19], [18, 11], [-70, 19], [-3, -15], [-176, 68], [-259, 71], [-235, 64]], [[34317, 25251], [26, 107], [14, 61], [57, 237], [52, 204], [41, 176], [43, 173], [213, -61], [-55, 77], [-128, 132], [-56, 86], [-32, 52], [-39, 69], [-27, 36], [-61, 24], [-76, 22], [-29, 7], [-45, 17], [-29, 16]], [[34186, 26686], [1, 27], [31, 111], [5, 57], [17, 57], [16, 30], [20, 26], [39, 59], [29, 32], [56, 67], [16, 36], [55, 66], [29, 28], [40, 33], [7, 12], [1, 40], [9, 17], [12, 96], [26, 51], [25, 27], [32, 23], [27, 33], [18, 38], [3, 14], [-2, 32], [7, 72], [-6, 36], [0, 45], [8, 29], [8, 63], [13, 22], [22, 28], [7, 40], [21, 57], [22, 42], [35, 50], [42, 43], [18, 54], [35, 93], [30, 71], [19, 112], [10, 108], [-3, 67], [23, 116], [2, 37], [22, 209], [0, 89], [6, 82], [1, 268], [-16, 43], [1, 70], [-3, 39], [19, 88], [13, 45], [13, 87], [23, 66], [13, 49], [37, 130], [12, 46], [23, 33], [38, 88], [20, 52], [10, 128], [-1, 24], [-10, 34], [-1, 20], [15, 88], [27, 80], [33, 110], [34, 122], [25, 34], [7, 63], [14, 34], [-3, 22], [-34, 92], [-19, 16], [-14, 37], [-33, 21], [-28, 36], [-18, 46], [-19, 44], [-6, 30], [10, 65], [4, 16], [-2, 57], [21, 51], [-5, 13], [-2, 23], [16, 19], [8, 41], [-3, 23], [9, 14], [20, 17], [3, 45], [12, 53], [-5, 35], [-1, 23], [5, 38], [7, 28], [-3, 37], [16, 22], [-3, 20], [-23, 33], [-3, 20], [10, 18], [0, 20], [-11, 17], [-10, 43], [-13, 24], [2, 16], [-8, 22], [1, 18], [9, 17], [-7, 25], [-1, 23], [8, 29], [14, 66], [-9, 60], [0, 10], [11, 38], [-4, 68], [-8, 50], [-8, 19], [10, 59], [11, 22], [-3, 18], [5, 19], [-3, 13], [14, 20], [4, 16], [-4, 26], [17, 31], [2, 46], [8, 41], [1, 30], [-10, 43], [20, 50], [0, 38], [8, 43], [16, 21], [2, 35], [14, 7], [24, 42], [20, 56], [-3, 18], [6, 24], [-13, 41], [-2, 15], [-47, 21], [-39, 10], [-14, 18], [-23, 14], [-2, 11], [-33, 15], [-28, 30], [1, 15], [-8, 11], [1, 21], [7, 10], [-2, 19], [-13, 16], [-16, -2], [-11, -12], [-10, 8], [-5, 29], [-16, 31], [-11, 41], [-31, 13], [-8, 27], [-20, 11], [-6, -11], [0, -19], [-10, -19], [-20, 13], [-11, 25], [-32, 6], [-19, 32], [0, 17], [12, 29], [36, 45], [15, 26], [20, 43], [-40, 73], [-2, 71], [39, 153], [70, 190], [37, 60], [98, 94], [0, 112], [-58, 196], [-18, 117], [-9, 56], [-60, 167], [-77, 152], [-29, 76], [-56, 62], [-52, 67], [-13, 74], [50, 119], [51, 146], [-4, 116], [-53, 174], [-23, 108], [-19, 122], [-29, 63], [-50, 78], [-38, 65], [-66, 67], [-44, 23], [-16, 37], [-15, 56], [-2, 51], [11, 124], [31, 91], [1, 35], [-6, 76], [-30, 78], [-18, 32], [-13, 63], [-17, 25], [4, 24], [25, 33], [34, 14], [5, 91], [6, 24], [-10, 17], [-5, 43], [9, 28], [72, 69], [0, 37], [-11, 27], [40, 43], [18, 42], [19, 16], [76, 28], [40, 27], [20, 27], [-1, 27], [-7, 36], [0, 112], [-8, 59], [-4, 11], [7, 37], [6, 65], [-1, 24], [-9, 15], [-23, 10], [-6, 12], [0, 25], [14, 29], [26, 29], [60, 49], [44, 53], [20, 32], [22, 44], [-15, 29], [-13, 8], [-16, 25], [-4, 32], [-10, 26], [-23, 19], [-27, 8], [-18, 20], [-21, 55], [-19, 85], [10, 119], [1, 55], [-19, 38], [-4, 60], [4, 31], [50, 95], [0, 21], [-45, 96], [-17, 8], [-33, -23], [-21, -8], [-26, 13], [-36, 103], [-20, 107], [-2, 38], [26, 75], [35, 64], [29, 66], [28, 45], [13, 30], [-8, 50], [15, 69], [-3, 22], [16, 46], [6, 48], [-9, 17], [10, 58], [-10, 34], [-26, 32], [-2, 30], [7, 54], [-3, 59], [-10, 23], [-15, 27], [-32, 29], [-9, 15], [3, 37], [12, 29], [4, 19], [-6, 13], [-49, 43], [-16, 29], [2, 42], [10, 59], [-29, 46], [-46, 25], [-29, 6], [-15, 22], [5, 75], [-6, 47], [5, 74], [17, 80], [11, 37], [2, 32], [1, 50], [7, 37], [11, 120], [5, 30], [10, 28], [-1, 16], [-29, 65], [-14, 58], [-15, 24], [-30, 77], [-11, 49], [-12, 25], [2, 14], [-11, 6], [-18, -4], [-27, 16], [-4, 23], [-20, 65], [0, 21], [-26, 47], [-37, 30], [-27, 5], [-11, 7], [-13, 27], [-9, 29], [3, 21], [-11, 15], [-12, 5], [-22, 21], [-9, 15], [-9, 31], [-25, 51], [-3, 22], [7, 49], [-7, 31], [5, 18], [-10, 13], [-31, 26], [-6, 9], [-4, 25], [5, 21], [15, 32], [-37, 36], [-6, 36], [-18, -4], [-71, 64], [5, 22], [-25, 3], [-50, 23], [-14, 11], [-11, 31], [-7, 30], [-17, 51], [-8, 38], [0, 26], [-4, 22], [-31, 34], [-11, 28], [4, 11], [20, 27], [15, 40], [12, 15], [26, 17], [10, 31], [12, 9], [16, -2], [26, 23], [28, 10], [14, 10], [14, 53], [12, 25], [6, 21], [19, 51], [2, 26], [13, 43], [5, 29], [11, 15], [6, 28], [-18, 26], [3, 20], [-7, 18], [-6, 36], [-16, 20], [-1, 64], [-19, 47], [-1, 33], [11, 44], [-3, 34], [-19, 50], [13, 19], [-11, 26], [-2, 57], [-7, 10], [-15, 35], [-10, 12], [-8, 59], [4, 32], [10, 10], [2, 34], [-2, 15], [9, 41], [23, 10], [14, 26], [10, 31], [1, 16], [-5, 43], [3, 28], [19, 17], [14, 20], [-4, 55], [-11, 19], [5, 33], [-10, 36], [8, 32], [3, 24], [13, 32], [-6, 17], [-17, 31], [-13, 38], [3, 24], [7, 15], [-2, 16], [14, 51], [37, 35], [27, 19], [28, 39], [9, 30], [-14, 21], [-8, 31], [-3, 36], [21, 14], [-5, 11], [-38, 29], [9, 23], [-8, 11], [-1, 22], [8, 7], [2, 17], [9, 26], [3, 31], [-9, 18], [14, 20], [-2, 47], [18, 36], [1, 15], [-26, 31], [9, 47], [10, 24], [2, 34], [5, 20], [17, 24], [2, 43], [-25, 5], [-23, 0], [-6, 18], [8, 13], [17, 6], [16, -3], [4, 10], [-12, 16], [-3, 25], [12, 14], [47, 24], [20, 26], [-2, 37], [10, 14], [52, 9], [11, 23], [30, 32], [16, 23], [1, 38], [22, 48], [12, 18], [20, 7], [19, 34], [26, 11], [10, 20], [-6, 13], [13, 32], [26, 26], [17, 5], [5, 29], [19, 28], [2, 17], [24, 9], [11, 11], [12, 26], [-3, 15], [8, 33], [14, 3], [15, 31], [-13, 20], [0, 10], [11, 18], [19, 4], [1, 57], [-16, 36], [7, 33], [13, 19], [14, 11], [12, 17], [-6, 40], [10, 16], [13, 56], [-17, 20], [7, 24], [-21, 3], [1, 17], [-14, 35], [-3, 59], [11, 22], [-4, 37], [15, 25], [4, 36], [19, 20], [2, 15], [26, 48], [-5, 23], [8, 16], [28, 34], [24, 9], [25, 27], [10, 21], [-1, 9], [11, 24], [20, 18], [19, 6], [9, 27], [18, 22], [29, 50], [-1, 16], [9, 13], [7, 29], [18, 14], [-9, 23], [-11, 49], [26, 35], [-2, 18], [14, 70], [13, 30], [3, 28], [16, 30], [17, 11], [29, 63], [13, 16], [20, 53], [9, 3], [14, 61], [9, 12], [2, 23], [20, 25], [5, 19], [18, 29], [20, 49], [-2, 34], [12, 40], [18, 47], [12, 27], [7, 7], [18, -5], [17, 10], [8, 40], [35, 41], [3, 26], [21, 20], [12, 33], [13, 56], [14, 19], [24, 56], [13, 103], [1, 16], [12, 15], [4, 28], [9, 21], [-1, 22], [18, 25], [2, 19], [18, 28], [-6, 31], [17, 46], [3, 24], [10, 21], [20, 22], [11, 32], [-1, 28], [10, 10], [-5, 18], [10, 19], [-2, 25], [-6, 14], [7, 13], [-5, 15], [-2, 30], [18, 9], [30, -3], [21, 4], [-4, 24], [21, 1], [22, 17], [-8, 18], [4, 20], [11, 15], [-6, 19], [3, 17], [11, 20], [14, 9], [26, -5], [26, 8], [6, 13], [17, 4], [12, -26], [-10, -11], [7, -26], [7, -9], [32, 16], [15, 26], [-18, 3], [-9, 12], [6, 18], [15, 25], [3, 19], [14, 10], [0, 30], [24, -22], [30, 37], [-2, 15], [31, -2], [12, 19], [24, 9], [3, 10], [19, 14], [17, 25], [44, 13], [26, 0], [7, 11], [22, 19], [-4, 15], [21, 21], [21, 8], [10, 16], [10, 29], [7, 7], [17, 42], [19, 21], [-1, 20], [5, 15], [14, 6], [1, 14], [18, -5], [12, 7], [6, 28], [26, 33], [8, 2], [15, 19], [29, 48], [8, 19], [13, 11], [16, 26], [16, 44], [3, 24], [19, 7], [17, -15], [9, 11], [-5, 12], [20, 21], [8, 30], [19, 0], [11, 7], [-2, 21], [16, 14], [15, 5], [4, 14], [18, 7], [18, -2], [27, 5], [9, 19], [25, 11]], [[36752, 50345], [44, -2], [31, 3], [40, 15], [8, -26], [4, -33], [-24, -24], [-33, -12], [-14, -38], [-2, -50], [52, -56], [16, -33], [36, 4], [64, 66], [45, 12], [19, 15], [29, -2], [48, 10], [12, 18], [37, 26], [39, 11], [7, 31], [22, 34], [13, 29], [17, 12], [26, 11], [23, 24], [9, 21], [41, 5], [43, -3], [30, 15], [28, 18], [16, -13], [44, -5], [54, 33], [30, 26], [53, 2], [27, 15], [39, 50], [51, 13], [24, 25], [27, 42], [59, 31], [41, -6], [10, -7], [26, -42], [15, -10], [63, -7], [23, 5], [58, 18], [13, 16], [43, 4], [22, -57], [58, 16], [33, 17], [17, 25], [26, 47], [38, 23], [114, 48], [58, 9], [25, 27], [55, 8], [13, 19], [63, 5], [99, 0], [18, 10], [60, 5], [120, 48], [22, 32], [45, 35], [21, 23], [35, 84], [-1, 31], [-5, 30], [0, 24], [13, 38], [27, 45], [11, 30], [64, 33], [16, 72], [-140, -36], [-25, 9], [-7, 21], [13, 37], [-15, 3], [-39, -8], [8, 30], [48, 37], [21, 48], [23, 112], [123, 73], [23, 19], [16, 39], [17, 117], [18, 12], [-1, 24], [30, 26], [19, 51], [33, 44], [62, 224], [44, 14], [30, 50], [2, 27], [-54, 51], [-20, 95], [28, 17], [22, 46], [-37, 12], [-10, 30], [63, 58], [49, 36], [49, 83], [31, 27], [22, -12], [13, 11], [20, 5], [-8, 15], [-24, -1], [78, 66], [57, 52], [43, 45], [110, 25], [15, 220], [50, 64], [54, 11]], [[36155, 23146], [-16, 8], [-36, 28], [17, 30], [14, -8], [38, -30], [-17, -28]], [[34584, 24140], [-34, 2], [-86, 16], [-28, 4], [-23, 7], [-53, 42], [-26, 18], [-30, 15], [-23, 7], [-27, 18], [-76, 46]], [[34178, 24315], [-59, 25], [-23, 21], [52, 212], [38, 142], [13, 60]], [[34199, 24775], [373, -115], [-41, -190], [124, -41], [-28, -112], [-10, -44], [-33, -133]], [[34317, 25251], [-22, -97], [-35, -128], [-61, -251]], [[34178, 24315], [-16, -31], [-8, -22], [-19, -99], [-11, -38], [-18, -88], [-22, -96], [301, -94], [113, -38], [33, -12], [-22, -91], [-386, 113], [-23, -93], [9, -3], [-37, -152], [-117, 36], [-30, -105], [-67, 22], [-40, 10], [-13, -49]], [[33805, 23485], [-96, 31], [29, 111], [-339, 98], [-9, -34], [-96, 30], [21, 99], [-77, 23], [1, 4], [-135, 40], [24, 94], [-30, 9], [-24, -97], [-17, 1], [-27, 10], [-26, 5], [-22, 9], [-25, 18], [-51, 15]], [[32906, 23951], [-23, 19], [-16, 2], [-10, 14], [-23, 6], [-11, 8], [-24, 40], [2, 16], [23, 39], [-14, 18], [9, 22], [-7, 11], [10, 23], [-11, 5], [-439, 44], [-27, -122], [-82, -333], [-18, -68], [-9, -43], [-13, -44], [7, -3], [-41, -152], [-9, -38], [17, -3], [23, -12], [152, -51], [-27, -103], [15, -6], [-28, -91], [-41, -150], [-23, -84], [178, -47]], [[32446, 22868], [-77, -291], [-24, -97], [-203, 61], [44, -85], [16, -44], [8, -46], [30, -54], [16, -21], [0, -16], [12, -6], [10, -20], [-6, -7], [-20, -45], [19, -40], [8, -24], [21, -31], [22, -2], [11, -7], [24, 5], [18, -14], [22, 4], [3, -23], [34, -24], [13, -31], [4, -35], [8, -35], [-12, -30], [0, -22], [-6, -30], [-4, -48], [-17, 1], [-16, -14], [-7, -39], [-11, -31], [-18, -6], [-12, -12], [-5, -16], [-4, -47], [-5, -12], [-23, -26], [-24, -52], [-2, -11], [-15, -21], [-15, 3], [-11, -10], [-4, -17], [-17, -33], [-14, -20], [-22, -8], [-11, -18], [-46, -24], [-10, -1], [-11, -20], [1, -21], [-6, -49], [-8, -15], [-8, -46], [-19, -19], [-2, -35], [5, -19], [-15, -11], [-23, -4], [-3, -9], [-18, -21], [-16, -5], [-15, -24], [-19, 16], [-34, -26], [-7, -33], [-17, -16], [-10, -19], [-30, -1], [1, -21], [-15, 1], [-13, -22], [-12, -13], [-5, 27], [-11, 20], [-26, 21], [-11, 1], [-11, -22], [0, -28], [-4, -12], [6, -14], [9, -35], [-11, -19], [-7, -43], [1, -24], [-15, -4], [-10, 21], [-9, -3], [-12, -23], [-17, -13], [-9, -15], [-11, 5], [-48, 1], [-170, 0]], [[31463, 20805], [-486, 3], [-309, -9], [-428, 11], [-138, 0]], [[30102, 20810], [157, 420], [3, 12], [168, 456], [106, 283], [53, 136], [19, 46], [151, 401], [-312, 108], [-240, 69], [-172, 51], [-152, 64], [-326, 467], [-201, 314], [753, 632], [-131, 194], [141, 121], [88, -129], [7, 27], [17, 16], [26, 5], [11, 23], [18, 20], [-4, 35], [4, 30], [9, 10], [-1, 17], [22, 8], [124, -181], [73, 56], [25, -43], [5, -2], [22, -33]], [[30565, 24443], [92, -138], [-25, -19], [-78, -68], [90, -130], [118, -192], [149, -221], [-115, -100], [296, -106], [171, -59], [4, 59], [12, 34], [-7, 19], [6, 20], [25, 9], [17, 12], [24, 5], [-2, 13], [-63, 156], [-34, 13], [50, 161], [42, 121], [44, 146]], [[31381, 24178], [41, 130], [175, 0], [-1, -38], [365, -286], [93, -33], [-84, 323], [-166, 627], [-157, 596], [-97, 368], [-13, 53], [-2, 22], [8, 34], [22, 22], [43, 20], [57, 28], [-23, 26], [-19, 7], [-39, -16], [-13, 2], [-16, 14], [-64, 95], [-8, 15], [-45, 66], [-217, 325], [109, 93], [-53, 82], [74, 66], [128, 106], [37, 30], [-112, 158], [59, 49], [47, 43], [18, 11], [97, 83], [119, 99], [31, 24], [485, 394], [351, 18], [8, -19], [-2, -9], [16, -29], [-10, -9], [-3, -16], [5, -15], [-25, -27], [-13, 3], [-21, -15], [5, -9], [-20, -32], [6, -19], [-8, -19], [-13, -10], [17, -25], [-26, -15], [-19, -1], [2, -29], [-16, -29], [-17, -4], [-6, -8], [8, -14], [-4, -32], [-1, -33], [-16, -31], [-9, -36], [-25, -18], [-27, -9], [-15, -10], [-5, -11], [-15, 1], [-15, -10], [-14, 0], [-13, -23], [-12, 4], [-23, -41], [-6, -20], [-14, -11], [-15, -39], [3, -18], [22, -8], [5, -18], [-14, -4], [0, -21], [14, -49], [1, -35], [-15, -15], [-20, 3], [-14, -20], [-5, -22], [-21, -23], [-12, -20], [-29, -19], [-18, -17], [-15, 0], [-23, -19], [-21, -29], [272, -82], [82, 335], [94, 389], [169, -48], [195, -54], [-26, -105], [65, -18], [33, -5], [68, -25], [-6, -9], [-13, 4], [-20, -10], [-1, -18], [-17, -14], [0, -19], [11, -6], [14, 3], [11, -13], [-13, -28], [-6, -29], [-11, -34], [-29, -5], [-10, -18], [3, -18], [11, -22], [19, -15], [-6, -36], [15, -34], [2, -23], [-34, -16], [-4, -24], [2, -34], [-6, -19], [-21, -20], [-26, -33], [-17, -47], [8, -19], [15, 1], [29, -36], [-20, -58], [42, -25], [8, -14], [4, -49], [3, -23], [15, -13], [18, 14], [25, 34], [23, 9], [23, -18], [3, -37], [-3, -20], [12, -40], [26, -40], [12, -27], [22, -24], [9, -5], [24, -34], [22, -24], [10, -31], [3, -23], [19, -36], [23, -28], [23, -23], [39, -22], [56, -43], [28, -10], [27, -5], [29, 5], [15, 7], [48, 35], [35, 16], [47, 7], [40, 20], [11, 11], [33, 65], [27, 33], [44, 29], [47, 10], [27, -2], [37, -11], [18, -15], [46, -55], [28, -12], [18, 3], [11, 10], [48, 58], [22, 31], [-6, 45], [-21, 55], [2, 30], [56, 24], [11, 18], [-2, 22], [-18, 31], [6, 35], [19, 22], [42, 21], [21, 21], [6, 38], [3, 67]], [[20020, 25491], [30, -27], [4, 6], [23, -5], [-32, -19], [-13, -32], [-32, -10], [-7, 3], [-27, -10], [-21, -19], [-10, -1], [-3, 17], [-15, -14], [12, -12], [-7, -42], [-12, 5], [-1, 23], [-6, 9], [-25, -45], [-8, 1], [-19, 32], [-21, -7], [-3, 27], [-8, 31], [8, 3], [1, 37], [12, 35], [-16, 13], [-10, 22], [147, -2], [58, 0], [1, -19]], [[30851, 24690], [-85, 128], [90, 78]], [[30856, 24896], [188, -34], [53, -185]], [[31097, 24677], [-93, -81], [-58, -49], [-95, 143]], [[32815, 25055], [-17, -70], [-43, -162], [136, -73], [69, -29], [31, -23], [8, -1], [16, 49], [-3, 44], [6, 18], [17, 5], [11, -9], [18, -34], [17, -19], [18, -14], [9, -28], [-10, -31], [-10, -50], [-28, -114], [-20, -76], [144, -49], [65, -20], [21, -4], [11, -13], [19, 1], [182, -56], [51, -18], [263, -80], [44, 185], [18, -3], [30, 112], [-35, 25], [-50, 7], [-48, -8], [-19, -6], [-49, -27], [-23, 1], [-96, 47], [-14, 11], [-7, 27], [4, 71], [-5, 50], [-5, 13], [42, 149], [-69, 22], [28, 117]], [[33542, 24992], [7, 21], [1, 23], [6, 3], [16, 58], [27, 105], [40, 166], [-346, 102], [-352, 105], [-21, -98], [-24, -99], [-17, -87], [-5, -18], [-32, -149], [-10, 0], [-17, -69]], [[20143, 32986], [-167, -6], [0, 45], [-1, 207], [-4, 71], [327, 0], [421, 0], [0, -110], [-3, -187], [-573, -20]], [[20977, 34386], [-26, 0], [-5, -18], [-11, -8], [-5, -24], [2, -30], [-13, 1], [-18, -8], [-9, -29], [-2, -16], [10, -14], [-9, -24], [-2, -51], [15, -8], [-1, -25], [-6, -11], [-34, 4], [-2, -14], [19, -5], [8, -17], [-27, -5], [-23, 17], [-10, -5], [-2, -14], [15, -1], [16, -15], [-2, -12], [-24, -5], [10, -25], [-13, -9], [-12, -27], [-33, -19], [-2, -11], [-24, 5], [-12, -10], [-20, 9], [-25, 1], [3, -19], [-10, -1], [-15, -14], [-1, -14], [-18, -7], [-11, 8], [-18, -15], [-15, 5], [-8, 31], [8, 17], [-23, 14], [-19, -13], [-5, 16], [-10, 5], [-4, 15], [-24, 14], [-4, -16], [-22, 7], [5, 17], [-22, 23], [-22, -2], [-7, -13], [-14, -3], [-2, -23], [-24, -45], [-26, -1], [-12, 14], [-8, 18], [4, 19], [12, -5], [10, 8], [-1, 18], [-7, 10], [0, 22], [-6, 18], [-12, 12], [-22, 10], [-33, 6], [-14, 33], [-23, -2], [-17, 8], [-12, -8], [-14, 19], [17, 17], [-1, 15], [-11, 9], [-19, -7], [-12, -13], [-26, -4], [-13, -13], [-15, -30], [-18, 17], [6, 16], [-14, 18], [0, 14], [13, 4], [-4, 25], [-9, 4], [16, 44], [-12, 10], [-4, 25], [-14, 18], [14, 25], [-20, 18], [-8, 1], [-30, -22], [21, -2], [-19, -31], [-20, 20], [-10, 14], [-18, -12], [-22, 0], [5, 18], [-2, 20], [21, 10], [10, 31], [26, 27], [9, 4], [13, 28], [62, -23], [50, -8], [35, 2], [37, -3], [13, -11], [46, -74], [13, -24], [31, -3], [54, -13], [37, -26], [13, -6], [24, -3], [13, 5], [5, 20], [27, 27], [12, 5], [29, -4], [11, -10], [19, -35], [278, 286], [8, 65], [131, 91], [57, 107], [44, 77], [75, 19], [41, -24], [-41, -73], [-75, -116], [-66, -45], [-13, -168], [-22, -11], [-5, -13], [2, -24], [-30, -20], [-7, -9], [-18, -39]], [[23817, 37998], [-4, -9], [16, -9], [10, -46], [14, 11], [2, -42], [12, 22], [8, 0], [-10, -40], [-4, -50], [14, 9], [18, -2], [5, -17], [16, 5], [21, -18], [12, 52], [7, -50], [-21, -13], [1, -16], [11, -4], [2, -20], [23, 26], [9, 21], [-10, 41], [12, 11], [3, 14], [22, -1], [1, -19], [-7, -27], [-3, -29], [-19, -10], [0, -15], [-11, -7], [-3, -25], [0, -25], [13, 0], [11, 27], [8, -3], [-12, -48], [7, -19], [14, 25], [9, 1], [16, 45], [9, 7], [-2, -40], [-14, -41], [1, -32], [-8, -30], [-26, -28], [6, -18], [12, 19], [25, 20], [-2, -27], [26, -13], [6, -283], [13, -63], [12, -11], [9, -23], [-1, -19], [-16, -12], [-1, -12], [-12, -14], [29, -30], [2, -17], [16, -2], [8, -9], [-6, -18], [9, -21], [-11, -21], [7, -34], [13, -18], [-7, -13], [9, -27], [24, 1], [11, -9], [15, 7], [5, 19], [-6, 18], [6, 14], [16, 18], [7, 38], [4, 32], [18, 41], [7, -14], [-6, -41], [3, -14], [-27, -91], [17, -45], [-12, -11], [-10, 21], [-14, -3], [-10, -28], [-20, -23], [15, -25], [10, 31], [13, 21], [-2, -52], [-6, -9], [2, -17], [-6, -38], [-5, -15], [1, -27], [23, -12], [11, 1], [26, 55], [8, -12], [-15, -48], [-29, -35], [-28, -52], [7, -14], [22, -5], [5, -11], [-15, -18], [-9, 1], [-8, -32], [-9, -6], [7, -15], [-4, -17], [8, -11], [25, -4], [15, 18], [14, 1], [10, -8], [16, 15], [15, -8], [-1, -16], [20, -8], [11, -22], [1, -78], [7, -227], [-647, 12], [-421, 174], [-363, 159], [-82, 41], [12, 7], [27, 42], [-1, 16], [12, 13], [26, 15], [21, 22], [4, 11], [-2, 26], [14, 2], [12, 14], [13, -7], [17, 7], [16, 16], [4, 17], [19, 7], [11, 40], [9, 9], [10, 29], [9, 7], [1, 20], [7, 20], [13, -11], [-4, 36], [12, 18], [-2, 19], [49, 24], [23, 9], [7, 13], [18, 11], [11, 31], [-13, 10], [-3, 43], [27, 3], [7, 37], [20, -10], [9, 11], [-25, 7], [4, 20], [17, 12], [3, 44], [7, 4], [-1, 35], [3, 12], [-7, 21], [0, 30], [13, 22], [2, 19], [16, 7], [5, 26], [-2, 42], [13, 10], [13, 29], [22, 31], [5, 13], [-3, 42], [28, 18], [3, 13], [25, 3], [32, 53], [25, 9], [1, 18], [44, 61], [23, 6], [-1, 17], [20, 15], [19, 28], [13, 10], [1, 11], [20, 32], [12, 5], [12, 25], [44, 21], [17, 24], [28, 22], [42, 23], [10, 18], [16, 13], [28, 17], [12, -11], [12, 19], [25, -6]], [[25744, 39926], [96, -45], [-13, -36], [-133, -373], [549, -257], [-8, -11], [-11, -35], [-41, -59], [-51, -59], [-24, -22], [-16, -29], [-31, -26], [-5, -15], [-6, -103], [-15, -35], [-14, -12], [-24, -11], [-11, -15], [-10, -48], [-6, -13], [-39, -61], [-37, -20], [-34, -34], [-37, -30], [-23, -39], [-14, -19], [-56, -55], [-12, -16], [-34, -73], [-7, -8], [-103, -102], [-37, -13], [-17, -13], [-16, -28], [-18, -23], [-17, -57], [5, -52], [-3, -16], [-21, -41], [-12, -31], [-30, -45], [-44, -101], [-27, -41], [-31, -37], [-16, -29], [-20, -13], [-22, -39], [-41, -43], [-15, -26], [-11, -11], [-82, -30], [-10, -11], [-17, -62], [-3, -18], [-4, -68], [-1, -55], [-3, -39], [-18, -44], [-38, -41], [-34, -22], [-8, -8], [-65, -105], [-17, -24], [-40, -27], [-14, -17], [-27, -22], [-9, -21], [-36, 9], [-19, -6], [-21, -13], [-36, -40], [-15, -3], [-21, 6], [-51, 4], [-28, 18], [-13, 2], [-19, 16], [-16, 36], [-13, 18], [-18, 15], [-8, 15], [5, 25], [-13, 29], [-31, 41], [-7, 21], [0, 30], [4, 42], [-17, 39], [-5, 21], [-9, 17], [-28, 3], [1, 12], [-16, 28], [-12, 9], [1, 19], [-10, 19], [-19, 13], [-22, 29], [-29, 25], [-31, 9], [-3, 21], [5, 19], [-3, 16], [15, 9], [50, 74], [14, 0], [11, 16], [12, 3], [14, 17], [-15, 3], [-4, 24], [10, 8], [-1, 21], [-8, 11], [10, 17], [-3, 18], [3, 14], [30, 78], [10, 19], [9, -17], [15, 1], [12, -11], [-13, -9], [-4, -21], [12, -8], [1, -31], [12, -10], [-2, -22], [-17, -52], [-18, -34], [-10, -7], [-2, -16], [10, -27], [10, -10], [8, 25], [-5, 17], [10, 18], [-1, 9], [26, 83], [-1, 11], [10, 40], [8, 15], [16, 3], [37, -6], [-14, 21], [-18, 9], [-7, -17], [-11, 13], [2, 15], [-6, 43], [8, 8], [15, -2], [0, -33], [13, -15], [19, -5], [15, 6], [21, -1], [-2, 18], [-13, 4], [-8, 17], [9, 31], [17, 25], [6, 27], [11, 6], [-1, 14], [16, 26], [3, 20], [-4, 19], [7, 23], [-22, -11], [-13, -45], [-14, -24], [-24, -11], [-15, -39], [-20, -4], [-9, 15], [6, 22], [6, 47], [-5, 11], [6, 16], [6, 52], [-5, 12], [4, 67], [10, 11], [9, 25], [20, 26], [-13, 4], [-19, -10], [-4, 23], [6, 22], [18, 10], [3, 22], [-14, 4], [-15, -40], [-9, 17], [16, 25], [-10, 31], [-10, -9], [-7, -22], [-17, 0], [9, 22], [-5, 13], [11, 26], [0, 12], [-16, 7], [1, 18], [11, 20], [-11, 27], [15, 10], [6, 23], [12, 24], [-6, 9], [21, 23], [0, 6], [24, 42], [-13, 13], [-14, -1], [5, 21], [21, 27], [-10, 20], [-6, 31], [28, 30], [14, 2], [18, 14], [6, 11], [21, 15], [-4, 18], [-42, -3], [-26, 8], [5, 22], [20, 23], [13, 28], [15, 7], [34, -5], [18, 23], [23, -1], [4, -50], [-17, -29], [-6, -18], [-11, 1], [-12, -23], [12, -15], [-14, -27], [14, -18], [15, 9], [12, 15], [5, 25], [10, 23], [7, 43], [-11, 20], [5, 49], [17, 37], [0, 14], [-17, -4], [-11, 7], [9, 27], [31, 41], [1, 17], [10, 17], [10, 7], [17, -7], [18, 58], [-5, 33], [13, 17], [14, 43], [18, 21], [43, 26], [22, 63], [33, 60], [-12, 17], [13, 20], [13, 45], [11, 30], [9, 15], [9, -5], [-1, -15], [45, 8], [6, -3], [3, -22], [26, 25], [10, 3], [10, 34], [25, 39], [20, -1], [2, 25], [7, 18], [-8, 9], [-17, -27], [-16, 10], [-11, -47], [-22, -49], [-10, 3], [2, 23], [32, 106], [5, 48], [17, 47], [24, 17], [6, -15], [28, 12], [10, -9], [32, 49], [0, 42], [7, 27], [16, 0], [4, 10], [-34, 18], [-38, -56], [-13, 3], [25, 53], [16, 30], [-8, 12], [10, 30], [13, 20], [15, 39], [21, 10], [6, 30], [-31, 14], [13, 40], [19, 38], [238, -113], [311, -146]], [[30714, 27161], [-13, 6], [0, 26], [-17, -7], [-21, -2], [-8, 30], [-27, 46], [-7, 20], [-5, 26], [2, 50], [10, 40], [3, 34], [-3, 25], [-20, 47], [-1, 40], [2, 37], [7, 72], [-1, 18], [-7, 14], [-30, 17], [-33, 1], [-19, -5], [-29, -23], [-28, -13], [-20, -5], [-10, 3], [-38, 38], [-24, 2], [-9, 6], [-21, 31], [-20, -8], [-9, -18], [-6, -29], [-9, -14], [-19, 1], [-6, 8], [-94, -79], [-277, -230], [-113, -95], [95, -136], [62, -93], [-39, -34], [-31, -21], [4, -14], [31, -54], [-11, -32], [0, -21], [-6, -14], [-16, -14], [-20, -4], [-16, 20], [-17, -12], [-16, 14], [-13, -4], [-17, -15], [-24, -7], [-22, 6], [-36, 30], [-18, 1], [-28, 28], [-12, -3], [-8, 10], [44, 34], [-104, 153], [-78, -64], [-83, -71], [-60, -46], [-47, -43], [-198, -168]], [[29110, 26697], [-36, 16], [-31, -8], [-28, -26], [0, -25], [-5, -22], [-15, -25], [-12, 9], [-38, 10], [-15, 1], [-16, -6], [-30, 5], [-20, 0], [-14, 6], [-10, 14], [-22, 57], [0, 46], [-6, 12], [-24, 21], [-24, 3], [-38, 11], [-50, 7], [-30, 20], [-24, 9], [-10, 10], [-10, 25], [-27, 23], [-6, -3], [-9, -21], [-36, -10], [-6, -19], [-17, -9], [-18, 6], [-8, -7], [-28, -3], [-41, 11], [-31, 20], [-25, 21], [-37, 22], [-14, 4], [-35, 19], [-51, 35], [-24, 24], [-24, 19], [-13, 17], [-13, 32], [-11, 15], [-28, 9], [-31, 22], [-23, 26], [-36, 30], [-44, 31], [-39, 23], [-21, 17], [-26, 28], [-56, 42], [-52, 36], [-45, 33], [-61, 47], [-44, 26], [-10, 13], [-10, 40], [-4, 28], [-6, 17], [-28, 42], [11, 54], [-15, 24], [12, 50], [8, 17], [-28, 12], [-64, 39], [-45, 28], [-5, 13], [1, 153], [-5, 64], [-11, 26], [-10, 5], [-23, 3], [-7, 19], [1, 26], [6, 24], [-12, 27], [4, 46], [-3, 66], [-23, 97], [-6, 68], [-3, 80], [-22, 118], [2, 23], [-3, 20], [-25, 38], [-14, 35], [-14, 24], [-21, -5], [-20, 2], [-25, 48], [-11, 28], [-21, 10], [-18, -3], [-32, 20], [-28, 30], [-26, 8], [-17, -11], [-18, -25], [-23, 5], [-15, 30], [-15, 37], [-9, 16], [-13, 40], [-60, 65], [-31, 9], [-20, -1], [-29, 14], [-15, -7], [-54, -57], [-34, -1], [-22, 2], [-9, 13], [-48, 79], [-21, 1], [-24, -11], [-22, 2], [-26, -24], [-14, -35], [-7, 1], [-15, 18], [-11, 5], [-19, -9], [-17, 1], [-20, 31], [-42, 29], [-29, 15], [-22, 34], [7, 49], [12, 50], [-7, 106], [-1, 30], [5, 44], [-5, 73], [21, 75], [18, 34], [3, 70], [10, 21], [21, 71], [2, 16], [10, 23], [-2, 36], [-23, -2], [-15, 12], [-18, 21], [-19, 12], [-15, 25], [-24, 20], [-33, 44], [-14, 31], [-22, 23], [-23, 16], [-12, 25], [-17, 60], [-4, 41], [26, 74], [1, 17], [13, 10], [6, 20], [22, 10], [-2, 26], [-18, 19], [5, 30], [25, 58], [16, 74], [-11, 64], [5, 71], [-4, 127], [1, 29], [10, 60], [-7, 42], [8, 29], [15, 23], [5, 22], [-7, 27], [6, 10], [3, 26], [8, 20], [13, 24], [28, 25], [40, 73], [32, 107], [15, 34], [6, 29], [-9, 15], [-36, 24], [-6, 15], [12, 51], [-19, -8], [-14, 9], [-12, 28], [-1, 52], [-6, 24], [-2, 27], [-13, 28], [-6, 25], [-21, 19], [-12, -1], [-13, -41], [-19, -24], [-37, -28], [-31, 28], [-55, 24], [-45, -15], [-33, -25], [-12, 1], [-36, -22], [-26, -32], [-13, -47], [-6, -11], [-13, -54], [-39, 21], [-8, -1], [-32, 31], [16, 48], [24, 27], [16, 28], [17, 114], [-12, 35], [-5, 44], [-9, 4], [-35, -13], [-12, 19], [27, 42], [30, 24], [17, 38], [-2, 67], [-3, 51], [15, 47], [-18, 20], [-16, 0], [6, 36], [-3, 18], [-17, 23], [-15, 11], [-37, 0], [-21, 7], [2, 30], [10, 18], [6, 24], [14, 27], [8, 7], [2, 20], [15, 14], [-9, 11], [-16, -1], [-12, 21], [19, 17], [-2, 20], [-29, 38], [4, 12], [20, 22], [10, 23], [1, 17], [-25, 14], [1, 16], [10, 16], [23, 17], [-25, 30], [-24, 18], [-38, 20], [-46, 37], [-22, 2], [-11, 8], [1, 21], [-7, 15], [-19, -6], [-18, 13], [-16, 21], [-23, 6], [-4, 12], [5, 16], [-5, 12], [-25, 2], [-9, 6], [-26, -6], [-9, 5], [-17, -1], [-12, -9], [-13, 0], [-10, 15], [3, 48], [-4, 30], [-26, -30], [-20, 10], [-2, 40], [15, 28], [-9, 5], [5, 24], [18, 28], [-9, 9], [-18, 2], [-15, -8], [-14, 14], [19, 36], [13, 49], [11, 20], [-1, 24], [-20, 8], [-3, 12], [6, 20], [-25, 17], [-10, 30], [-21, 9], [-6, 19], [19, 15], [1, 10], [25, 28], [9, 14], [2, 17], [-3, 24], [6, 14], [12, 1], [10, 17], [-8, 7], [-7, 21], [6, 13], [22, 24], [32, 10], [8, 22], [-18, 46], [-4, 26], [-8, 12], [31, 15], [-5, 19], [1, 17], [-20, 6], [-11, 15], [1, 40], [10, 12], [-8, 23], [-2, 38], [16, 33], [4, 51], [6, 17], [-1, 27], [6, 27], [-19, 20], [-3, 13], [8, 49], [-6, 32], [-11, 15], [-15, -21], [-46, -22], [-18, 11], [-4, 17], [-43, 28], [-12, 19], [-20, 7], [-12, 22], [-14, -9], [-12, 11], [-14, -7], [-15, 11], [-23, -14], [-2, -10], [-17, -6], [-9, -21], [-24, -6], [-23, 2], [-10, -19], [-9, -3], [-6, -23], [-9, 6], [-18, -4], [-11, -14], [-13, 16], [-28, 20], [-5, 26], [-20, 22], [-11, 25], [5, 12], [0, 26], [-20, 25], [-17, 10], [-5, 13], [2, 25], [7, 27], [-6, 16], [6, 24], [5, 45], [-1, 18], [11, 44], [-1, 27], [-7, 23], [4, 27], [23, 45], [-12, 10], [1, 22], [6, 19], [-9, 5], [-22, -5], [-15, 14], [11, 10], [5, 37], [11, 5], [11, 43], [19, 0], [7, 17], [27, 7], [17, 21], [-11, 27], [21, 32], [-5, 17], [10, 22], [-558, 9], [-86, 1]], [[24501, 34823], [4, 27], [11, 9], [12, -6], [9, 8], [13, 91], [43, 106], [18, 51], [13, 47], [5, 50], [-12, 37], [-21, 53], [3, 27], [30, 61], [23, 38], [5, 35], [-5, 44], [-15, 33], [-21, 28], [-4, 31], [9, 35], [25, 53], [9, 25], [6, 29], [-4, 27], [-7, 21], [-40, 22], [-13, 32], [4, 46], [9, 34], [24, 63], [45, 159], [18, 41], [22, 33], [53, 52], [17, 8], [13, -9], [2, -17], [-8, -63], [7, -23], [20, -11], [31, -7], [26, -3], [26, -14], [20, -16], [14, -2], [34, 4], [26, -9], [35, 3], [14, 59], [36, 59], [4, 57], [14, 36], [23, 25], [19, 39], [17, 72], [57, 94], [90, 241], [-2, 83], [13, 55], [18, 64], [16, 23], [23, 21], [2, 8], [-9, 20], [-22, 128], [-6, 146], [62, 106], [12, 26], [7, 35], [0, 15], [13, 25], [16, 1], [26, -41], [12, -50], [-5, -61], [-29, -118], [5, -26], [-1, -50], [-4, -53], [2, -30], [9, -18], [28, -9], [13, 24], [15, 47], [16, 31], [17, -12], [39, -3], [19, 8], [18, 13], [14, 18], [27, 58], [18, 11], [98, 18], [16, 12], [15, 37], [4, 24], [0, 28], [4, 22], [10, 27], [14, 0], [12, -18], [7, -21], [3, -32], [18, -52], [-4, -74], [4, -20], [26, -24], [14, 0], [17, 9], [15, 21], [7, 51], [17, 43], [16, 54], [-1, 27], [-14, 74], [12, 77], [30, 72], [30, 52], [65, 86], [44, 45], [38, 56], [20, 35], [20, 44], [13, 37], [5, 86], [-7, 22], [-13, 22], [-6, 26], [5, 23], [24, 34], [51, 36], [47, 50], [19, 26], [12, 45], [0, 46], [6, 54], [7, 22], [24, 53], [17, 54], [4, 20], [11, 20], [10, 5], [23, -3], [-4, 21], [8, 27], [12, 7], [34, 1], [14, 3], [13, 11], [30, 99], [5, 35], [-5, 54], [2, 26], [9, 33], [27, 60], [15, 21], [65, 52], [30, 28], [-2, 15], [-15, 3], [-9, 20], [12, 38], [24, 59], [48, 112], [15, 17], [30, 13], [14, 13], [28, 52], [11, 29], [35, 47], [30, 8], [25, -28], [31, 12], [20, -13], [9, -20], [22, -1], [18, 57], [9, 34], [6, 35], [23, 77], [21, 51], [48, 52], [19, 16], [30, 19], [32, 16], [41, 5], [33, -2], [32, -9], [11, -7], [6, -23], [-17, -41], [8, -32], [11, -10], [48, 7], [19, -4], [36, -20], [30, -50], [-2, -23], [-11, -24], [-28, -74], [-8, -36], [-2, -30], [7, -38], [19, -19], [21, 12], [10, 1], [17, -13], [21, 10], [4, 16], [25, 43], [26, 17], [22, 3], [32, -21], [18, -46], [6, -50], [-3, -45], [-27, -44], [-64, -50], [-10, -30], [2, -23], [10, -26], [13, -2], [19, 24], [31, 18], [22, 0], [21, 19], [25, 37], [33, 27], [30, 30], [66, 91], [43, 66], [32, 44], [59, 58], [17, 12], [28, -4], [13, -20], [22, -5], [9, 9], [7, 20], [25, 158], [0, 66], [-4, 22], [-26, 26], [-7, 16], [6, 27], [16, 10], [118, 60], [39, 42], [71, 166], [11, 33], [11, 6], [12, -16], [16, 0], [6, 24], [9, 10], [34, 6], [68, 26], [57, 9], [122, 28], [23, 26], [22, 11], [82, -26], [36, 10], [20, -15], [-7, -32], [1, -23], [6, -9], [18, -6], [11, -16], [-17, -40], [19, -15], [42, 6], [24, -20], [-1, -26], [-8, -27], [3, -27], [5, -17], [-1, -29], [-21, -48], [-6, -20], [5, -43], [19, -17], [25, 14], [10, 22], [15, 62], [35, 14], [36, -8], [21, -22], [22, -33], [12, -41], [-2, -32], [-10, -34], [4, -20], [21, -14], [30, -3], [37, 32], [48, 32], [31, 35], [8, 30], [33, 30], [30, 16], [12, 44], [11, 48], [49, 143], [8, 53], [9, 64], [-3, 60], [24, 84], [17, 32], [44, 56], [24, 21], [29, 48], [6, 21], [-1, 22], [-8, 16], [-19, 25], [12, 34], [26, 45], [16, 10], [15, -3], [28, -15], [-9, -32], [-2, -46], [7, -56], [23, -76], [-10, -56], [-35, -107], [-2, -55], [7, -36], [20, -25], [38, -27], [19, -29], [3, -23], [-44, -93], [-23, -55], [-4, -47], [7, -47], [-2, -32], [-10, -34], [-55, -93], [-4, -17], [4, -22], [13, -12], [14, -3], [11, 19], [10, 27], [29, 34], [19, 16], [21, 10], [20, 0], [13, -13], [11, -28], [-6, -50], [14, -10], [27, 13], [12, 17], [7, 43], [11, 13], [12, -2], [20, -27], [18, 0], [41, 31], [42, 48], [39, 76], [26, 56], [16, 28], [28, 8], [29, -17], [58, -13], [38, 30], [20, 45], [-2, 36], [15, 40], [72, 49], [20, 49], [32, 100], [24, 34], [22, 47], [14, 56], [6, 64], [-5, 50], [7, 117], [13, 12], [51, -1], [43, -10], [24, 15], [10, 28], [82, 97], [28, 35], [41, 82], [20, 103], [-5, 32], [10, 34], [24, 35], [39, 11], [28, -20], [34, -10], [9, 111], [9, 40], [55, 23], [17, 60], [-4, 45], [16, 94], [21, 0], [28, 27], [18, 57], [0, 24], [16, 45], [86, 22], [26, -6], [13, -16], [5, -29], [-7, -47], [4, -58], [-16, -85], [0, -36], [28, -28], [16, -28], [32, -14], [34, -10], [41, 7], [11, 12], [-4, 23], [-16, 24], [-5, 38], [4, 22], [21, 51], [-15, 79], [1, 55], [13, 69], [9, 26], [22, 27], [20, 60], [23, 28], [1, 30], [-17, 33], [-8, 47], [10, 12], [29, 22], [26, 34], [27, 111], [14, 23], [33, 35], [27, 48], [-3, 91], [-8, 29], [14, 10], [29, -25], [10, 16], [5, 34], [14, 25], [42, 43]], [[31650, 42543], [56, -140], [16, -122], [22, -77], [2, -78], [-63, -233], [-15, 2], [-7, -32], [-3, -41], [-13, 10], [-12, -22], [-16, -45], [-10, -3], [-30, 1], [5, -13], [22, -1], [-6, -24], [1, -34], [-14, -28], [4, -8], [-5, -34], [15, -17], [-15, -22], [-1, -49], [-10, -27], [-9, 0], [0, -41], [-9, -26], [-13, -13], [25, -23], [8, -23], [-14, -44], [-23, -28], [7, -6], [-4, -18], [-23, -32], [1, -23], [11, -4], [2, -41], [7, -29], [1, -56], [-5, -12], [1, -45], [-8, -35], [1, -58], [10, -17], [-10, -40], [-10, -16], [14, -14], [-1, -37], [8, -15], [-3, -25], [14, -7], [-2, -13], [-12, -11], [-7, -16], [16, -2], [4, -12], [-7, -39], [-11, -2], [0, -47], [-7, -32], [-10, -13], [9, -10], [-8, -34], [-20, -6], [-6, -19], [-24, -16], [-17, -3], [-29, -33], [-19, -10], [-3, -7], [-35, -9], [-13, -26], [2, -35], [-20, -8], [-1, -31], [-4, -30], [8, -35], [-21, -34], [18, -30], [13, -33], [-18, -29], [6, -16], [-1, -26], [15, -24], [-4, -51], [11, -32], [-1, -56], [-10, -22], [-3, -20], [6, -18], [-6, -33], [-9, -18], [15, -76], [-13, -13], [-8, -26], [5, -7], [-7, -28], [-11, -11], [-9, 5], [-13, -9], [8, -47], [-11, -36], [3, -17], [-8, -14], [8, -24], [-7, -16], [-20, -20], [-2, -34], [-9, -18], [-3, -27], [-9, -19], [0, -18], [-13, -21], [-8, -3], [2, -25], [-7, -15], [11, -16], [4, -18], [-8, -19], [2, -25], [-7, -13], [-7, -35], [2, -35], [-12, -31], [5, -12], [1, -45], [-5, -17], [-13, -12], [-1, -25], [14, -8], [2, -38], [-4, -20], [-13, -28], [2, -11], [-10, -14], [1, -25], [13, -8], [4, -38], [-11, -8], [-3, -74], [9, -12], [-3, -16], [3, -53], [7, -6], [7, -35], [16, -41], [-3, -16], [4, -20], [15, -12], [13, -46], [-9, -14], [26, -43], [10, -5], [2, -34], [24, -29], [-2, -16], [-15, -27], [1, -22], [7, -14], [-2, -30], [6, -39], [-3, -24], [20, -32], [-13, -18], [-1, -20], [6, -23], [1, -32], [14, -20], [-8, -26], [21, -29], [-2, -21], [-16, -3], [-11, -17], [5, -40], [13, -18], [-7, -22], [-3, -28], [3, -38], [-8, -26], [5, -64], [-4, -14], [-18, -32], [0, -23], [12, -19], [-5, -26], [0, -28], [-8, -20], [-1, -16], [11, -13], [-6, -12], [-11, -41], [-14, -10], [-8, -15], [1, -26], [-15, -18], [-7, -28], [-8, -17], [-8, -37], [-7, -11], [-5, -26], [2, -30], [-1, -41], [5, -22], [-6, -34], [3, -13], [-1, -52], [13, -17], [34, -13], [4, -10], [-9, -25], [12, -16], [14, -5], [20, 1], [-1, -27], [8, -31], [16, -14], [-9, -14], [-18, -3], [-5, -22], [7, -15], [25, -15], [-8, -17], [-24, -12], [10, -21], [13, -9], [6, -24], [-18, -15], [1, -14], [15, -4], [18, 17], [11, -6], [-4, -13], [-31, -17], [-2, -43], [6, -44], [-10, -22], [0, -23], [8, -26], [20, -23], [1, -11], [-14, -14], [-17, 0], [-7, -13], [1, -18], [-6, -26], [4, -29], [9, -13], [24, -12], [17, 2], [10, -12], [-4, -15], [-32, -23], [-6, -20], [18, -24], [4, -18], [-7, -12], [-22, -6], [6, -19], [9, -5], [24, 1], [6, -14], [-6, -10], [-17, -4], [-22, -16], [-5, -8], [-2, -28], [16, -15], [4, -12], [-13, -13], [-21, 16], [-20, 4], [-9, -10], [-2, -22], [8, -19], [15, -1], [9, 9], [13, -1], [30, 11], [3, -20], [-23, -13], [-40, 2], [-16, -20], [1, -26], [-4, -10], [-20, -22], [8, -30], [19, -17], [18, 3], [17, 26], [6, -6], [-6, -32], [-11, -19], [-33, -15], [4, -25], [10, -7], [6, -38], [-9, -28], [7, -28], [-2, -47], [-3, -14], [7, -29], [14, -14], [25, -15], [-14, -34], [5, -23], [-21, -80], [2, -18], [-7, -13], [-22, -15], [-9, -14], [-1, -15], [19, -27], [23, -4], [-6, -31], [-8, -11], [-27, -10], [-9, -23], [7, -16], [23, -10], [24, 3], [-3, -37], [0, -59], [-6, -28], [19, -53], [11, -58], [-6, -38], [-7, -12], [-23, -6], [-13, -8], [-8, -16], [3, -11], [30, -46], [4, -17], [17, -13], [5, -15], [28, -144], [22, -132], [18, -61], [24, -144], [27, -152], [40, -115], [9, -34], [1, -16], [25, -67], [-1, -24], [8, -18], [12, -44], [28, -73], [9, -14], [15, -47], [2, -40], [6, -9], [6, -40], [12, -31], [3, -27], [17, -27], [0, -12], [15, -29], [9, -51], [20, -12], [27, -25], [17, -37], [15, -44], [1, -17], [-7, -24], [31, -39], [37, -16], [18, 2], [19, -5], [7, -47], [3, -39], [-4, -19], [6, -23], [1, -79], [-22, -45], [4, -14], [-6, -16], [25, -11], [5, -14], [15, -16], [-9, -11], [-8, -26], [13, -40], [-4, -18], [-16, -16], [3, -20], [27, -28], [27, -41], [15, -43], [13, 3], [2, -16], [9, -6], [9, -30], [24, -48], [10, -9], [17, -24], [-9, -53], [-8, -14], [-1, -19], [-11, -43], [-18, -11], [-10, 2], [-18, 14], [-22, 4], [-11, -22], [-2, -18], [-18, -26], [6, -43], [-3, -21], [-52, 26], [-21, -41], [-4, -14], [-13, -15], [-3, -27], [8, -16], [27, -25], [11, -19], [9, -46], [-10, -34], [-18, -26], [22, -18], [-5, -21], [-7, -8], [-9, -38], [8, -28], [11, -8], [7, -22], [4, -56], [10, -17], [-1, -13], [11, -36], [-1, -33], [3, -9], [-7, -32], [3, -25], [-14, -18], [18, -18], [8, -2], [26, -36], [21, -32], [5, -18], [30, -41], [22, -8], [5, -17], [10, -2], [10, -14], [3, -22], [8, -15], [30, -28], [17, -6], [39, -37], [23, -42], [7, -37], [10, -12], [10, -22], [3, -33], [30, -37], [8, -40], [20, -14], [33, 4], [9, -17], [-1, -29], [-8, -25], [4, -20], [16, -31], [-1, -13], [-10, -22], [-1, -26], [7, -26], [1, -78], [-7, -49], [-1, -26], [9, -76], [10, -21], [3, -28], [3, -57], [-3, -18], [-13, -30], [-12, -41], [-14, -38], [-20, -61], [4, -91], [-6, -46], [-15, -22], [-10, -5], [-38, 8], [-24, -7], [-19, -54], [-14, -31], [-16, -18], [-11, -4], [-31, 11], [-7, 18], [-1, 34], [-13, 11], [-31, -2], [-28, -18], [-19, -16], [-22, 14], [4, 45], [-6, 54], [-8, 13], [-21, 59], [-20, -2], [-16, -34], [-11, -57], [2, -23], [-7, -15], [-43, 19], [-9, 24], [-24, 22], [0, 21], [-9, 20], [-34, -9], [-12, -7], [-4, -18], [-39, -109], [-30, -4], [-27, 31], [-11, -38], [-24, -45], [-7, -28], [-4, -34], [-13, -21], [-39, -48], [-18, -42], [-5, -24], [-14, -38], [-15, -29], [-17, -65], [-5, -34], [-15, -63], [0, -46], [-17, -17], [-3, -52], [-29, -154], [-11, -26], [-12, -58], [4, -20], [23, -36], [45, -60], [21, -68], [25, -22], [34, -57], [17, -33], [36, -99], [5, -42], [9, -30], [21, -25], [23, -36], [0, -26], [12, -22], [18, -18], [5, -24], [14, -34], [3, -22], [-14, -44], [-9, -17], [-15, -10], [-11, -63], [-5, -40], [-444, -52], [-220, -177], [86, -122], [-223, -190], [179, -261], [-73, -60], [43, -64], [61, -82], [97, -137], [-57, -50], [-3, 6], [-43, -38], [18, -32], [18, -27], [2, -23], [-9, -41], [-24, -17], [-11, -4], [-11, 10], [-16, 1], [-23, -7], [-9, -26], [21, -30], [-80, -70], [3, -3], [-64, -55], [-6, 3], [-4, 27], [7, 20], [-9, 19], [-13, -4], [-26, 15], [-28, -6], [-14, 6]], [[21915, 27237], [65, -68], [153, -174], [104, -100], [658, -703], [403, -434], [385, -414], [11, -16], [32, -32], [251, -271], [439, -479], [443, -483], [303, -333], [438, -483], [257, -284], [200, -222], [322, -357], [201, -225], [328, -366], [228, -256], [385, -433], [259, -294], [8, -9], [372, 0], [363, 0], [270, 1], [473, 1], [415, 4], [421, 3]], [[31463, 20805], [88, -143], [61, -105], [53, -91]], [[34386, 16019], [-107, -83], [-373, -286], [-474, -381]], [[31206, 16423], [-249, 283], [-124, 148], [-103, 118], [-230, 254], [-7, -15], [11, -33], [3, -21], [8, -9], [14, 1], [3, -22], [8, -10], [-1, -17], [-160, 177], [-302, 349], [-95, 111], [-20, 22], [-205, 235], [-281, 311], [-12, 13], [-177, 214], [-110, -307], [-116, -319], [-192, -528], [-41, 47], [-10, -19], [-6, -32], [-26, 34], [-2, -25], [14, -31], [-4, -19], [-18, -27], [-9, 16], [-9, 30], [-17, 46], [2, 32], [8, 68], [-3, 26], [-17, 16], [-50, 26], [-9, 12], [-10, 29], [-85, -92], [-54, 60], [-118, 136], [-146, 170], [-135, 150], [-98, 114], [131, 148], [-22, 23], [-14, 28], [-7, 6], [-4, 19], [5, 33], [-5, 18], [6, 42], [4, 13], [21, 31], [14, 11], [5, 20], [20, 28], [5, 31], [14, 40], [24, 47], [2, 22], [9, 16], [0, 33], [9, 17], [12, 41], [11, 69], [-2, 25], [16, 36], [24, 44], [17, 23], [38, 30], [11, 28], [1, 14], [-9, 20], [-29, 18], [-37, 38], [8, 62], [23, 61], [49, 94], [18, 63], [9, 92], [-171, 196], [-1053, -1230], [-461, -538], [-405, -484], [-246, 278], [-249, 287], [-63, 60], [-269, 306], [-147, 165], [-333, 375], [367, 419], [426, 483], [445, 503], [-28, 5], [-19, 19], [-35, 21], [-21, -6], [-14, 13], [-13, 3], [-1, 34], [-7, 23], [-12, 25], [-17, 23], [-33, 40], [-22, 33], [-27, 20], [-38, 42], [-16, 36], [-34, 47], [-5, 10], [-9, 49], [-8, 24], [1, 12], [-10, 9], [-20, 6], [-8, 37], [-25, 25], [-10, 21], [-14, 8], [-16, -2], [-20, -22], [-28, -19], [-14, -25], [-15, 7], [-55, 53], [-15, 43], [-38, 15], [-24, -24], [-22, 3], [-53, 13], [-19, 13], [-6, 15], [13, 25], [-4, 14], [-21, 31], [-6, 15], [-5, 32], [2, 15], [10, 18], [30, 32], [7, 19], [11, 14], [20, 14], [36, 36], [19, 21], [23, 16], [15, 27], [-25, 115], [0, 30], [-20, 76], [-10, 24], [-17, 63], [-7, 48], [-28, 33], [4, 41], [-9, 53], [7, 12], [-6, 19], [-14, 22], [-9, 58], [6, 59], [28, 32], [5, 17], [0, 26], [-10, 47], [38, 43], [46, 35], [26, 36], [44, 53], [25, 49], [4, 28], [12, 23], [15, 52], [-5, 21], [0, 24], [-8, 62], [0, 26], [-281, 311], [-32, -7], [-52, 18], [-41, -2], [-32, -13], [-18, 0], [-13, -8], [-28, -8], [-36, 4], [-33, 30], [-9, -5], [-10, -29], [-25, -5], [-43, 38], [-25, 14], [-15, 16], [-34, 28], [-20, 31], [-39, 5], [-21, 13], [-8, 15], [-4, 32], [-10, 41], [-19, 37], [-35, 42], [-13, 5], [-24, -5], [-17, -16], [-11, -3], [-38, 28], [-12, 6], [-35, -3], [-78, 2], [-26, 10], [-28, 6], [-20, -3], [-26, -20], [-24, -24], [-26, 6], [-42, 53], [-41, 12], [-24, 12], [-18, 16], [-18, 9], [-15, 32], [-12, 9], [-13, 0], [-72, -29], [-23, 1], [-40, -4], [-11, 1], [-25, 16], [-17, 27], [-2, 33], [-25, 48], [-11, 13], [-10, 22], [-24, 32], [-14, 7], [-21, 0], [-38, 7], [-16, 20], [-12, -1], [-66, -15], [-30, 2], [-42, -15], [-38, -25], [-24, 11], [-19, 48], [-5, 35], [7, -465], [0, -48], [13, -17], [4, -20], [-17, -15], [1, -318], [0, -502], [-22, 0], [0, -300], [1, -498], [2, -663], [-14, -30], [-8, -7], [-11, -32], [-18, -8], [-9, 3], [-15, -14], [-13, -20], [-11, -30], [-18, -7], [-12, -20], [-46, 27], [-21, -17], [-34, -41], [-16, 4], [-31, -35], [-43, -78], [-14, -1], [-17, -45], [-1, -20], [11, -24], [4, -45], [10, -28], [-1, -30], [5, -18], [38, -43], [19, -36], [21, -31], [0, -28], [-26, -29], [-7, -21], [15, -37], [-34, -16], [-11, -23], [1, -49], [7, -22], [58, -61], [-7, -30], [-20, -44], [-21, -24], [-16, -24], [-30, -35], [-12, -10], [-16, -32], [-15, -23], [-27, -24], [-8, -16], [-28, -41], [-12, -12], [-26, 1], [4, -54], [-7, -17], [10, -23], [-2, -24], [4, -56], [11, -56], [-9, -25], [0, -32], [372, -419], [-177, -192], [-278, -301], [21, -48], [18, -51], [19, -19], [25, -12], [6, -14], [-1, -21], [-10, -25], [-21, -33], [-94, -91], [-19, -61], [-14, -30], [-16, -16], [-27, -11], [-9, -12], [-2, -48], [-12, -53], [-6, -15], [-17, -24], [-3, -12], [204, -225], [381, -426], [127, -144], [67, -74], [180, -201], [8, 9], [13, -10], [2, 27], [6, 13], [12, 9], [1, 15], [18, 13], [-2, 14], [16, 20], [-6, 48], [-8, 21], [5, 22], [10, 11], [7, 20], [1, 28], [-11, 14], [-18, 10], [5, 24], [-8, 18], [8, 16], [37, 63], [15, 23], [3, 23], [-4, 11], [9, 19], [0, 14], [18, 10], [3, 26], [17, 36], [212, 57], [21, -35], [2, -17], [-10, -25], [21, -2], [10, 9], [21, 1], [15, 10], [-10, 44], [-10, 10], [1, 13], [258, 64], [218, 54], [191, -218], [305, -346], [283, -324], [251, -287], [214, -246], [335, -385], [148, -170], [112, -138], [24, -20], [13, -4], [14, 5], [33, -15], [13, -22], [-24, -10], [-23, 12], [2, -15], [12, 0], [26, -15], [18, -5], [26, 7], [10, -17], [-30, -2], [6, -19], [18, -8], [13, -15], [24, -14], [6, 14], [19, -1], [14, -11], [9, -21], [33, 4], [30, 15], [36, 1], [22, -7], [79, 53], [27, -6], [46, -71], [37, 24], [48, -34], [137, 40], [94, -71], [-10, -12], [-18, -2], [1, -27], [-10, -6], [-5, -20], [-11, -7], [8, -33], [-7, -27], [112, 5], [243, 11], [-2, 19], [12, 13], [8, 20], [24, 33], [13, 12], [17, 30], [4, 32], [7, 4], [7, 21], [21, 34], [3, 17], [-14, 6], [5, 41], [8, 21], [10, 7], [16, -17], [12, 8], [3, 12], [18, 31], [27, 14], [18, -1], [30, 51], [17, 20], [0, 24], [23, 3], [-5, 23], [1, 12], [14, 10], [28, -5], [22, 1], [8, -7], [-4, -18], [28, -16], [16, 16], [46, 25], [20, -1], [10, 20], [30, -23], [-6, -70], [2, -22], [33, -112], [21, -22], [94, -85], [392, -458], [233, -273], [42, 55], [212, 237], [91, 116], [71, 83], [220, 270], [73, 82], [75, -256], [15, -14], [300, -2], [93, -104], [106, -4], [92, -187]], [[32415, 9237], [-137, -147], [-81, -86], [-60, 81], [-64, -69], [-102, 137], [-23, 31], [-63, -69], [21, -26], [-32, -33], [-104, -115], [-64, -67], [35, -46], [-100, -110], [-9, -9], [-42, 52], [-46, -54], [-64, 79], [-62, -70], [-201, 239]], [[31217, 8955], [-105, 123], [41, 46], [-53, 60], [-27, 32], [-52, -53], [-16, 3], [-17, -5], [-9, 29], [7, 8], [-10, 27], [4, 12], [-13, 9], [1, 25], [-6, 9], [15, 11], [-12, 18], [-13, 9], [2, 10], [-41, 56], [56, 43], [38, 11], [48, -2], [45, 14], [37, 22], [51, 36], [61, 18], [47, 76], [10, 25], [4, 48], [-63, 78], [-48, 62], [-38, 44], [-25, 34], [-34, 39], [-63, 81], [-21, 23], [-56, 69], [-12, -37], [-15, -24], [-38, -44], [-24, -24], [-18, -11], [-48, -25], [-191, -81], [-75, -32], [-77, -36], [-61, 2], [-31, -18], [5, -23], [-31, -12], [-50, -27]], [[30296, 9713], [-77, 90]], [[30219, 9803], [-68, 77], [-113, 135], [-67, 74], [-78, -85], [-37, -45], [-65, -68], [-7, -13]], [[29784, 9878], [-18, 13], [-8, 19], [-28, 34]], [[29730, 9944], [-45, 54], [8, 9], [-87, 103], [3, 4], [-44, 52], [-4, 0], [-47, 56], [-42, -49], [-87, -101], [-134, -160], [-63, -73], [-12, -17]], [[29176, 9822], [-22, 53], [-18, 18], [-64, 18], [-66, -73]], [[29006, 9838], [-80, -89], [38, -43], [84, -102], [80, -95], [-48, -72]], [[29080, 9437], [-13, -1], [-165, -15], [-82, -105], [-17, -24], [-8, -23], [-12, -15], [0, -25], [55, -66], [-16, 5], [-12, -4], [0, -12], [-28, 32], [-13, -19], [55, -62], [-4, -6], [52, -68], [102, -123], [137, -179]], [[29111, 8727], [-35, -21], [-122, -104]], [[28954, 8602], [-152, -130], [-62, -51], [-24, -15]], [[28716, 8406], [-72, 76], [-160, 168], [-65, 72], [-20, 24], [-43, 49], [-59, 69], [-13, 11]], [[28284, 8875], [2, 21], [-19, 30], [-10, 8], [-18, 29], [-1, 27], [-15, 25], [-10, 8], [22, 20], [22, 26], [3, 16], [-18, 4], [-8, 8], [5, 24], [-9, 17], [-1, 20], [12, 13], [-9, 17], [10, 14], [-2, 14], [-10, 7], [-10, 16], [-14, 10], [-6, 15], [-10, 6], [-12, 29], [11, 12], [15, 4], [1, 13], [-11, 10], [-8, 23], [0, 15], [-17, 10], [-15, 28], [-11, 9], [5, 53], [-7, 42], [-16, 31], [-15, 12], [2, 27], [-7, 15], [-20, 8], [-27, 34], [-2, 28], [-10, 5], [-11, 22], [6, 17], [-21, 23], [7, 17], [-16, 23], [4, 17], [-7, 20], [3, 9], [25, 13], [-3, 8], [14, 26], [11, 6], [0, 29], [-12, 15], [-9, -22], [-14, 8], [-11, -20], [-31, 17], [2, 20], [-21, 9], [-36, 61], [-6, 17], [-5, 36], [10, 34], [-14, 11], [-6, 17], [1, 15], [-44, 53], [-2, 10], [-158, 192], [-75, 94], [-34, 49], [-128, 159], [32, 43], [139, 171], [108, 126], [60, 73], [39, 42], [-221, 86], [45, 74], [-34, 90], [-252, 108], [81, 99], [159, 184], [-28, 83], [-95, -10], [-94, -4], [-149, 173], [-136, 150], [34, 99], [39, 15], [68, 24], [48, 126], [-1, 135], [0, 166], [-41, 44], [-9, -2], [-28, 15], [-16, 30], [-14, -1], [-43, 13], [-30, -13], [-22, -32], [-35, -7], [-22, 4], [-44, 28], [-13, 15], [-11, 21], [-16, 11], [-8, 13], [-21, -6], [-12, 11], [4, 29], [-3, 29], [-10, 15], [-18, 12], [-33, 3], [-16, -4], [-13, 10], [-2, 11], [6, 33], [10, 19], [11, 31], [-7, 13], [-18, 7], [-34, 7], [-29, 18], [-33, 5], [-15, -20], [-2, -30], [-21, 1], [-14, 9], [-26, -8], [-5, -14], [-15, -6], [-11, -13], [-13, -30], [-24, -15], [-20, 7], [-40, 29], [-11, 11], [-6, 22], [-9, 3], [-35, 0], [-38, 8], [-59, 32], [-15, 17], [-14, -1], [-19, -11], [-13, 3], [-23, 13], [-6, -2], [-6, -23], [-15, -9], [-15, 3], [-40, -9], [-11, 2], [-15, -6], [-9, -14], [-23, 1], [-18, 22], [-2, 11], [-39, -102], [-53, -188], [45, -89], [-94, -324], [-331, 380], [-229, 261], [-308, 354], [-44, 52], [-407, 470], [-354, 408], [-227, 260], [-63, 74], [-401, 455], [-190, 225], [-30, 32], [-103, 124], [-68, 70], [-215, 245], [-17, 18], [-98, 114], [-218, 251], [-32, 36], [-307, 352], [-304, 348], [-155, 177], [-5, -3], [-16, -38], [-5, -17], [-18, -31], [-1, -17], [-11, 0], [-4, -16], [-20, -15], [-10, -27], [-22, -14], [-2, -18], [-31, -34], [-18, -30], [-25, -5], [-15, -25], [-18, -40], [-15, -20], [-8, -25], [-15, -24], [-8, -52], [-16, -28], [1, -15], [-11, -16], [-7, -37], [4, -22], [-11, -7], [-1, -29], [-12, -17], [-2, -21], [2, -49], [-3, -20], [-11, -25], [-7, -3], [-12, -42], [-19, -35], [4, -4], [-11, -41], [-10, -1], [-16, -60], [-12, -26], [3, -19], [13, -12], [-2, -10], [-17, 2], [-8, 12], [-27, 10], [-17, -23], [-21, -52], [-11, -9], [0, -10], [-11, -41], [-18, -17], [-15, 3], [3, 12], [-6, 28], [2, 26], [-7, 25], [-13, -15], [-3, -17], [6, -45], [-4, -48], [14, 2], [-7, -31], [-20, -34], [-16, 0], [-9, -10], [-14, 7], [-12, -9], [-6, -41], [-14, -26], [0, -24], [-14, -21], [-10, -41], [8, -22], [-13, -33], [-6, -43], [-28, 2], [-5, -12], [-16, -9], [-10, 5], [-300, 346], [-263, 302], [-396, 453], [-204, 233], [-140, 154], [-97, 116], [-213, 242], [-286, 323], [-378, 426], [-248, 280], [-196, 220], [-327, 365], [-78, 89], [-19, 0], [-516, 15]], [[17478, 19179], [-1, 136], [4, 332], [5, 100], [0, 455], [1, 305], [-1, 307], [-1, 304], [-2, 612], [-1, 538], [-1, 676], [-2, 613], [0, 314], [-2, 303], [0, 302], [-2, 606], [-1, 608], [-2, 303], [0, 304], [-1, 304], [-1, 303], [-1, 608], [-2, 215], [103, -1], [443, 1], [586, -1], [974, 1], [294, 0], [414, 0], [375, -1], [303, 1], [0, -37], [189, -197], [38, 52], [26, 13], [16, -16], [-3, -49], [31, -13], [55, 36], [10, -2], [15, -40], [8, -2], [29, 29], [31, 47], [49, 16], [63, 45], [49, 58], [12, 28], [44, 32], [17, 0], [3, -17], [11, -20], [0, -41], [46, -66], [10, -47], [5, -9], [48, -27], [32, -25], [60, -41], [28, -4], [32, 15], [28, 5], [12, -4], [20, -15], [-3, -20], [-12, -14], [-39, -13], [-33, -35], [-18, -35], [18, -53], [29, -24]], [[30258, 9253], [3, -9], [-53, -60], [-16, 23], [54, 58], [12, -12]], [[24797, 20279], [3, -189], [-22, -11], [-31, -44], [-8, 1], [-12, 42], [1, 17], [-20, 14], [-38, -11], [-45, 15], [-21, 2], [-16, 6], [-10, 31], [-13, 11], [-21, -11], [-31, 3], [-14, 26], [-11, 2], [-18, 13], [-18, -4], [-10, 6], [-18, 40], [-12, 60], [-23, 49], [0, 27], [-10, 24], [-4, 21], [287, -10], [132, 0], [3, -130]], [[28783, 11130], [-15, -10], [-21, 12], [-18, 3], [-18, -6], [-20, 13], [-15, 1], [-20, 14], [-18, 20], [-27, 16], [-20, 28], [-14, 14], [-8, 15], [0, 16], [-29, 40], [-84, -81], [-25, -4], [24, -28], [57, -73], [45, -54], [193, -228]], [[28750, 10838], [66, -83], [-47, -6], [-11, -24], [33, -27], [-16, -20], [-7, -23], [10, -46], [18, -32], [-2, -26], [-13, -57], [1, -68], [4, -37], [-8, -71], [1, -17], [20, -47], [9, -39], [14, -25], [23, -27], [53, 70]], [[28898, 10233], [26, 32], [77, 89], [33, 34], [25, 34], [99, 112], [111, 130], [-133, 163]], [[29136, 10827], [-71, 72], [5, 8], [-1, 45], [6, 29], [25, 15], [19, 4], [26, -3], [32, -7], [17, 7], [18, 20], [14, 23], [16, 51], [-6, 18], [-37, 34], [-6, 18], [4, 13], [-27, 9], [-26, -12]], [[29144, 11171], [-15, 23], [10, 10], [-6, 11], [13, 9], [14, 22], [0, 22], [40, -6], [30, 0], [18, -11], [7, 8], [18, -18], [7, 8], [16, -16], [30, 37], [-46, 49], [27, 34], [-16, 27], [-23, 28], [7, 11], [82, 102], [-90, 102], [-72, -87], [-55, -73], [-5, -40], [23, -53], [-49, -27], [-31, -26], [6, 19], [-15, 18], [-17, -19], [-32, 39], [-1, 12], [5, 38], [19, 70], [2, 70], [-8, 38], [-19, 44], [-23, 20], [-16, 9], [-16, -16], [-10, -40], [-8, -14], [-13, -8], [-26, 20], [-12, -7], [-38, -10], [-14, -13], [-13, 13], [-30, -26], [-14, -17], [0, -15], [13, -12], [-2, -8], [-17, -10], [-5, -35], [-16, -17], [-2, -24], [15, -16], [3, -30], [25, -26], [56, -41], [-6, -7], [-52, -3], [-17, -12], [-32, 2], [-38, -43], [6, -37], [18, -28], [23, -27], [26, -38]], [[37732, 4404], [-25, -11], [-9, -23], [-12, -16], [-17, -12], [-7, -15], [-9, -33], [-22, -6], [-29, -15], [-15, 4], [-28, -17], [-15, -3], [-5, -24], [-17, -29], [2, -16], [-16, -32], [-19, -19], [-5, -23], [-17, -21], [-23, -19], [-8, -12], [-4, -18], [-13, -19]], [[37419, 4025], [-114, -2], [-106, 100], [-205, 200], [-137, 122], [-38, 32], [-30, -25], [-24, 5], [-22, -2], [-21, -11], [-20, 0], [-13, 8], [-20, -8], [7, -21], [12, -11], [5, -15], [-14, -21], [-6, -18], [9, -17], [-17, -19], [6, -27], [-21, -20], [1, -13], [12, -13], [9, -23], [-115, 111], [-34, -49], [-140, 134], [-32, -47], [-16, -38], [-27, -37], [-29, 28], [-27, 13], [-30, 4], [-53, -2], [-16, 5], [-92, 58], [-46, 14], [-17, 0], [-20, -19], [-17, -25], [-35, -73], [25, -30], [4, -23], [-2, -38], [6, -14], [1, -19], [53, -52], [31, 1], [159, -6], [-14, 18], [74, 118], [84, -88], [-32, -46], [75, -2], [68, -95], [-9, -75], [42, -92], [82, -181], [0, -484], [274, 1], [122, 2], [427, -4]], [[37396, 3194], [4, -7], [24, -3], [37, -24], [9, -11], [23, -8], [27, 0], [17, -41], [15, -20], [2, -25], [10, -17], [23, -21], [19, -6], [7, -36], [-13, -33], [-16, -10], [1, -24], [16, -26], [38, -20], [1, -13], [-14, -20], [-31, -12], [-10, -12], [-13, -43], [4, -16], [12, -22], [-11, -19], [-21, -9], [-16, -18], [-18, -7], [-39, 1], [-5, 10], [2, 43], [-34, 34], [-30, 23], [-21, 11], [-49, -18], [-29, 15], [-26, -13], [-15, -18], [-48, 31], [-18, 20], [-17, 13], [1, 33], [-26, 20], [-28, 33], [-6, 27], [5, 23], [-2, 13], [-24, 16], [-7, 17], [-22, 21], [-32, -19], [-11, 14], [-30, 7], [-28, 12], [-23, -27], [-29, 11], [-18, -18], [-7, -22], [-16, -37], [-29, -11], [-9, -33], [-19, -29], [-3, -12], [-27, -34], [-4, -11], [10, -18], [-5, -23], [13, -17], [23, 1], [12, -19], [3, -24], [23, -44], [20, -75], [-3, -10], [-21, -14], [-6, -32], [-18, -25], [17, -31], [-5, -21], [-28, -22], [-8, -33], [4, -12], [-3, -19], [4, -15], [24, -37], [20, -3], [-2, -13], [6, -29], [-9, -64], [-26, -27], [13, -16], [1, -12], [-11, -29], [-11, -14], [-8, 6], [-22, -8], [-41, -27], [0, -11], [19, -11], [4, -16], [-14, -44], [-3, -27], [-17, -24], [-9, -32], [-11, -23], [-29, -29], [-2, -42], [13, -20], [-13, -59], [20, -24], [30, -29], [-6, -21], [-11, -3], [-19, 5], [-23, -16], [-26, -22], [-27, 15], [-18, 2], [-21, 15], [-17, -2], [-30, 12], [-18, 26], [-13, 1], [-15, 18], [-8, 17], [12, 54], [-11, 22], [-3, 26], [-30, 14], [3, 26], [-11, 29], [-14, 13], [-17, 30], [-5, 15], [-18, 14], [-1, 10], [12, 45], [21, 42], [7, 27], [-9, 22], [-19, 29], [-4, 29], [3, 29], [-35, 20], [-14, 22], [-25, 6], [-17, 24], [-15, 14], [-3, 29], [-16, 17], [-4, 39], [-14, 11], [-30, -18], [-27, -28], [-5, 1]], [[36212, 2360], [0, 63], [-5, 94], [-3, 147], [-1, 165], [-2, 72], [7, 83], [2, 35], [-118, 5], [9, 225], [-45, 5], [-28, 1], [0, -42], [-286, 1], [1, -118], [-204, -1], [-4, 83], [2, 53], [-113, 0], [1, 248], [6, 198], [0, 91], [-27, -2], [-65, 77], [-121, 137], [-24, 22], [-67, 76], [53, 74], [63, 79], [-80, 86], [-43, 44], [111, 144], [-82, 92], [-13, 14], [-115, 131], [-197, 222], [-27, 30], [-193, 224], [-42, 50], [-64, 70], [-51, 66], [-53, 64], [-220, 242]], [[32068, 7797], [-35, -24], [0, -11], [-62, -24], [-20, -5]], [[31304, 7218], [-72, -23], [0, 8], [-20, 13], [-53, 45], [-66, -109], [2, -24], [-67, 57], [8, 11], [-58, 51], [11, 28], [-12, 26], [-14, -10], [-17, 0], [-43, 14], [-34, -6], [-32, -14], [-9, -8], [-21, -3], [-8, 15], [-25, 8]], [[30774, 7297], [-6, 11], [-12, -1], [-20, 9], [-5, 10], [4, 16], [-17, 10], [-8, 23], [-26, 17], [13, 13], [-25, 23], [27, 37], [-11, 15], [14, 19], [-56, 71], [111, 114], [-58, 73], [-3, -3], [-58, 70], [-37, -38], [-63, 83], [-16, -14], [-61, 73], [32, 27], [-40, 46], [-27, 27], [-13, -13], [-64, 70], [40, 39], [39, 47], [-62, 74], [32, 36], [47, 56], [49, 62], [111, 136], [3, -14]], [[30608, 8521], [1, -11], [103, 116], [65, 71], [155, 172], [101, -120], [62, 69], [122, 137]], [[32452, 9046], [-11, -16], [-15, -4], [-29, -19], [-16, -1], [-39, -13], [-14, -18], [-18, -14], [-18, -30], [7, -17], [-7, -16], [-5, -29], [-30, -18], [-11, -24], [-7, -28], [-28, -32], [-13, -7], [-12, 12], [-25, -19], [-16, 6], [-8, 17], [-8, 2], [-33, -21], [-14, -41], [-38, -24], [-17, -7], [1, -71], [1, -127], [84, 23], [1, -73], [28, 20], [1, -109], [33, 22], [-3, -136], [0, -65], [-54, -37], [-5, -99], [-28, -17], [1, -102], [-22, -12], [3, -105]], [[35124, 13101], [-118, 213]], [[35006, 13314], [-34, 62], [2, 2], [-61, 101]], [[34913, 13479], [144, 122], [40, 27], [67, 56]], [[35382, 13301], [-18, -17], [-49, -21], [-16, 0], [3, -29], [-6, 0], [2, -37], [-28, 3], [-1, -13], [-29, 0], [-10, -6], [-17, -44], [-14, -4], [-75, -32]], [[35498, 13100], [-10, -20], [-25, -34], [-16, -32], [2, -18], [-13, -15], [-49, 48], [-34, 5], [-34, 12], [-14, 0], [-17, -10], [-65, -72], [-11, -4], [-47, -31], [22, -27], [-43, -25], [-6, 8], [-21, -5]], [[35117, 12880], [-64, 114]], [[35053, 12994], [38, 28], [17, -27], [21, -21], [42, 36], [-2, 12], [-45, 79]], [[35393, 12815], [-38, -35], [-23, -29], [-15, -31], [-9, -30]], [[35308, 12690], [-14, 17]], [[35294, 12707], [-78, 96], [11, 20], [-10, 12], [-16, -4], [-13, 7], [-25, 27], [-20, -25], [-18, 23]], [[35125, 12863], [-8, 17]], [[34923, 13167], [26, -44], [18, -15], [15, -22], [41, -72], [9, -10]], [[35032, 13004], [-13, -17], [-38, -43], [-13, -3], [-3, -15], [-14, -8], [-8, 15], [-10, -5], [25, -30], [-17, 0], [-20, -16]], [[34921, 12882], [-33, 62], [-6, 18], [-46, 78], [-37, 71]], [[34799, 13111], [15, 8], [15, 20], [20, 13], [1, 11]], [[34850, 13163], [20, 23], [16, 5], [7, -6], [-38, -32], [14, -25], [54, 39]], [[35125, 12863], [-19, -14], [9, -12], [-8, -12], [-23, -17]], [[35084, 12808], [-78, -56]], [[35006, 12752], [-2, -1], [-39, 70], [-32, 39], [-12, 22]], [[35032, 13004], [5, -10], [16, 0]], [[35294, 12707], [-79, -36], [-28, -16]], [[35187, 12655], [-9, 11], [-9, -7], [-52, 94], [12, 10], [-11, 21], [-13, -12], [-21, 36]], [[35189, 12401], [-35, 48], [-9, 17]], [[35145, 12466], [2, 4]], [[35147, 12470], [24, 24], [23, 16], [15, 18], [10, 3], [17, 23], [6, 19], [4, 27], [-2, 22], [-25, 1], [-23, -10], [-11, -11], [-28, -16], [-16, -22], [-18, -12]], [[35123, 12552], [-17, 9], [-37, 54]], [[35069, 12615], [15, 0], [12, 11], [2, 23]], [[35098, 12649], [3, 22], [18, 3], [28, -28], [13, -5], [27, 14]], [[35308, 12690], [-5, -12], [-22, -102], [-27, -66], [-65, -109]], [[35098, 12649], [-10, 3], [-18, 18], [-29, 21], [-24, 41]], [[35017, 12732], [-11, 20]], [[35069, 12615], [-6, 0], [-21, -31], [-23, -18], [-43, -1], [11, -12], [35, -50]], [[35022, 12503], [-21, -14], [-18, -5]], [[34983, 12484], [-88, -13]], [[34895, 12471], [11, 28], [1, 18], [-16, 29], [0, 10]], [[34891, 12556], [7, 13], [12, 6], [-15, 14]], [[34895, 12589], [-2, 25], [-38, 67]], [[34855, 12681], [45, 22], [34, 29], [5, -8], [29, 20], [14, -7], [13, -24], [24, 13], [-2, 6]], [[35123, 12552], [-3, -1]], [[35120, 12551], [-31, -25], [-21, -9], [-14, -1], [-12, -16], [-12, -6], [-8, 9]], [[34891, 12556], [-14, 29], [18, 4]], [[34895, 12471], [-50, -11], [-51, -23]], [[34794, 12437], [-13, 36], [-29, -31], [-27, 32], [-18, 8]], [[34707, 12482], [-15, 17], [5, 16], [24, 17], [-41, 50], [9, 9]], [[34689, 12591], [24, 22], [20, 10], [-37, 45], [27, 25], [25, -18], [14, -4], [9, -30], [73, 35]], [[34844, 12676], [11, 5]], [[35147, 12470], [-16, 24], [15, 15], [-7, 19], [-19, 23]], [[35145, 12466], [-28, -29], [-7, -18], [-15, -9], [-3, -31], [-14, -18], [-15, 13], [-6, -7], [-34, 49]], [[35023, 12416], [-1, 9], [-21, 25], [-18, 34]], [[35189, 12401], [-23, -30], [-35, -42], [-25, -26]], [[35106, 12303], [-102, -108], [-27, -20], [-54, -25]], [[34923, 12150], [-9, 18], [12, 18], [27, 11], [13, 23], [11, 11], [1, 31], [-14, 19], [21, 14], [-25, 35], [-9, 1]], [[34951, 12331], [-21, 31], [15, 4], [24, 15], [28, 9], [26, 26]], [[34951, 12331], [-88, -76], [-6, -3], [-35, 104]], [[34822, 12356], [-28, 81]], [[34923, 12150], [-20, -11], [-32, -11], [-18, -3], [-46, -1], [-44, -15]], [[34763, 12109], [-40, 54], [-20, 23], [-11, 23]], [[34692, 12209], [32, -10], [11, 7], [73, 80], [17, -8], [-4, 23], [-10, 11], [18, 14], [-17, 21], [10, 9]], [[34692, 12209], [-8, 13], [-68, 75], [-20, -29], [9, -16], [-11, -23]], [[34594, 12229], [-8, 4], [-26, 31], [-9, 14], [95, 87], [12, 9], [29, 14], [-9, 9], [-32, 13]], [[34646, 12410], [61, 72]], [[34763, 12109], [-21, -15], [-45, -27], [-68, -19], [-26, -16]], [[34603, 12032], [-96, 106], [31, 14], [23, 21], [10, 25]], [[34571, 12198], [23, 31]], [[34620, 12897], [-16, 1], [-10, -6], [15, -18], [-28, -33], [-30, -9], [-33, -6], [-12, 4], [-29, -2], [-15, 18], [5, 5]], [[34467, 12851], [26, 21], [-11, 22], [9, 10], [0, 20], [-15, 9], [-39, 46]], [[34437, 12979], [-15, 17], [-8, -9], [-84, 97], [-31, 39], [-85, 98]], [[34214, 13221], [-2, 3], [68, 80]], [[34301, 13280], [178, -207], [-6, -12], [12, -13], [77, 59], [9, -18]], [[34571, 13089], [23, -39], [52, -92], [21, 16], [5, -10], [26, -4], [17, -20], [12, -2], [65, 48]], [[34792, 12986], [-9, -24], [-25, -22], [-10, -33]], [[34748, 12907], [-14, -1], [-32, 8], [-24, -13], [-36, 0]], [[34768, 12829], [-108, -82], [-10, -9], [-63, -71]], [[34587, 12667], [-8, -9]], [[34579, 12658], [-57, 64], [-75, -86], [-57, 68]], [[34390, 12704], [78, 92], [-25, 54], [24, 1]], [[34748, 12907], [-1, -21], [-6, -4], [12, -34], [16, -10], [-1, -9]], [[34689, 12591], [-25, 30], [-13, 11], [-64, 35]], [[34768, 12829], [10, -9], [-6, -11], [15, -31], [2, -16], [8, -15], [5, -32], [12, -18], [18, -17], [12, -4]], [[34646, 12410], [-6, 4], [-152, 176], [38, 31], [19, -2], [34, 39]], [[34571, 12198], [-40, 28], [-21, -22], [-21, -9], [-56, 65], [-64, -46], [-25, -16], [-70, 79], [-36, 39], [-99, 113], [-80, 100]], [[34059, 12529], [99, 35], [113, 38], [84, 101], [23, -24], [14, 15], [-2, 10]], [[34911, 12780], [-3, -2], [-37, 68], [38, 30], [12, -22], [1, -11], [16, -29], [-27, -34]], [[34792, 12986], [-25, 47], [4, 7], [-22, 31], [-11, 19]], [[34738, 13090], [4, 16], [46, 30], [11, -25]], [[34923, 13167], [9, 17], [-3, 43], [65, 65], [12, 22]], [[34850, 13163], [-25, 45], [-8, 9], [-26, 15], [-10, -7], [-3, 27], [-12, 12], [-31, 12], [-35, 7], [-13, 13], [-4, 14], [-3, 66], [5, 43], [-2, 26], [-8, 18], [-37, 58]], [[34638, 13521], [4, 10], [39, 32], [-3, 6], [23, 17]], [[34701, 13586], [52, -85], [5, 2], [29, -49], [-5, -5], [13, -22], [23, 20], [17, -35], [24, 23], [54, 44]], [[34738, 13090], [-11, 15], [-39, 71]], [[34688, 13176], [-35, 62], [-23, -16], [-18, 32], [7, 2], [-23, 41], [16, 13], [-67, 118]], [[34545, 13428], [50, 36], [-8, 19], [51, 38]], [[34603, 12032], [-65, -20], [-372, -108], [-119, -55], [-36, -16]], [[33656, 12263], [-67, 81], [128, 33], [91, 24]], [[33808, 12401], [74, 20], [131, 41], [-37, 46], [83, 21]], [[34701, 13586], [-89, 151], [-28, 45], [90, 97], [210, 221], [24, 24], [65, -108]], [[34545, 13428], [-21, 36], [-71, 133], [-23, 39], [-32, -23], [-25, 50], [27, 21], [-50, 85]], [[33780, 14726], [-294, 490]], [[34571, 13089], [11, 9], [13, 30], [15, -14], [39, 30], [-2, 4], [41, 28]], [[33163, 11932], [-6, -24], [-11, -10]], [[33083, 12767], [123, 46]], [[33206, 12813], [139, -159], [57, -73], [53, -66], [24, 5], [143, 33], [62, -78], [53, 11], [71, -85]], [[34437, 12979], [-74, -51], [-36, -41], [-62, -31], [-184, -129], [-21, -16], [-18, -20], [-11, -1], [-67, -46]], [[33964, 12644], [-40, 48], [-65, 73], [38, 13], [-74, 86], [75, 23]], [[33898, 12887], [111, 33], [-23, 28], [108, 110], [35, -41], [64, 73], [-48, 58], [69, 73]], [[34059, 12529], [-95, 115]], [[33143, 12884], [63, -71]], [[32732, 14670], [65, -75], [257, -290], [171, -200], [56, -64], [200, -238], [-75, -82], [-125, -142]], [[33281, 13579], [-158, -181], [22, -27], [-7, -7], [27, -33], [-99, -107], [114, -135], [-30, -37]], [[33281, 13579], [41, -25], [60, -15], [-2, 70], [10, 11], [45, 6], [25, 25], [18, -21], [15, -12], [72, -79], [-7, -8], [68, -75], [-57, -66], [13, -58], [-49, -63], [12, -15], [11, -5], [24, 32], [3, -25], [76, -83], [-12, -14], [32, -36], [76, -90], [77, -88], [15, 2], [51, -60]], [[39177, 19144], [138, -148], [36, -37], [-12, -15], [25, -7], [14, -11], [8, -15], [13, 15], [21, -19], [12, 6], [16, -24], [22, 9], [10, -2], [-131, -190], [18, -18], [17, 7], [9, -9], [-91, -108], [-7, 8], [-18, -3], [-14, 16], [-37, -47], [-36, 38]], [[55038, 36237], [15, 9], [-7, 23], [40, 11], [10, 33], [17, 7], [7, 24], [22, 8], [20, -41], [20, -28], [20, -5], [19, -27], [23, -9], [15, 11], [-3, 8], [1, 42], [7, 32], [27, 57], [12, 16], [7, 25], [-6, 21], [12, 22], [17, 16], [17, 28], [-5, 18], [-10, 12], [-8, 30], [22, 43], [27, 21], [-439, 363], [-308, -270], [-266, -234], [-249, -219]], [[50570, 31806], [-431, -1], [4, 8], [-3, 22], [6, 13], [-15, 51], [-7, 56], [6, 83], [-17, 52], [15, 118], [14, 70], [-24, 94], [-34, 89], [-15, 70], [-43, 85], [19, 33], [76, 4], [35, 28], [8, 34], [-8, 69], [20, 66], [27, 42], [65, 23], [51, 22], [28, 27], [13, 53], [-56, 32], [-32, 60], [-20, 75], [32, 38], [32, 1], [65, -14], [47, 29], [14, 20], [-26, 181], [-44, 88], [-13, 76], [-63, 28], [-25, 2], [-14, -21], [-48, 11], [-48, 66], [-42, 65], [8, 57], [-167, 53], [4, 11], [-144, 58], [-322, -158], [88, 405], [-8, 272], [194, 197], [239, 259], [-106, 502], [-105, 484], [-106, 465], [-116, 493], [-145, 665], [-67, 307], [-57, 276], [-188, 1], [-5, 15], [7, 42], [14, 22], [10, 30], [0, 23], [30, 77], [-1, 42], [-10, 9], [1, 30], [-14, 48], [-15, 14], [-1, 25], [14, 30], [25, -15], [15, 2], [8, 11], [0, 25], [24, 37], [-3, 11], [16, 16], [15, 8], [25, 24], [9, -1], [17, 22], [34, 30], [8, 17], [34, 29], [4, 24], [27, 19], [25, 32], [14, 24], [3, 14], [-13, 13], [7, 39], [11, 21], [-7, 13], [15, 24], [-4, 48], [-18, 31], [-16, 9], [-1, 30], [12, 5], [6, 26], [-6, 43], [4, 27], [-7, 14], [-11, 43], [-8, 42], [-14, 26], [-20, 10], [-4, 22], [1, 38], [5, 35], [6, 14], [1, 19], [11, 20], [-7, 21], [21, 3], [-10, 57], [7, 6], [-10, 17], [-11, -22], [-18, 5], [0, 26], [7, 22], [13, 9], [5, 25], [25, 36], [20, 13], [23, 31], [3, 10], [35, 4], [28, 18], [29, 28], [8, 19], [-5, 71], [6, 12], [8, 43], [-4, 17], [-27, 4], [-8, 12], [0, 49], [-16, 30], [-10, 37], [8, 12], [-15, 16], [-8, 17], [3, 14], [-3, 28], [2, 15], [-22, 18], [-5, 12], [5, 59], [-10, 27], [0, 115], [8, 54], [12, 30], [15, 15], [14, 24], [2, 15], [14, 28], [-1, 33], [9, 32], [9, 71], [7, 9], [8, 26], [21, 41], [14, 20], [17, 13], [17, 30], [-2, 28], [-23, 19], [-51, 6], [-26, 32], [-4, 13], [1, 20], [-5, 24], [-22, 28], [6, 30], [11, 16], [29, 21], [22, -1], [-3, -13], [4, -29], [24, -7], [8, -24], [28, -18], [2, -8], [-16, -14], [-1, -28], [14, -18], [16, -5], [35, 37], [-9, 12], [12, 19], [-4, 24], [9, 22], [-7, 23], [5, 53], [-3, 14], [-12, 10], [5, 26], [10, 23], [4, 25], [-5, 24], [11, 18], [-7, 27], [-2, 29], [2, 47], [16, 11], [16, 2], [2, 13], [32, 45], [16, 29], [19, 16], [8, 19], [-1, 18], [19, -2], [29, 31], [18, 56], [15, 14], [9, 34], [-6, 19], [-12, -10], [-13, 29], [2, 8], [-15, 15], [-12, 4], [-17, 22], [7, 18], [-11, 11], [-13, -4], [1, 37], [-44, 47], [-9, 20], [-3, 19], [-47, 37], [-9, 0], [-11, 64], [-9, 13], [-2, 31], [-8, 11], [-12, 70], [-10, 9], [-4, 32], [-8, 9], [-3, 34], [-13, 19], [1, 37], [-12, 4], [-13, 18], [-17, -1], [2, -18], [-50, 7], [-22, 30], [-9, 31], [-15, 18], [-31, 23], [-17, 9], [3, 16], [-22, 24], [-16, 6], [-24, 26], [-12, 7], [-27, 3], [-7, -6], [-18, 8], [-3, 26], [-21, 12], [-8, 14], [-22, 22], [-28, 39], [-8, 16], [-33, 39], [-34, 45], [-11, 32], [-23, 50], [-14, 40], [-8, 12], [-8, 28], [-8, 10], [-10, 28], [1, 14], [-9, 26], [3, 14], [-13, 11], [-33, -4], [24, 22], [2, 20], [8, 7], [-20, 18], [21, 14], [9, 14], [43, 20], [12, 26], [9, 31], [-4, 30], [9, 6], [-2, 35], [-5, 17], [6, 14], [-9, 13], [1, 20], [-6, 27], [-11, 25], [-18, 21], [2, 12], [-12, 13], [5, 10], [-15, 10], [-9, 16], [0, 23], [-20, 32], [0, 24], [-30, 38], [-12, 6], [-8, 16], [-13, 60], [-14, 18], [-16, -6], [-13, -15], [-8, 2], [-14, -27], [-19, 11], [-17, 18], [16, 14], [-10, 21], [-25, 16], [-29, 9], [-16, 15], [-33, 5], [-16, 18], [-15, -4], [6, 29], [24, 57], [69, 92], [36, 85], [21, 160], [39, 99], [59, 71], [36, 73], [-2, 45], [-90, 145], [-13, 78], [10, 97], [-184, 4], [-6, 351], [-8, 439]], [[55546, 49507], [17, 40], [5, 71], [-14, 57], [-13, 33], [-16, 49], [-14, 32], [-23, 86], [-13, 43], [-2, 33], [-12, 69], [-12, 59], [-27, 79], [-1, 65], [9, 20], [-3, 40], [-21, 61], [-25, 39], [-13, 67], [15, 2], [50, -16], [31, 4], [24, 9], [14, 26], [2, 17], [-41, 36], [32, 47], [-22, 38], [62, -6], [22, 13], [27, -6], [16, -14], [10, -21], [0, -47], [16, -24], [5, -30], [-14, -64], [10, -44], [21, -35], [30, -42], [23, -19], [32, -14], [24, -6], [14, -16], [23, -41], [14, -35], [0, -34], [-11, -34], [7, -17], [24, -32], [86, -79], [12, -15], [19, 1], [11, 14], [24, 81], [16, 31], [32, -8], [34, -18], [23, -23], [14, -42], [29, -58], [41, -32], [36, -25], [22, -24], [24, -21], [56, -137], [30, -92], [5, -50], [-1, -21], [-11, -74], [12, -73], [-10, -42], [-18, -34], [-19, -19], [-16, -31], [-21, -33], [3, -37], [-2, -26], [-9, -30], [5, -25], [18, -29], [9, 29], [55, 43], [29, 14], [15, -8], [28, -45], [41, -41], [22, -3], [38, 1], [44, -15], [36, -21], [-4, -50], [18, -28], [38, -9], [20, -38], [8, -49], [33, -13], [39, -1], [34, 26], [10, 46], [8, 54], [19, 45], [-7, 35], [-18, 50], [-2, 23], [27, 80], [27, -33], [37, 0], [25, -23], [51, -16], [33, -21], [25, -68], [39, -14], [25, -22], [23, 33], [19, 48], [-6, 64], [13, 44], [36, 48], [42, 28], [44, 9], [58, 5], [32, -19], [50, -24], [8, 4], [31, 38], [11, 18], [19, -3], [3, -23], [-6, -28], [3, -19], [33, -19], [48, -10], [39, 2], [10, 44], [10, 5], [15, -21], [25, -29], [50, 39], [17, -60], [10, -18], [19, -93], [18, -16], [19, 4], [10, 16], [53, 72], [30, 20], [83, 32], [31, 55], [17, 41], [27, -2], [15, -16], [-9, -60], [7, -61], [11, -36], [57, -79], [-21, -90], [9, -50], [1, -37], [-28, -38], [-44, -30], [-46, -27], [43, -65], [3, -40], [-18, -47], [-21, -42], [4, -40], [13, -39], [22, -54], [37, -34], [39, -18], [14, 4], [36, 35], [17, 52], [-15, 44], [4, 37], [20, 60], [21, 44], [11, 61], [14, 52], [33, -25], [59, -31], [78, -15], [62, 8], [65, 35], [35, 39], [-8, 32], [4, 10], [34, 51], [6, 18], [2, 70], [70, 83], [49, 105], [-10, 42], [4, 40], [13, 4]], [[73110, 15330], [-38, 19], [-23, 29], [-28, 48], [-17, 44], [-7, 57], [8, 44], [10, 35], [15, 29], [45, 60], [19, 29], [38, 113], [9, 62], [3, 79], [4, 42], [1, 63], [17, 258], [4, 82], [37, 80], [82, 174], [21, 40], [28, 26], [150, 99], [5, 5], [79, 44], [28, 18], [77, 56], [103, 102], [72, 72], [57, 59], [132, 136], [43, 59], [61, 88], [83, 115], [46, 50], [77, 79], [98, 103], [130, 144], [166, 364], [162, 415], [125, 286], [-18, 134], [180, 337], [940, 191], [593, 140], [44, -35], [7, -68], [-33, -70], [-162, -139], [-191, -196], [-186, -167], [-113, -172], [-147, -297], [-193, -444], [-237, -360], [-102, -154], [-102, -109], [-77, -62], [-355, -97], [-117, -34], [-97, -37], [-113, -51], [-20, -15], [-53, -48], [-36, -38], [-30, -39], [-20, -35], [-12, -49], [-9, -74], [-14, -237], [-23, -213], [9, -114], [16, -156], [18, -132], [15, -124], [111, -249], [-94, -143], [-105, -58], [-86, -43], [-107, -51], [-241, -124], [-53, -29], [-161, -84], [-67, -21], [-32, -1], [-105, 1], [-188, 7], [-47, 6], [-51, 17], [-58, 29]], [[53996, 28695], [351, 157], [190, 82], [158, 52], [97, 34], [102, 38], [85, 23], [381, 92]], [[60545, 28383], [0, -392], [1, -645], [0, -274], [4, -401], [-3, -164], [-516, 3], [-431, 2], [-459, 2], [-438, 0], [1, -328], [0, -678]], [[48517, 27836], [147, 125], [104, 67]], [[61678, 29133], [108, -22], [185, -109], [346, -206], [526, -316], [425, -390], [229, -212], [206, -197], [206, -218], [183, -302], [124, -359], [50, -406], [41, -330], [30, -192], [4, -243]], [[47421, 28919], [25, 98], [-8, 29], [-15, 9], [-3, 20], [-18, 10], [-2, 15], [-15, 30], [-18, 9], [-4, 14], [-17, 20], [-22, 11], [-3, 18], [-36, 14], [-36, 34], [-31, -14], [-58, -18], [-70, -14], [-4, -22], [-22, -1], [-8, -8], [-29, -7], [-82, 0], [-13, 3], [0, 29], [8, 18], [-10, 3], [-15, 21], [-9, -4], [-25, -29], [-58, -5], [1, -71], [-86, -2], [-326, 8], [-56, -1]], [[46500, 23957], [-36, -26], [-20, -34], [-36, -45], [-25, -14]], [[46383, 23838], [-10, 14], [11, 15], [1, 18], [11, 15], [-18, 40], [16, 8], [-17, 34], [-71, -84], [45, -47], [0, -21]], [[46351, 23830], [-16, 2], [-10, -27], [-27, -28], [-14, 14], [-12, 2], [-45, -54], [-28, -7], [-15, -13], [-16, -20], [-20, -18], [2, -25], [6, -4], [-5, -27], [4, -17], [21, -68], [7, -12], [-5, -19], [2, -50], [-11, -19], [-5, -20], [14, -35], [-4, -23], [4, -15], [13, -9], [-6, -24], [12, -31], [-4, -25], [7, -10], [8, -33], [6, -8], [-18, -10]], [[46672, 24464], [-25, -10], [-21, -3], [-19, 6], [-21, -10], [-7, -9], [-55, -45], [-13, -7], [-19, -2], [-22, 16], [-2, -43], [-13, -27], [-74, -85], [19, -20], [13, -2], [12, -13], [-19, -17], [-5, -11], [25, -32], [73, -75]], [[46132, 23805], [6, -1], [11, 33], [-8, 9], [-15, -30], [6, -11]], [[46383, 23838], [-24, -17], [-8, 9]], [[46852, 19652], [0, -289], [0, -276], [-2, -318], [-1, -441], [0, -76], [-1, -508], [0, -25], [-59, -65], [-319, -365], [-159, -181], [-222, -260], [-18, -10]], [[37120, 7930], [-114, -131]], [[37448, 7222], [4, 23], [-12, 46], [14, 23], [14, 13], [2, 35], [8, 63], [6, 25], [-2, 21], [13, 46], [-2, 12], [12, 53], [2, 43], [-11, 16], [-61, 49], [-30, 35], [-62, -71], [-34, 21], [-20, 8], [-1, 10], [18, 9], [69, 80], [-5, 7], [13, 15], [-36, -3], [-10, 6], [-19, 48], [-14, 18], [-22, -32], [5, -6], [-61, -73], [-15, -14], [-17, 48], [-27, 55], [-6, 18], [6, 34], [5, 79]], [[37270, 8049], [-5, -24], [1, -48], [32, -60], [7, -37], [10, -13], [35, -2], [27, -21], [9, -12], [12, 14], [14, -3], [2, 17], [28, -16], [28, 9], [24, 24], [16, -19], [28, 36], [-91, 108], [-44, 50], [-22, 16], [-39, 39], [63, 74], [8, -1]], [[37396, 7918], [-31, -36], [-28, -1], [-14, 8], [-20, 32], [20, 23], [9, -7], [15, 18], [26, -30], [11, 22], [19, 21], [18, -22], [-25, -28]], [[37584, 7842], [-53, -62], [-12, -2], [-11, -13], [24, -29], [10, 12], [9, -10], [-11, -13], [17, -20], [-28, -32], [15, -9], [-11, -14], [42, -24], [10, -1], [38, 11], [10, 7], [17, -3], [25, 29], [-111, 135], [25, 32], [-5, 6]], [[37419, 4025], [-15, -23], [-38, -16], [13, -7], [-3, -15], [-15, -17], [4, -11], [25, -35], [18, -16], [-2, -16], [-19, 0], [-13, -6], [-27, -52], [-11, -11], [-12, -39], [-9, -17], [3, -21], [-26, -10], [-12, -22], [-9, -38], [-36, -21], [-14, -26], [1, -36], [4, -8], [29, -15], [13, -13], [4, -23], [-4, -15], [-18, -35], [-4, -15], [8, -23], [27, -27], [16, -21], [32, -6], [23, -30], [0, -29], [-7, -23], [16, -19], [21, -4], [8, -8], [8, -32], [-2, -30]], [[35574, 11952], [-13, 17], [-19, 10], [-16, 30], [-7, 31], [-18, 17], [-4, 9], [-18, 9], [-14, 16], [-7, 20]], [[35458, 12111], [21, 35], [-20, 7], [4, 19], [-30, 10], [-7, 26], [9, 19], [7, 34], [9, 18], [8, 41], [7, 13], [0, 19]], [[35466, 12352], [23, 18], [7, 10], [8, 32], [0, 22], [-17, 20], [22, 23], [11, 16], [2, 24], [31, 7], [99, 59], [11, 24], [42, 20], [23, -2], [28, -21], [28, -9], [46, 4], [64, 21]], [[34840, 8205], [17, -4], [86, -126], [2, -14], [-6, -9], [19, -35], [3, -11], [20, -35], [60, 72], [7, -20], [85, -131], [-41, -33], [-27, -19], [-32, -29], [24, -36], [-1, -12], [-15, -5], [-13, -10], [-6, -15], [-17, -23], [0, -13], [-11, -11], [33, -52]], [[34791, 7279], [50, 76], [-48, 59], [-3, 12], [15, 29], [-22, -13], [-17, 1], [-11, -5], [-25, 23], [25, 38], [8, 24], [-24, -15], [-77, -32], [6, 46], [-113, 101]], [[34364, 11397], [107, 63], [22, 3], [19, 10], [43, -43], [76, 28], [22, -3], [-10, 19], [23, 11], [22, 23], [27, 12], [-10, 14], [-52, 56], [46, 14], [57, 30], [26, 7], [11, 9], [19, 2], [37, 22], [35, 17]], [[34884, 11691], [65, 79]], [[34949, 11770], [7, -3], [35, 17], [9, 0], [20, 13], [30, -6], [13, -11], [6, -13], [18, -20], [29, -18], [13, -31], [2, -26], [10, -41], [-14, -19], [-16, -14], [-16, -23], [-41, -22], [-21, -18], [-14, -29], [4, -15], [39, -41], [18, 1], [22, -37]], [[34939, 11780], [10, -10]], [[34884, 11691], [-20, 25], [-44, 52], [19, 7], [17, 32], [16, 66], [10, 3], [23, -24], [17, 20]], [[34922, 11872], [6, -24], [14, -28], [-8, -24], [5, -16]], [[32351, 7685], [-24, -14], [-7, 91], [-26, -15], [-2, 81], [-9, -6], [-9, -19], [-17, -18], [-17, -9], [-8, -36], [-18, -22], [-28, -41], [-61, -40], [-6, 95], [-21, -14], [0, 47], [5, 52], [-35, -20]], [[32218, 7442], [15, -45], [-20, -15], [-18, -20], [18, -16], [20, 34], [27, 20], [4, -28], [7, -5], [9, -23], [16, -13], [4, -20], [-15, -19], [11, -10], [14, 23], [11, -9], [-16, -22], [7, -6], [25, 38], [12, 28], [66, -62], [-76, -120]], [[32339, 7152], [-23, -32], [-6, 14], [6, 20], [-9, 10], [-3, 34], [-19, 17], [-11, 23], [-16, -1], [-5, 9], [-21, -5], [-17, 4], [-35, -6], [-10, 14], [-46, -71]], [[32124, 7182], [-40, -80]], [[32084, 7102], [-60, 57], [-33, -48], [-51, -80], [-28, -45], [-60, 58]], [[31852, 7044], [8, 2], [31, 32], [21, 50], [60, 95], [34, 47], [13, 12], [16, 23], [9, 6], [23, 2], [-20, 17], [-10, 0], [-23, -43], [-27, 24], [-36, -37], [-18, -32], [-31, 27]], [[31902, 7269], [29, 45], [-9, 9], [18, 16], [19, 4], [15, -4], [25, 7], [-1, 17], [-10, 21], [28, 23], [14, 7], [32, 8], [37, 28], [9, 12], [15, -14], [20, 32], [39, -35], [23, 0], [-8, 22], [17, 1], [4, -26]], [[32339, 7152], [10, -4], [10, -17], [40, -47], [4, -8], [3, -64], [-22, -18], [-19, -33], [-18, 14], [-10, 1], [-15, 24], [-45, 39], [-33, 11], [-24, 19], [-3, -6], [-34, 43], [-8, 22], [-12, 17], [-39, 37]], [[31852, 7044], [-61, 52], [56, 87]], [[31847, 7183], [55, 86]], [[32475, 6741], [-72, 62], [-45, 42], [-16, 12], [-73, 64], [-51, 53], [-134, 128]], [[32218, 7442], [20, 30], [-1, 17], [12, 1], [25, 22], [29, 10], [19, 30], [-5, 5], [2, 40], [42, -39], [5, 0]], [[31847, 7183], [-64, 56]], [[35458, 12111], [-18, -14], [-16, 19], [-28, -20], [-19, -1], [-31, 22], [-16, -3], [-29, 12], [-26, -4], [-43, -19], [-10, -2], [-11, 13]], [[35211, 12114], [84, 40], [17, 17], [13, 33], [33, 72], [-4, 3], [24, 52], [10, 49], [-46, 52], [-9, -15], [-24, 28], [6, 15], [-9, 10], [-18, -36], [11, -8], [-11, -24], [-21, -30], [-15, -5], [-19, -38], [-42, -37], [-2, -17], [17, -23], [-41, -3], [-20, 5], [-39, 49]], [[35822, 12705], [-55, -6], [-32, -10], [-80, -20], [-73, 0], [-18, -5], [-99, -52], [-22, 24], [-14, 7], [-11, -11], [9, -25], [-6, -32], [22, -26], [-24, -42], [-10, -36], [-20, -29], [20, -24], [-7, -11], [-13, -36], [8, -6], [14, 15], [10, 24], [45, -52]], [[35211, 12114], [-86, -41], [-87, -51]], [[35038, 12022], [-21, -9], [-73, -21], [-20, -14], [-17, -1]], [[34907, 11977], [1, 18], [-5, 13], [12, 35], [-3, 10], [11, 18], [23, 6], [14, 14], [-25, 29], [-12, 30]], [[34922, 11872], [-11, 16], [7, 13], [-1, 27], [-20, 22], [7, 7], [3, 20]], [[35038, 12022], [30, -44], [25, -28], [-6, -3], [28, -36], [-56, -46], [-46, -29], [-74, -56]], [[36713, 22431], [-401, 237], [-118, 77], [-95, 62], [-80, 59], [-21, 21], [79, 131], [-48, 45], [20, 32], [10, 31], [-45, 34], [24, 40], [-50, 40]], [[35988, 23240], [106, 169], [31, 45], [97, -80], [208, 321], [56, 90]], [[35872, 24165], [3, -11], [-7, -14], [18, -51], [3, -24], [6, -17], [-6, -17], [13, -9], [10, -16], [30, -16], [0, -10], [-17, -71], [51, -19], [-34, -53], [5, -23], [-19, -15], [-28, 1], [-47, 7], [-59, 0]], [[35794, 23807], [-66, 23], [-16, 9], [-131, 29]], [[35581, 23868], [24, 94], [-196, 57], [-14, 12], [-4, 12], [3, 28], [-12, 25], [20, -1], [15, 67]], [[35988, 23240], [-23, -39], [-8, 34], [-134, 102], [-70, -103], [-75, -109], [-49, 38], [-6, 2]], [[35623, 23165], [25, 55], [8, 29], [4, 68], [11, 30], [64, 98], [-24, 19], [-11, 4], [-44, 2], [-23, 6], [-24, 13], [-19, -28], [-10, -21], [-22, -36], [-26, -35], [-57, -87]], [[35475, 23282], [-102, 76], [-43, 35]], [[35330, 23393], [-4, 5], [25, 37], [43, 68]], [[35394, 23503], [46, -40], [78, 123]], [[35518, 23586], [5, 23], [30, 45]], [[35553, 23654], [18, -15], [5, -25], [13, -16], [52, -28], [13, -12], [9, 1], [70, -18], [17, 23], [3, 12], [24, 30], [-25, 15], [12, 26], [20, 7], [18, 16], [-4, 6], [1, 49], [2, 37], [8, 17], [-22, 3], [7, 25]], [[35581, 23868], [-92, 35], [-50, 12], [-54, 30], [-25, 12], [-17, 2], [-28, -9]], [[35315, 23950], [-12, 24], [-29, 22], [-11, 14], [-2, 36], [36, 33], [-6, 16], [10, 15], [-9, 21], [15, 12], [16, 4], [20, 11], [9, 12], [-17, 21]], [[35553, 23654], [-25, 12], [-16, 25], [57, 89], [-18, 15], [22, 41], [8, 32]], [[35623, 23165], [-148, 117]], [[34404, 20811], [-377, -1], [-584, 1], [-329, -1], [-2, 24], [15, 26], [2, 43], [-5, 30], [-14, 3], [-19, 40], [2, 14], [9, 7], [9, -10], [14, -2], [7, 21], [-5, 31], [6, 19], [12, 19], [4, 32], [-4, 28], [30, 32], [3, 12], [20, 30], [4, 23], [14, 24], [-1, 27], [17, 35], [7, 9], [18, 39], [13, 23], [16, 11], [20, -15], [12, 5], [18, 56], [-5, 45], [7, 14], [-11, 28], [0, 26], [17, 20], [-1, 35], [13, 20], [13, 34], [0, 20], [21, 15], [1, 17], [26, 10], [-9, 14], [-3, 69], [-5, 11], [10, 32], [3, 29], [-1, 54], [-24, 49], [4, 10], [22, 24], [17, 48], [11, 9], [-2, 17], [12, 13], [1, 13], [68, 243], [47, 175], [30, 111], [136, 562], [113, -38], [15, 55]], [[33862, 23230], [24, -15], [42, -11], [50, -24], [32, -5], [26, 0], [81, -28], [83, -36], [103, -35], [41, -11], [74, -18], [52, -17], [55, -23], [70, -26], [41, -8], [26, 1], [18, -7], [42, -23], [157, -22], [62, -15], [25, -8], [94, 150], [14, 23], [40, 77], [56, 102]], [[35170, 23251], [6, 10], [48, -39], [104, 165], [2, 6]], [[35315, 23950], [-15, -4], [-16, -19], [-15, -7], [9, 38], [-1, 20], [-17, 7], [-24, -2], [-10, -8], [-33, 10], [-3, -21], [10, -21], [-5, -7], [-44, 26], [-7, 26], [6, 30], [-100, 27], [-14, -81], [-21, -8]], [[35015, 23956], [-37, 44], [-37, 17], [-43, 9], [-37, 26], [-50, 31], [-71, 29], [-65, 16], [-25, 9], [-19, -1], [-47, 4]], [[35518, 23586], [-19, 10], [-3, -15], [-16, -8], [-40, 10], [-22, -41]], [[35418, 23542], [-56, 38]], [[35362, 23580], [21, -5], [18, 33], [-171, 40], [-16, 2]], [[35214, 23650], [-66, 17], [-7, 4], [12, 29], [1, 35], [8, 42], [14, 3], [35, 0], [59, 13], [-37, 39], [-22, 18], [-11, 23], [-15, 14], [-16, -18], [-26, -9], [-8, 3], [-35, 2], [-23, 11], [-5, 9], [0, 24], [-30, 32], [-27, 15]], [[35394, 23503], [24, 39]], [[35362, 23580], [-42, 27], [-37, 7], [-25, -7], [-50, -25]], [[35208, 23582], [-2, 30], [8, 38]], [[35208, 23582], [-80, -41], [-30, -8], [-52, -1], [-24, 2], [-49, 15], [-13, -21], [16, -24], [-35, -41], [-1, -8], [14, -28], [-2, -19], [-15, -3], [-19, -12], [-10, -16], [21, -3], [24, -34], [8, -21], [36, -41], [173, -27]], [[33862, 23230], [-18, 16], [-79, 78], [40, 161]], [[34872, 23713], [10, -70], [-1, -46], [13, 11], [12, -8], [25, -4], [5, -6], [52, 6], [14, 10], [-6, 14], [19, 29], [11, 22], [1, 15], [8, 22], [-1, 11], [12, 23], [-26, 6]], [[35020, 23748], [0, 35], [-10, 20], [-58, 15], [-51, -59], [-30, -40], [1, -6]], [[35020, 23748], [-34, 8], [-17, -5], [-33, -27], [-21, -9], [-43, -2]], [[32815, 25055], [20, -10], [46, -13], [40, -5], [15, -18], [16, -4], [31, -18], [8, -21], [9, -3], [12, -16], [13, -5], [0, 22], [5, 28], [31, 6], [17, -2], [20, -7], [18, 3], [13, 18], [39, -4], [20, -12], [36, 18], [10, -3], [14, -23], [26, -17], [3, -7], [32, -20], [16, -4], [22, -20], [14, -36], [24, -19], [21, 3], [19, 10], [1, 7], [-20, 25], [11, 5], [-17, 26], [-3, 23], [9, 7], [5, 21], [-28, 25], [4, 13], [27, -4], [11, -8], [48, -15], [23, -11], [25, -25], [18, 13], [3, 14]], [[33481, 24939], [-6, -35], [10, -8], [9, 28], [-1, 16], [-12, -1]], [[33295, 24602], [52, -15], [13, 47], [-26, 26], [-17, 24], [-7, -10], [-15, -61], [0, -11]], [[33505, 24528], [-13, -41], [-42, 14], [-14, -2], [-15, -40], [-16, 6], [11, 41], [-29, 3], [-8, -17], [-35, 13], [-18, -64], [63, -20], [110, -28], [57, -19], [21, 90], [-5, 25], [-13, 13], [-54, 26]], [[32906, 23951], [-23, -102], [117, -38], [22, -11], [-65, -266], [-17, -73], [-61, -231], [-1, -16], [-12, -50], [-74, -292], [-19, -89], [-268, 69], [-59, 16]], [[30565, 24443], [63, 52], [10, 6], [141, 123], [72, 66]], [[31097, 24677], [92, -320], [110, 29], [17, -162], [65, -46]], [[29110, 26697], [28, -22], [21, -26], [4, -27], [-3, -22], [8, -25], [17, -27], [11, -30], [29, -55], [20, -47], [15, -45], [10, -41], [18, -45], [25, -44], [13, -31], [7, -62], [20, -24], [60, -9], [20, 2], [11, 9], [13, 64], [13, 24], [14, 14], [19, -2], [11, -41], [8, -12], [11, -4], [6, 44], [18, 10], [29, -47], [16, -44], [30, -27], [18, -1], [21, -12], [13, -19], [19, -10], [19, 0], [18, -23], [15, -10], [37, -14]], [[29792, 26016], [-121, -100], [-215, -180], [178, -261], [29, -41], [-76, -67], [-9, 14], [-37, -30], [-111, -84], [243, -356], [39, 33], [25, -13], [4, -20], [19, -22], [10, 0], [9, -15], [31, -23], [13, -3], [43, -20], [30, -28], [19, -5], [10, 3], [27, 21], [11, 19], [22, 13], [-2, 44], [14, -3], [12, 5], [-1, 18], [-13, 0], [1, 30], [-16, 3], [-3, 16], [6, 18], [-2, 16], [6, 17], [18, 4], [4, 21], [22, 16], [10, -9], [10, 3], [42, -4], [11, -4], [18, 4], [18, -3], [5, 27], [16, 5], [3, 11], [-14, 9], [1, 27], [15, 1], [12, 7], [33, -4], [24, 5], [2, 21], [19, 10], [17, -3], [23, 5], [16, 13], [23, 7], [18, 29], [10, 6], [-1, 41], [5, 12], [-5, 16], [-3, 30], [13, 23], [20, 13], [26, 4], [25, -16], [21, -54], [73, -56], [21, -26], [14, -26], [20, -52], [7, -54], [8, -18], [26, -13], [121, -8]], [[30754, 25035], [102, -139]], [[21915, 27237], [53, 45], [30, -12], [21, -38], [17, -14], [19, 1], [36, 39], [43, 33], [22, 13], [43, 4], [52, -15], [51, -53], [37, -13], [20, 6], [23, 21], [12, 33], [4, 349], [50, 69], [12, 37], [54, 74], [5, 5], [-30, 155], [-8, 25], [2, 14], [11, 11], [18, 0], [34, -11], [-5, 35], [3, 52], [-2, 43], [11, 24], [35, 66], [27, 92], [-6, 88], [13, 20], [20, 59], [-24, 49], [16, 112], [20, 36], [26, 10], [26, -14], [22, -4], [11, 11], [0, 17], [-18, 36], [-8, 23], [-20, 119], [3, 50], [42, 74], [0, 61], [2, 42], [-11, 84], [7, 24], [22, 16], [-4, 173], [-6, 31], [8, 162], [-5, 81], [-10, 25], [-27, 16], [-27, -8], [-20, -21], [-27, -39], [-21, -23], [-13, -7], [-13, 11], [-9, 19], [-3, 46], [-14, 8], [-18, -12], [-33, -33], [-23, -50], [-5, -49], [-12, -40], [-26, 0], [-9, 46], [-69, 73], [-16, 32], [-81, 84], [-69, 59], [5, 60], [-13, 49], [-17, 9], [-21, 1], [-15, -9], [-18, -24], [-30, -10], [-62, 5], [-44, 30], [-20, 43], [4, 50], [21, 64], [49, 93], [15, 24], [20, 22], [20, 29], [2, 37], [-11, 20], [-46, 3], [-13, 67], [14, 80], [-7, 86], [8, 89], [30, 53], [101, 91], [11, 26], [-5, 36], [-34, 55], [-10, 33], [-15, 35], [4, 19], [15, 19], [85, 23], [5, 68], [16, 50], [52, 49], [28, -11], [38, -49], [24, -22], [4, -37], [-18, -43], [27, -15], [57, 18], [58, 48], [20, 34], [26, 31], [41, 64], [11, 5], [52, 46], [-21, 105], [28, 39], [25, 77], [5, 59], [1, 80], [7, 48], [61, 47], [54, 38], [25, 47], [15, 59], [37, 41], [40, 59], [5, 97], [-17, 61], [-11, 50], [5, 45], [11, 45], [72, 142], [33, 23], [41, 9], [34, -15], [30, -1], [26, 16], [31, 38], [28, 38], [21, 72], [8, 35], [36, 68], [19, 51], [-1, 19], [11, 46]], [[23329, 32806], [15, 29], [19, 55], [7, 40], [3, 57], [14, 62], [59, 106], [50, 40], [64, 13], [76, 34], [39, 30]], [[23675, 33272], [47, 29], [26, 36], [33, 51], [22, 86], [65, 67], [46, 3], [35, 95], [37, 77], [44, 57], [30, 53], [4, 70], [36, 28], [8, 43], [1, 71], [6, 62], [35, 78], [19, 56], [-5, 55], [20, 58], [49, 57], [45, 32], [22, 40], [22, 55], [23, 99], [-6, 50], [0, 52], [39, 0], [23, -19], [42, 9], [32, 30], [24, 43], [2, 28]], [[29792, 26016], [33, 28], [145, 120], [73, 62], [54, 42], [106, 87], [43, 37], [7, 4], [155, 127], [3, 5], [43, 33], [167, 137], [8, 7]], [[30629, 26705], [8, 0], [54, -83], [52, -74], [84, -131], [7, -4], [18, -26], [-21, -32], [-30, -32], [-24, -19], [-7, -11], [-23, -14], [-16, -17], [-33, -26], [-38, -14], [-18, -12], [-20, -32], [-2, -29], [-14, -22], [-13, -9], [-9, -21], [-5, -56], [9, -128], [-6, -77], [11, -23], [-8, -43], [7, -48], [24, -87], [-7, -9], [34, -127], [11, 2], [52, -182], [47, -284], [1, 0]], [[30629, 26705], [149, 118], [-70, 106], [8, -4], [17, 7], [62, 47], [-81, 118], [-24, 36], [9, 26], [15, 2]], [[31650, 42543], [14, 50], [21, 10], [38, -8], [78, -40], [56, -43], [40, -7], [-39, 94], [-52, 80], [61, 11], [32, 31], [86, 70], [1, 70], [17, 128], [52, 27], [3, 35], [-44, 96], [133, 74], [9, 64], [38, 45], [29, 61], [6, 46], [73, 50], [65, -5], [36, -24], [37, -9], [50, 34], [1, 64], [-32, 125], [42, 68], [14, 41], [-26, 65], [-4, 39], [43, 89], [88, 45], [27, 26], [8, 77], [22, 45], [34, -10], [19, -32], [-3, -121], [72, 5], [60, 60], [52, 2], [24, -26], [28, -76], [43, 14], [156, 176], [10, 35], [-4, 41], [14, 50], [82, 95], [-6, 39], [-25, 26], [10, 110], [20, 92], [87, 213], [88, 32], [217, 92], [32, 36], [18, 43], [8, 85], [-9, 93], [-12, 34], [-35, 46], [-10, 50], [41, 68], [8, 57], [2, 32], [-1, 90], [-35, 8], [-35, 36], [-23, 33], [-24, 59], [-1, 100], [27, 188], [-21, 49], [-20, 27], [9, 52], [46, 90], [0, 43], [-17, 61], [26, 60], [18, 104], [26, 73], [36, 133], [-17, 62], [-5, 190], [19, 41], [27, 78], [5, 83], [107, 97], [60, 44], [261, 37], [70, 30], [62, -17], [79, -8], [66, 7], [46, 35], [44, 56], [59, 166], [41, 185], [23, 27], [48, 36], [31, 31], [62, 196], [-13, 56], [-5, 46], [12, 34], [92, 74], [22, 43], [28, 19], [29, 99], [36, 55], [36, 48], [41, 40], [149, 30], [19, 96], [-27, 1], [-83, -16], [-27, -14], [-35, 1], [-89, 31], [1, 42], [25, 57], [24, 18], [48, 44], [5, 43], [27, 46], [40, 13], [61, 51], [13, 20], [27, 11], [22, 117], [24, 60], [50, 33], [38, 22], [33, 27], [37, 78], [0, 49], [-6, 46], [33, 52], [26, 69], [56, 20], [45, 31], [38, 6], [43, 26], [51, 52], [-15, 86], [5, 44], [21, 33], [177, -11], [33, 24], [31, 32], [47, -3], [193, 83], [27, 39], [46, 29], [57, 16], [49, 3], [15, 51], [60, 86], [43, 52], [41, 61], [41, -50], [49, -7], [93, -9]], [[23329, 32806], [-407, 1], [-631, -1], [-141, 6], [-168, 0], [-167, 3], [0, 299], [-2, 203], [3, 202], [0, 403], [1, 506], [0, 342], [-1, 54], [62, -1], [258, -1], [712, -7], [521, 2], [19, -2], [276, -2], [1, -170], [-7, -189], [2, -641], [11, 0], [4, -541]], [[30296, 9713], [-91, -48], [-75, -29], [-57, -6], [-80, -108], [-58, -74]], [[29935, 9448], [-46, -3], [-65, 28], [-36, 2], [-12, 9], [-9, 30], [-7, 8], [-66, -13], [-7, 4]], [[29687, 9513], [-11, 2]], [[29676, 9515], [2, 25], [5, 12], [19, 20], [1, 36], [-16, 18], [-11, -5], [-16, 9], [29, 33], [-14, 5], [-22, 25], [12, 14]], [[29665, 9707], [15, -5], [15, 11], [12, -22], [29, 27], [22, 11], [39, -44], [4, 4], [39, -43], [14, 11], [73, -88], [6, 18], [-14, 17], [27, 32], [8, -10], [18, 26], [16, -19], [71, 71], [66, 15], [20, 11], [14, 13], [17, 24], [22, 21], [9, -11], [11, 10], [1, 16]], [[29784, 9878], [-7, -11], [-4, -37], [-46, -59], [-4, 5], [-38, -44], [-32, 35], [-9, -36]], [[29644, 9731], [-39, 45], [-9, 4], [6, 30], [-5, 11], [-60, 69], [9, 9], [18, -13], [24, -32], [4, 4], [33, -37], [105, 123]], [[29578, 9765], [15, -23], [-8, -12], [-23, 13], [-10, 13], [11, 13], [15, -4]], [[29495, 9916], [29, -25], [-13, -16], [-12, -28], [-27, 16], [18, 22], [-11, 13], [16, 18]], [[29738, 9665], [17, 2], [-4, 37], [-5, 17], [-20, -21], [16, -17], [-4, -18]], [[29665, 9707], [-21, 24]], [[29676, 9515], [-64, 11]], [[29612, 9526], [-18, 7], [-17, 15], [-39, 21], [-26, 6], [-28, -1], [-11, 7], [-18, 63], [-34, 41], [-22, 41], [-25, -10], [-21, -15], [-20, -9], [-26, 9]], [[29307, 9701], [-53, 69], [-49, 24], [-29, 28]], [[29612, 9526], [-7, -20], [20, -7], [9, -18], [-78, -115], [-1, -10], [15, -20], [-19, -15], [-21, -23], [-6, 4], [-17, -19], [0, -10], [14, -9], [-8, -15]], [[29513, 9249], [-13, -2], [-46, 50], [4, 5], [-61, 65]], [[29397, 9367], [55, 68], [-8, 1], [-111, 126], [-15, 5], [-43, -6], [-1, -11], [-18, -22]], [[29256, 9528], [-35, 40], [-15, 34]], [[29206, 9602], [66, 77], [11, 6], [12, -14], [12, 30]], [[29541, 9221], [-28, 28]], [[29687, 9513], [-5, -26], [7, -30], [19, -71], [-1, -30], [-11, -14], [-46, -37], [-33, -8], [-19, -14], [8, -11], [-65, -51]], [[29256, 9528], [-2, -1], [112, -132], [3, -18], [12, -29]], [[29381, 9348], [-112, -131], [-67, 70], [-122, 150]], [[29006, 9838], [13, -8], [-3, -21], [8, -11], [165, -191], [17, -5]], [[29935, 9448], [-93, -118], [-16, -26], [-34, -34], [-36, -41], [-44, -66], [-48, -64]], [[29664, 9099], [-123, 122]], [[29664, 9099], [-17, -23], [-34, -39], [-40, -42], [-47, -36], [-58, -34]], [[29468, 8925], [-90, -46], [-58, -32], [-209, -120]], [[29381, 9348], [16, 19]], [[30608, 8521], [-1, 23], [-12, 23], [-9, 29], [-21, 58], [-23, 15], [-20, 20], [-10, 17], [4, 11], [23, 12], [-7, 14], [-30, 8], [-35, -13], [-11, -16], [-17, 14], [-4, 24], [-70, -83], [-48, 60], [-30, 34], [-107, -120], [25, -34], [-70, -84], [-11, -28], [-48, -62], [-112, -126]], [[29964, 8317], [-59, 72], [-44, 52]], [[29861, 8441], [-80, 102], [-81, 99], [-56, 65], [-116, 142], [-24, 28], [-36, 48]], [[29136, 10827], [-39, -46], [-22, -42], [-22, -12], [-25, -28], [-69, 69], [-30, -59], [-7, -31], [-12, -19], [19, -11], [-1, -12], [-12, -10], [-26, 9], [-21, 3], [-19, -20], [3, -26], [-6, -15], [9, -9], [-2, -25], [-24, -25], [11, -34], [-4, -53], [-7, -13], [-4, -38], [18, -59], [23, -11], [1, -17], [30, -60]], [[28750, 10838], [41, 3], [-12, 21], [-5, 24], [-10, 25], [14, 16], [14, 8], [-10, 17], [-3, 17], [16, 16], [7, -33], [13, -17], [9, -20], [20, 34], [-4, 36], [-10, 12], [11, 20], [9, -8], [9, 33]], [[28859, 11042], [34, -24], [22, -20], [57, 46], [41, 27], [15, 26], [2, 34], [11, -2], [5, -15], [0, -31], [26, -37], [20, 26], [9, 6], [29, 1], [49, 47], [-21, 27], [-11, 2], [-3, 16]], [[28783, 11130], [23, -33], [41, -45], [12, -10]], [[25890, 4537], [-71, 23], [-30, 8], [-23, 12], [-11, -3], [-23, -111], [-24, 8], [-84, 64], [-12, 6]], [[25612, 4544], [19, 13], [69, 57], [22, 20], [1, 12], [-5, 55], [6, 32], [36, 130], [2, 18], [0, 38]], [[25762, 4919], [35, 15], [13, 1]], [[25810, 4935], [19, 6], [7, -20], [11, 9], [19, -1], [27, 12], [10, -8], [4, -27]], [[25907, 4906], [-18, -23], [-18, -60], [-15, -40], [-5, -60], [0, -29], [12, -78], [7, -26], [20, -53]], [[25890, 4537], [19, -36]], [[25909, 4501], [-41, -46], [-14, -24], [-31, -67], [-24, -83]], [[25799, 4281], [-43, 8], [10, 43], [14, 42], [13, 20], [-7, 16], [-19, 6], [4, 16], [-37, 11], [-14, -46], [-7, -36], [-18, -55]], [[25695, 4306], [-50, 15], [5, 29], [-50, 38]], [[25600, 4388], [-80, 62]], [[25520, 4450], [57, 62]], [[25577, 4512], [35, 32]], [[25577, 4512], [-69, 111], [-9, 20]], [[25499, 4643], [33, 26], [37, 40], [37, 30], [29, 15], [38, 57], [7, 12], [20, 74]], [[25700, 4897], [33, 9], [29, 13]], [[25412, 4328], [-31, 49], [-6, -5], [-31, 49], [-24, -28], [-18, 24], [-14, 36]], [[25288, 4453], [28, 30], [34, 42], [22, 16], [69, 58], [53, 38], [5, 6]], [[25520, 4450], [-28, -31], [-80, -91]], [[25412, 4328], [-39, -39]], [[25373, 4289], [-10, -2], [-18, -29], [-18, -35]], [[25327, 4223], [-35, -70]], [[25292, 4153], [-76, 121]], [[25216, 4274], [10, 43], [12, 58]], [[25238, 4375], [32, 53], [18, 25]], [[25238, 4044], [-74, 52], [-10, 6], [-2, 23]], [[25152, 4125], [26, 61], [17, 19]], [[25195, 4205], [21, 69]], [[25292, 4153], [-27, -54], [4, -4]], [[25269, 4095], [-17, -24], [-14, -27]], [[25500, 4195], [-30, 24], [-97, 70]], [[25600, 4388], [-63, -123], [-7, -19]], [[25530, 4246], [-30, -51]], [[25695, 4306], [-11, -38], [-37, -103]], [[25647, 4165], [-20, 6], [-34, 24], [-49, 37], [-14, 14]], [[25799, 4281], [-14, -81], [11, -69]], [[25796, 4131], [14, -36]], [[25810, 4095], [-64, 22], [-20, 11], [-23, 4], [-30, 24], [-26, 9]], [[25647, 4165], [-11, -32], [-38, 14], [-13, 1], [-10, -25], [43, -24], [3, -7], [-32, -85]], [[25589, 4007], [-48, 27], [15, 40], [-17, 15], [-9, -13], [-10, 7], [11, 15], [3, 26], [-14, 21], [-9, 43], [-11, 7]], [[25810, 4095], [-10, -44], [-48, -131]], [[25752, 3920], [-38, 17], [-7, -14], [-26, 12], [-79, 46], [-20, 8]], [[25582, 3989], [7, 18]], [[25500, 4195], [-23, -29]], [[25477, 4166], [-10, -13], [-34, -64]], [[25433, 4089], [-25, 22], [-30, 54], [-36, 33], [-15, 25]], [[25393, 4014], [-8, 17], [-47, 34], [-47, 36], [-13, 15], [-9, -21]], [[25433, 4089], [-40, -75]], [[25440, 3979], [-36, 26]], [[25404, 4005], [-11, 9]], [[25477, 4166], [28, -16], [10, -26], [-26, -60], [-16, -22], [-33, -63]], [[25190, 3464], [-11, 6], [-21, -42], [-2, -53]], [[25156, 3375], [-19, 15], [-4, -7], [-33, 23], [-34, -14]], [[25066, 3392], [3, 16]], [[25069, 3408], [8, 52], [34, -37], [45, 57], [13, 1]], [[25169, 3481], [21, -17]], [[25582, 3989], [-7, -17], [-49, 26], [-31, -58]], [[25495, 3940], [-56, 29]], [[25439, 3969], [1, 10]], [[25752, 3920], [-9, -23]], [[25743, 3897], [-27, -58]], [[25716, 3839], [-36, 0], [-106, 58]], [[25574, 3897], [-79, 43]], [[25716, 3839], [-38, -80]], [[25678, 3759], [-17, -5]], [[25661, 3754], [-31, -8], [-13, 5], [-14, 30], [-8, 7], [-49, 9]], [[25546, 3797], [-2, 21], [9, 27]], [[25553, 3845], [21, 52]], [[25553, 3845], [-55, 27], [-28, 19], [-12, -23], [-9, 5], [7, 27], [-26, 13], [-18, 3]], [[25412, 3916], [27, 53]], [[25546, 3797], [-50, 7]], [[25496, 3804], [-3, 1]], [[25493, 3805], [-43, 32], [-57, 43]], [[25393, 3880], [19, 36]], [[25404, 4005], [-17, 2], [-8, -15], [-11, 7], [-15, -28], [13, -10], [-21, -34], [-9, -4]], [[25336, 3923], [-35, -25]], [[25301, 3898], [-8, 3], [-92, 67]], [[25201, 3968], [37, 76]], [[25393, 3880], [-57, 43]], [[25201, 3968], [-14, -8], [-12, 8], [5, 15], [-47, 33], [-30, -11]], [[25103, 4005], [9, 42]], [[25112, 4047], [18, 39], [16, 19], [6, 20]], [[25201, 3968], [-32, -93]], [[25169, 3875], [-8, 12], [-25, 12], [-7, -21], [-9, 17], [-25, 12], [-11, -10], [-11, -18], [-14, 12]], [[25059, 3891], [18, 25]], [[25077, 3916], [4, 16], [15, 27], [7, 46]], [[25360, 3817], [-14, 11], [-5, -10]], [[25341, 3818], [-3, 15], [-42, 31]], [[25296, 3864], [-18, 14]], [[25278, 3878], [23, 20]], [[25393, 3880], [-33, -63]], [[25433, 3768], [-18, 7], [-55, 42]], [[25493, 3805], [-22, 1], [-17, -9], [-10, -12]], [[25444, 3785], [-11, -17]], [[25496, 3804], [41, -30], [-24, -43]], [[25513, 3731], [-69, 54]], [[25477, 3670], [-20, 15]], [[25457, 3685], [-54, 42]], [[25403, 3727], [30, 41]], [[25513, 3731], [-20, -34]], [[25493, 3697], [-16, -27]], [[25661, 3754], [-22, -21], [-10, -33], [-7, 4], [-9, -52]], [[25613, 3652], [-77, 61], [-6, -29], [-6, -12], [-31, 25]], [[25613, 3652], [12, -31], [-21, 6], [-14, -41]], [[25590, 3586], [-15, 9]], [[25575, 3595], [-72, 55]], [[25503, 3650], [-26, 20]], [[25278, 3878], [-36, -20], [-24, -46]], [[25218, 3812], [-6, -1], [-57, 26]], [[25155, 3837], [14, 38]], [[25218, 3812], [-19, -50]], [[25199, 3762], [-64, 18]], [[25135, 3780], [20, 57]], [[25296, 3864], [-13, -15], [-12, -23], [-26, -77]], [[25245, 3749], [-46, 13]], [[25341, 3818], [-13, -34], [-29, -50]], [[25299, 3734], [-54, 15]], [[25403, 3727], [-15, -9], [-19, -3]], [[25369, 3715], [-60, 17]], [[25309, 3732], [-10, 2]], [[25434, 3641], [-67, 47], [-16, 18], [18, 9]], [[25457, 3685], [-23, -44]], [[25434, 3641], [-3, -6]], [[25431, 3635], [-13, -15], [-21, 0], [2, -19], [22, -25], [-14, -31]], [[25407, 3545], [-17, 12], [-15, 4], [-16, 11]], [[25359, 3572], [-27, 22], [-14, -4]], [[25318, 3590], [-3, 16], [-38, 28], [10, 21]], [[25287, 3655], [16, 27]], [[25303, 3682], [12, 24], [1, 19], [-7, 7]], [[25475, 3596], [-3, 8], [-41, 31]], [[25503, 3650], [-28, -54]], [[25563, 3567], [-27, 21], [-13, -25]], [[25523, 3563], [-18, 14], [-9, -23], [-27, 22]], [[25469, 3576], [6, 20]], [[25575, 3595], [-12, -28]], [[25590, 3586], [-13, -44], [3, -31], [-35, 20]], [[25545, 3531], [18, 36]], [[25531, 3507], [-12, 9], [3, 17], [11, 22], [-10, 8]], [[25545, 3531], [-14, -24]], [[25499, 3519], [-15, 12], [-17, 6], [-6, 14]], [[25461, 3551], [8, 25]], [[25523, 3563], [-24, -44]], [[25514, 3485], [-10, 16], [-5, 18]], [[25531, 3507], [-17, -22]], [[25693, 3650], [18, -99], [11, -53], [-2, -12]], [[25720, 3486], [-85, -49], [-45, 16], [-12, 19], [-11, -1], [-5, -19], [-16, -15]], [[25546, 3437], [-16, 7], [-29, 24]], [[25501, 3468], [13, 17]], [[25678, 3759], [7, -63], [8, -46]], [[25721, 3188], [-1, -29], [-10, -71]], [[25710, 3088], [-196, 66], [23, 50]], [[25537, 3204], [13, 35], [4, 59], [10, 8]], [[25564, 3306], [9, -6], [23, 18], [33, 34], [14, 7], [19, 2], [41, -6]], [[25703, 3355], [8, -52], [5, -44], [4, -22], [1, -49]], [[25501, 3468], [-1, 1]], [[25500, 3469], [-32, 23], [-30, 5], [23, 54]], [[25500, 3469], [-35, -44]], [[25465, 3425], [-5, 14], [-27, 14]], [[25433, 3453], [-28, 15], [-3, -6], [-29, 24], [-13, 1]], [[25360, 3487], [9, 3], [24, 37], [14, 18]], [[25491, 3372], [-13, 18], [-11, 30]], [[25467, 3420], [-2, 5]], [[25546, 3437], [-42, -46], [-13, -19]], [[25701, 3367], [2, -12]], [[25564, 3306], [-25, 22], [-29, 15]], [[25510, 3343], [-12, 6], [-7, 23]], [[25720, 3486], [-7, -10]], [[25713, 3476], [-6, -8], [-11, -32], [0, -11]], [[25696, 3425], [5, -58]], [[25135, 3780], [-65, 18]], [[25070, 3798], [-29, 8], [-20, 17], [-24, 2], [23, 19], [-2, 22]], [[25018, 3866], [13, 3], [28, 22]], [[25070, 3798], [-24, -64], [-10, -4]], [[25036, 3730], [-29, 3], [-12, 9], [-26, 27], [-25, 13], [-19, 17]], [[24925, 3799], [21, 31], [43, 29], [29, 7]], [[25303, 3682], [-9, -1], [-101, 49], [-8, -2]], [[25185, 3728], [14, 34]], [[25287, 3655], [-15, 7], [-6, -17], [-12, 5], [-8, -23], [14, -6], [-25, -46]], [[25235, 3575], [3, 17], [-7, 9], [6, 19], [-77, 35]], [[25160, 3655], [25, 73]], [[25235, 3575], [-10, -28], [-17, -29]], [[25208, 3518], [-7, -13], [-12, 8]], [[25189, 3513], [15, 25], [-75, 36]], [[25129, 3574], [31, 81]], [[25318, 3590], [-60, -110]], [[25258, 3480], [-50, 38]], [[25359, 3572], [-24, -35], [-21, -40], [-10, -10]], [[25304, 3487], [-6, 5], [-14, -25], [-5, -2], [-21, 15]], [[25360, 3487], [-11, -9], [-9, -16], [-14, 9], [-13, -25]], [[25313, 3446], [-18, 13], [9, 28]], [[25313, 3446], [11, -18], [-8, -14], [20, -14], [0, -21]], [[25336, 3379], [-23, 2], [-19, 5]], [[25294, 3386], [-104, 78]], [[25169, 3481], [20, 32]], [[25294, 3386], [-10, -11], [-17, -9], [-18, -33]], [[25249, 3333], [-9, -18]], [[25240, 3315], [-19, 4], [5, 19], [-12, 9], [-9, -8], [-49, 36]], [[25433, 3453], [-23, -25], [-47, -69]], [[25363, 3359], [-27, 20]], [[25405, 3345], [-7, -7], [-35, 21]], [[25467, 3420], [-23, -20], [-31, -37], [-8, -18]], [[25405, 3345], [-4, -11], [-24, -28]], [[25377, 3306], [-55, -34], [-18, 7], [-35, 27], [5, 9], [-25, 18]], [[25243, 3178], [-31, 20]], [[25212, 3198], [3, 7], [-21, 15], [36, 77], [12, -8], [10, 18], [-12, 8]], [[25377, 3306], [-21, -20], [-56, -41], [-29, -33], [-11, -18], [-17, -16]], [[25491, 3372], [-25, -42], [-16, -22], [-20, -15], [-21, -11], [-12, -13], [-25, -19], [-42, -23]], [[25330, 3227], [-34, -27], [-28, -39]], [[25268, 3161], [-15, 11]], [[25253, 3172], [-10, 6]], [[25510, 3343], [-6, -15], [-2, -42], [-13, 10], [-21, -8], [-3, -28], [1, -32], [-5, -19]], [[25461, 3209], [-21, -31], [-22, -37]], [[25418, 3141], [-49, 13], [-12, 52], [-27, 21]], [[25537, 3204], [-76, 5]], [[25710, 3088], [-17, -44], [-18, -32]], [[25675, 3012], [-283, 74]], [[25392, 3086], [26, 55]], [[25036, 3730], [-6, -12]], [[25030, 3718], [-30, -2], [-62, -36]], [[24938, 3680], [-12, 11], [-35, 23], [-31, 35]], [[24860, 3749], [14, 21], [15, 13], [20, 5], [16, 11]], [[24938, 3680], [7, -7]], [[24945, 3673], [-31, -27], [-14, -18], [-12, 13], [-9, -11], [-9, 8], [-34, -20]], [[24836, 3618], [-89, -54]], [[24747, 3564], [-33, 38]], [[24714, 3602], [12, 10], [25, 35], [35, 25], [12, 18], [35, 36], [27, 23]], [[25119, 3544], [-42, 1], [-24, 15], [-28, 29]], [[25025, 3589], [-80, 84]], [[25030, 3718], [11, -4], [64, -31], [0, -44], [-6, -48], [30, -17]], [[25129, 3574], [-10, -30]], [[25119, 3544], [-10, -10], [-26, -34]], [[25083, 3500], [-14, -12], [-43, -5], [-35, -12]], [[24991, 3471], [-12, 17], [-9, 27], [55, 74]], [[25069, 3408], [-36, 38], [19, 13], [31, 41]], [[24991, 3471], [-44, -26]], [[24947, 3445], [-28, -2], [-45, 5], [3, 36], [-10, 10], [6, 10], [-57, 62], [25, 31], [10, 7], [-15, 14]], [[24947, 3445], [5, -11], [36, -43], [-46, -58]], [[24942, 3333], [-1, 1]], [[24941, 3334], [-49, 51], [-15, 9], [-69, -93], [-39, -50], [-49, 51], [-25, 45], [8, 13], [-24, 26], [-1, 13], [18, 14], [8, 13], [-3, 15], [8, 16], [-13, 24]], [[24696, 3481], [-20, 23]], [[24676, 3504], [19, 40], [7, -10], [11, 5], [13, -13], [11, 3], [24, 19], [-14, 16]], [[25066, 3392], [-15, -93], [-6, -23]], [[25045, 3276], [-38, 38], [-5, -45], [-35, 40], [-25, 24]], [[25212, 3198], [-64, 41]], [[25148, 3239], [8, 23], [0, 113]], [[25148, 3239], [-6, -7], [-21, 13], [-31, -46], [-11, -8]], [[25079, 3191], [-13, -1], [-34, 17], [4, 41], [9, 28]], [[25253, 3172], [-28, -19], [-37, 14], [-82, 52], [-15, -28]], [[25091, 3191], [-12, 0]], [[25238, 4375], [-29, 17], [11, 22], [10, -14], [12, 27], [17, 23], [41, 48], [-14, 21], [-33, 51], [-27, 35]], [[25226, 4605], [63, 41], [28, 16], [61, 43], [20, 8], [55, 34], [-2, 13], [1, 85], [-14, -5], [-30, -17], [-28, -8], [-51, 30], [-30, 1], [0, 7]], [[25299, 4853], [30, 0], [52, -24], [13, 0], [65, 33], [13, 4]], [[25472, 4866], [19, 5], [68, 33], [28, 1], [17, -9], [28, -1], [27, 7], [41, -5]], [[25226, 4605], [-14, -12], [-4, -17], [-10, 1], [-15, 91]], [[25183, 4668], [-2, 20], [2, 101], [-2, 33]], [[25181, 4822], [20, 11], [25, 2], [39, -3], [22, 20], [12, 1]], [[25195, 4205], [-20, 23], [-70, 106], [-21, -16], [-8, 12], [10, 18], [0, 16], [-30, 49], [11, 8], [18, 32], [21, 21], [-62, 96]], [[25044, 4570], [-9, 8]], [[25035, 4578], [110, 70], [38, 20]], [[25112, 4047], [-30, 46], [-30, 22], [-24, 37], [-12, 22]], [[25016, 4174], [-50, 113], [-55, 83]], [[24911, 4370], [89, 119], [44, 81]], [[25077, 3916], [-14, 8], [-72, 107], [-26, -27], [-16, 27], [-5, -2], [-16, 24]], [[24928, 4053], [14, 21], [24, 24], [24, 45], [26, 31]], [[24703, 4392], [-14, 6], [-49, 11], [-23, 15]], [[24617, 4424], [22, 24], [20, 38], [4, 26], [34, 36]], [[24697, 4548], [35, 52], [32, 43]], [[24764, 4643], [6, -9], [4, -22], [11, -15], [-8, -23], [-5, -28], [8, -9], [12, -59], [12, -27]], [[24804, 4451], [-9, -11], [-35, -18], [-13, 3], [-12, -18], [-32, -15]], [[25035, 4578], [-20, -12], [-69, -30], [-37, -38], [-41, -39], [-12, -14], [-31, -21], [-21, 27]], [[24764, 4643], [8, 12], [0, 18], [18, 12]], [[24790, 4685], [19, 15], [20, 35], [21, 19], [30, 16], [25, 4], [26, -9], [48, 26], [39, 51], [23, 17], [14, 4], [51, -6], [13, -8], [30, -7]], [[25149, 4842], [9, -10], [23, -10]], [[24911, 4370], [-28, -37], [-63, -71], [-15, -32]], [[24805, 4230], [-86, 145], [-16, 17]], [[24805, 4230], [1, -3]], [[24806, 4227], [-9, -20], [-38, -37], [-91, -92]], [[24668, 4078], [-100, 71], [-16, 25], [-9, 61], [-10, 23], [-18, 20]], [[24515, 4278], [17, 7]], [[24532, 4285], [15, 0], [18, 14], [10, 16], [12, 8], [20, 43], [8, 39], [2, 19]], [[24908, 4029], [-15, 47], [-6, 14], [-81, 137]], [[24928, 4053], [-20, -24]], [[24925, 3799], [-6, 8], [-33, 55], [-41, 59]], [[24845, 3921], [20, 16], [10, 26], [32, 17], [16, -1], [-15, 50]], [[24767, 4045], [-43, -46], [-25, -18], [-38, -19], [-41, 64], [-74, -69], [-5, -14], [18, -28], [-31, -19]], [[24528, 3896], [-118, 183]], [[24410, 4079], [2, 18], [20, 31], [-3, 43], [13, 15], [15, 8], [3, 15], [-2, 41], [8, 19], [19, -4], [30, 13]], [[24668, 4078], [23, -5], [26, 9], [25, -5], [25, -32]], [[24363, 3813], [-16, 0], [-32, -24], [-33, -12], [-30, -22], [54, -91], [-4, -8]], [[24302, 3656], [-46, 3], [-54, 19], [-30, 25]], [[24172, 3703], [23, 20], [29, 31], [7, 15], [-17, 53], [-6, 43], [3, 38], [6, 22]], [[24217, 3925], [39, 13], [23, 16], [54, 67], [27, 27], [27, 17]], [[24387, 4065], [23, 14]], [[24528, 3896], [23, -36]], [[24551, 3860], [-17, -15], [-4, -19], [-30, 7], [-15, 25], [-37, -31], [-39, -27], [-15, -3], [-31, 16]], [[24845, 3921], [-78, 124]], [[24730, 3878], [-11, -9], [-37, -19], [-24, -6], [-14, -10], [-49, -41]], [[24595, 3793], [-44, 67]], [[24845, 3921], [-19, -17], [-20, -6], [-16, 25], [-60, -45]], [[24860, 3749], [-15, 25], [-37, -19], [-70, 108], [-8, 15]], [[24714, 3602], [-4, -2]], [[24710, 3600], [-40, 68], [-75, 125]], [[24710, 3600], [-13, -5], [-64, 6], [-38, 8], [-6, 10], [-20, 9], [-47, 9], [-23, -1]], [[24499, 3636], [-16, 27], [-20, 8], [-17, 34], [-24, 8], [-59, 100]], [[24499, 3636], [-15, -1]], [[24484, 3635], [-22, 5], [-38, 4], [-44, 7], [-29, -48], [-8, -4]], [[24343, 3599], [-16, 29], [-10, 6], [-15, 22]], [[25392, 3086], [-24, -32], [-53, -57], [-18, -11]], [[25297, 2986], [-7, 16], [-46, 37], [-46, 72], [56, 37], [14, 13]], [[25241, 2903], [8, 26], [9, 8], [10, 31], [29, 18]], [[25675, 3012], [-30, -29], [-16, -11]], [[25629, 2972], [-37, -24], [-42, -14], [-32, -8], [-53, -9], [-74, -9]], [[25391, 2908], [-31, -4], [-88, -6], [-31, 5]], [[25241, 2903], [-21, 7], [-21, 11], [-37, 28], [-46, 15]], [[25116, 2964], [1, 78], [6, 9], [53, 40], [4, 15], [-6, 15], [-17, 10], [0, 11], [-35, 20], [-8, 9], [0, 13], [-23, 7]], [[25116, 2964], [-37, 12], [-49, 7], [-27, 0]], [[25003, 2983], [9, 76], [4, 10], [-7, 16], [-3, 33], [8, 5], [-9, 15], [0, 21], [-32, 1], [-3, 7], [-23, -3], [-57, 2]], [[24890, 3166], [-14, 75], [-3, 8], [68, 85]], [[25003, 2983], [-26, -2], [-58, -8]], [[24919, 2973], [-26, 123], [3, 3], [-12, 66], [6, 1]], [[24676, 3504], [-26, 18], [-16, -8], [-13, 16], [9, 13], [-24, 9], [-17, -17], [-25, -20], [-6, 9], [-31, -25], [-5, -15]], [[24522, 3484], [-8, 14], [-14, 8], [11, 11], [-28, 49]], [[24483, 3566], [-20, 40], [32, 14], [-11, 15]], [[24483, 3566], [-15, -10], [-46, -22], [-30, -23], [-19, -21], [-9, 16], [-17, -30]], [[24347, 3476], [-5, 10], [-20, 7]], [[24322, 3493], [-6, 26], [10, 56], [17, 24]], [[24522, 3484], [-13, -10], [-11, 0], [-27, -17], [-31, -25]], [[24440, 3432], [-27, -19], [-12, -17]], [[24401, 3396], [-22, 22], [4, 12], [-9, 14], [-12, -10], [-15, 42]], [[24696, 3481], [-34, -26], [-76, -61]], [[24586, 3394], [-4, 8], [-71, -52], [-11, 20]], [[24500, 3370], [-20, 35], [-23, 10], [-10, -1], [-7, 18]], [[24322, 3493], [-2, -15], [-17, -24], [-29, -31], [-8, -13]], [[24266, 3410], [-27, 15], [-60, 87], [-40, 56], [13, 14], [-11, 18], [-29, 60]], [[24112, 3660], [12, 15], [25, 19]], [[24149, 3694], [23, 9]], [[24266, 3410], [-13, -33], [-28, -31]], [[24225, 3346], [-14, -21], [-34, -17], [-15, -16], [-25, -12], [-19, -3], [-23, 1], [-14, 11], [-14, 35], [-17, 24], [-12, 5], [-20, -6], [-42, -4], [-20, 6], [-25, 23]], [[23931, 3372], [-6, 30], [2, 38], [22, 40], [31, 41], [40, 26], [44, 44], [32, 44], [16, 25]], [[24500, 3370], [-67, -57], [-60, -53]], [[24373, 3260], [-44, 77], [41, 36], [28, 14], [3, 9]], [[24373, 3260], [52, -86], [-6, -5], [13, -27], [-26, 1]], [[24406, 3143], [-55, -1]], [[24351, 3142], [-43, 74], [-18, 32], [-24, 27], [-19, 43], [-5, -3], [-17, 31]], [[24351, 3142], [-53, -44], [-15, 26], [-13, -10], [-5, 9], [-17, -8], [4, -20], [-13, -3], [-3, 10], [-16, -14], [-12, -5], [-33, -4], [-26, -9]], [[24149, 3070], [-9, 38], [-6, 2], [-4, 27], [4, 14]], [[24134, 3151], [9, 5], [30, -3], [26, 16], [19, 23], [-2, 24], [20, 7], [-8, 16], [-16, -4], [-21, 36], [-10, 2], [-15, -7], [-28, -21], [-39, 0], [-18, 12], [-76, -49], [2, -12], [-6, -19]], [[24001, 3177], [-51, 25], [-97, 50]], [[23853, 3252], [45, 72], [33, 48]], [[24134, 3151], [-6, 12], [-40, -24], [-29, -13], [-11, -13], [-37, 55], [-10, 9]], [[24890, 3166], [-67, 1], [-178, 6]], [[24645, 3173], [-7, 31], [8, 3], [-13, 61], [-5, 10], [17, 15], [-59, 101]], [[24645, 3173], [-31, 0], [-24, -3], [-35, -13], [-50, -25], [-86, -40]], [[24419, 3092], [-13, 51]], [[24919, 2973], [-77, -7], [-83, -16]], [[24759, 2950], [-75, -15], [-40, -15], [-46, -32], [-19, -19], [-21, -27], [-15, -25]], [[24543, 2817], [-66, 16]], [[24477, 2833], [-35, 159], [-11, 53], [-12, 47]], [[24477, 2833], [-111, 12], [-83, 18], [-28, 11], [-52, 24], [-26, -4]], [[24177, 2894], [-14, 77], [-14, 99]], [[24177, 2894], [-26, -11], [-17, -16], [-24, -14], [-26, -6], [-25, -11], [-48, -4], [-46, -1], [-58, 27], [-16, 25], [-54, 52], [-41, 53], [-14, 40], [-6, 71], [-12, 42], [-17, 32]], [[23747, 3173], [38, 8], [22, 15], [28, 29], [18, 27]], [[33430, 5724], [-86, -131], [-110, -170], [-59, -94], [-2, -2], [85, -70], [49, -43], [260, -227], [-221, -249], [-43, -55], [-137, -163], [64, -73], [-92, -116], [-150, 141], [-94, 87], [-233, -345]], [[32661, 4214], [-360, 326], [48, 77], [67, 68], [-50, 46], [-109, 100], [-32, 31], [-89, 81], [-33, 24], [-46, 40], [-47, -73], [-46, 41], [-54, -81]], [[31910, 4894], [-110, 98], [-72, 67], [-170, 144], [-26, 21], [-112, 98], [108, 161], [58, 91], [-47, 47], [-64, 61], [-111, 109], [-9, 9], [61, 80], [-214, 206]], [[31202, 6086], [-142, 128], [-54, -72], [-15, 9], [-28, 29], [-29, 11], [-18, 2], [-21, 21], [52, 80], [-30, 29], [62, 88], [-67, 61], [-26, -31], [-38, -49], [-21, 21], [-41, 53], [-91, 85], [18, 31], [36, 56], [-125, 123], [43, 62], [8, -8], [65, 90], [53, 77], [-49, 58], [57, 87], [-21, 20], [-65, 59], [59, 91]], [[32424, 5604], [-12, -6], [-21, 13], [-39, 13], [-38, -15], [-5, -24], [-12, -15], [-23, -2], [-11, 6], [-13, -6], [0, -10], [13, -30], [-17, -1], [-11, -16], [-19, -4], [-10, -8], [-9, 7], [-19, -1], [0, 15], [-18, 9], [-36, -13], [-6, 4], [-21, -32], [20, -18], [-60, -39], [-4, -14], [-12, -9], [-13, -20], [-45, 38], [-13, -34], [-10, -5], [-40, -64], [2, -11], [12, -27], [23, -23], [18, 1], [5, -13], [23, -5], [7, -12], [17, -16], [6, -13], [21, -3], [-7, -13], [15, -16], [10, 10], [14, -4], [9, -11], [21, 33], [2, -21], [-13, -20], [27, -38], [4, -16], [10, -16], [51, -33], [86, 133], [52, 83], [25, -22], [47, 77], [55, 89], [-50, 46], [52, 85], [25, 38], [-30, 38], [-16, 1], [-19, -20]], [[36212, 2360], [-23, 8], [-23, -11], [-38, 15], [-4, 24], [-14, 4], [-27, 23], [-6, 15], [-24, 23], [-12, 4], [-10, -25], [8, -34], [-2, -34], [26, -13], [13, -31], [-6, -4], [-18, -38], [-5, -17], [-31, -27], [-24, -4], [-11, 4], [-21, -19], [-10, -16], [-7, 0], [-26, 19], [-26, -1], [-28, -10], [-22, 16], [-25, -7], [-18, -22], [-25, -18], [-22, 2], [-27, -19], [-18, -4], [-24, -14], [-11, -23], [-20, -33], [5, -14], [-14, -14], [-12, -41], [13, -11], [10, 4], [-14, -38], [-34, -23], [-1, -37], [-16, -26], [6, -17], [-23, -35], [0, -17], [-14, -5], [-8, -17], [-1, -24], [-12, -26], [-24, -12], [-26, -9], [-42, 34], [-5, 10], [-19, 16], [-13, -6], [-18, -16], [-17, -2], [-15, -15], [-15, -28], [-9, 2], [-5, 19], [-18, 14], [0, 14], [-13, 8], [-5, 13], [-12, 6], [-10, 19], [-19, -1], [-11, -10], [-10, 4], [-9, -17], [-21, -3], [-21, 6], [-10, 15], [-31, -26], [-12, 11], [4, 21], [-16, 46], [-15, 13], [-25, 37], [-16, 0], [-30, 35], [-24, 22], [-8, 43], [2, 26], [-9, 32], [4, 21], [-35, 16], [-27, -12], [-8, 13], [1, 13], [-15, 16], [-15, -2], [-15, -11], [-16, 3], [-19, -19], [-28, -64], [-33, -7], [-21, -32], [-35, -4], [-6, -7], [-13, -40], [-17, -14], [-22, -7], [-15, 7], [-11, -18], [-22, -8], [-20, 14], [-12, -23], [0, -9], [14, -24], [11, -35], [0, -24], [-8, -22], [-15, -14], [-24, -14], [-30, -9], [-9, -9], [-22, -68], [-11, -6], [-15, 17], [-21, 37], [-10, 7], [-25, 4], [-16, -7], [-5, -15], [-14, -4], [0, -13], [-24, -15], [-12, -16], [-11, 11], [-21, -1], [-7, 14], [-19, 18], [-19, 5], [-12, -5], [-6, -20], [13, -5], [9, -16], [15, -10], [43, -43], [15, -8], [14, -15], [6, -22], [46, -17], [11, -13], [2, -19], [11, -20], [6, -38], [-11, -8], [-1, -12], [-22, -18], [6, -17], [-11, -33], [-14, -26], [-16, -11], [-6, -29], [5, -4], [-7, -31], [-9, -18], [2, -9], [-19, -32], [-10, -9], [5, -39], [-11, -34], [-1, -19], [-29, -34], [-9, -55], [28, -27], [9, -49], [-10, -27], [-1, -16], [-14, -18], [-11, -4], [-14, -15], [-11, -27], [-29, -6], [-6, -14], [8, -16], [-2, -15], [-13, -24], [-14, -6], [-13, -19], [-8, -26], [-7, -13], [-9, 2], [-21, -66], [-43, -4], [-6, -20], [-19, -9], [-5, -22], [-11, -21], [-20, -14], [-13, -1], [-2, -15], [9, -28], [-2, -14], [-11, -33], [8, -14], [-14, -28], [-15, 7], [-4, -27], [10, -5], [7, -19], [18, -3], [14, 7], [10, -19], [-1, -18], [-10, -12], [6, -18], [-20, -35], [-2, -18], [-11, -15], [12, -23], [-10, -4], [-3, -19], [3, -22], [-4, -16], [-19, -5], [-261, -6], [-185, 1], [-108, -2], [-115, -5], [-113, -2], [-231, 0], [-129, -3], [-65, -3]], [[32798, 134], [2, 193], [2, 122], [2, 219], [1, 117], [332, 6], [-2, 86], [1, 99], [180, 0], [-3, 171], [1, 17], [-106, -1], [-43, 0], [-97, 0], [-274, -1], [-136, 4], [-57, -1], [-336, 4], [-3, -110], [-1, -195], [-2, -91], [4, -99], [-3, -130], [-4, -86], [-1, -145], [2, -88], [0, -108]], [[32257, 117], [-85, 2], [-291, -11], [-235, -6], [-80, -2], [-180, 2], [-125, 0], [-159, -4], [-110, -4]], [[30992, 94], [-46, 98], [-3, 33], [3, 30], [7, 21], [-24, 50], [-54, 77], [-25, 53], [-21, 61], [-10, 49], [-10, 79], [1, 87], [9, 83], [6, 37], [0, 45], [5, 41], [9, 44], [14, 44], [11, 22], [28, 44], [-132, 28], [-59, 2], [0, 82], [1, 102], [6, 330], [75, -10], [2, 151], [5, 71], [4, 37], [5, 105], [5, 48], [56, -11], [3, 118], [0, 37], [65, -3]], [[30928, 2179], [90, -2], [1, -148], [2, -115], [-2, -127], [-1, -167], [123, -3], [-29, -85], [-93, -190], [-48, -86], [-9, -35], [-16, -40], [39, -4], [216, -2], [13, -46], [20, -36], [5, -44], [10, -55], [-17, -23], [2, -16], [-1, -26], [2, -39], [4, -22], [-3, -35], [-27, -42], [-19, -24], [-34, -35], [-10, -18], [5, -20], [21, -16], [-11, -28], [126, 1], [124, 5], [103, 2], [57, 4], [-5, 401], [0, 111], [-14, 0], [-5, 207], [0, 196], [-3, 259], [1, 117], [11, 26], [8, 2], [15, -9], [25, 19], [20, 6], [24, 1], [10, 5], [23, -7], [12, 1], [28, -6], [12, 4], [35, 44], [26, 95]], [[31794, 2134], [14, 61], [116, -3], [80, 1], [157, -2], [20, -1], [-2, 155], [-1, 26], [32, 1], [-6, 20], [4, 27], [12, 38], [28, 71]], [[32248, 2528], [12, 26], [60, 0], [3, 6], [38, 6], [2, -14], [39, 2], [76, 1]], [[32478, 2555], [3, -70], [49, 1], [25, -11], [2, -35], [9, -14], [22, -6], [34, -19], [7, 17], [18, -7], [13, -16], [0, -33], [13, -15], [5, -26], [12, -36], [3, -19], [16, -13], [17, 6], [-2, 84], [-2, 97], [-2, 98], [25, 1], [-2, 62], [-26, 9], [-1, 71], [11, 34], [2, 30], [5, 10], [19, 19], [14, 54]], [[32767, 2828], [12, 57], [-67, -1], [-6, 160]], [[32706, 3044], [-5, 152], [-152, 0]], [[32549, 3196], [-41, 0], [-101, 94], [57, 82], [-42, 42], [51, 74], [-106, 101], [-30, 29], [-9, 33], [-7, 14], [-22, 21]], [[32299, 3686], [43, 67], [168, 248], [11, 10], [140, 203]], [[31910, 4894], [-153, -234], [25, -23], [-52, -81], [94, -81], [-55, -91], [-19, -27], [-65, -105], [13, -13], [35, -13], [46, -23], [28, -24], [26, -16], [3, -13], [15, -24], [30, -23], [15, -26], [-7, -15], [-62, -101], [97, -87], [17, 25], [65, -62], [9, -34], [14, -25], [2, -13], [-16, -53], [6, -59]], [[32021, 3653], [-51, -81], [-96, -176], [-50, -83], [168, -149], [79, 1]], [[32071, 3165], [0, -38]], [[32071, 3127], [-40, 0], [-39, 15], [-28, -7], [-50, -8], [-157, -3], [-36, -3], [0, -16], [-33, -2], [7, -272], [-74, -9], [-1, -32], [-82, -33], [-2, -31]], [[31536, 2726], [-83, 9], [-4, -40], [-73, 5], [2, 116], [8, 49], [4, 30], [-23, 129]], [[31367, 3024], [-16, 107], [33, 107], [26, 80], [12, 18], [-9, 17], [-8, 1], [-12, 36], [0, 28], [6, 22], [-2, 18], [10, 14], [11, 28], [15, -4], [7, 16], [-4, 14], [2, 21], [-5, 10], [-3, 24], [-23, 8], [-27, 30], [-23, -37], [-138, 143], [-149, 135], [-86, 75], [-106, 89], [-109, 90], [-29, 23]], [[30740, 4137], [43, 63], [64, 101], [115, 179], [32, 51], [-138, 134], [-165, 157]], [[30691, 4822], [53, 78], [50, 52], [131, 194], [72, 97], [49, 63], [-5, 16], [-17, 32], [-27, 43], [-24, 49], [-18, 23], [-24, 11], [-35, -2], [-16, 5], [-13, 16], [-9, 20], [-15, 49], [24, 40], [-6, 7], [24, 39], [28, 39], [62, 66], [95, 136], [47, 65], [43, 62], [42, 64]], [[30691, 4822], [-112, 106], [-54, -73], [-47, 48], [-19, 16], [54, 72], [-55, 54], [56, 79], [-56, 50], [-22, 23], [8, 10], [-64, 62]], [[30380, 5269], [160, 222], [204, 281], [15, 24], [27, 17], [18, 2], [53, -2], [12, 8], [-4, 19], [-50, 11], [-28, 14], [-23, 15], [-19, 21], [-18, 8], [-20, -2], [-18, -6], [-15, -12], [-10, -24], [-6, -29], [0, -18], [6, -24], [-6, -34], [-6, -11], [-33, -35], [-20, -13], [-27, 3], [-22, 11], [-29, 29], [-7, 15], [1, 24], [5, 25], [3, 53], [-20, 37], [-12, 6]], [[30491, 5904], [28, 38]], [[30519, 5942], [56, 77], [-17, 18], [-92, 84], [-49, 46], [28, 41], [30, 39], [18, 33], [78, 115], [5, 1], [55, 78], [-155, 146], [-106, 99], [-25, 26], [-64, 59], [-109, 101], [-36, -46], [-51, 46], [-79, 73], [-11, 8], [-70, -52], [-37, -40], [-157, 190], [37, 41], [6, 16], [-28, 33]], [[29746, 7174], [-15, 18], [46, 51], [-65, 79], [-20, 23], [-45, 60], [90, 99], [-9, 10], [56, 61], [56, 77], [-31, 17], [-47, 45], [43, 56], [41, 57], [-8, 7], [49, 48], [25, -24], [62, -57], [39, 39], [29, -25], [17, -5], [17, -36], [15, -3], [43, 41], [15, 22], [35, 41], [-3, 5], [27, 29], [47, 56], [-115, 139], [-73, 90], [-103, 123]], [[29273, 7028], [26, -22], [33, 2], [16, -24], [89, -82], [36, -26], [29, -14], [35, -29], [30, 0]], [[29567, 6833], [-77, -111], [-55, -85], [-57, -71], [-67, -106], [-41, -67], [195, -176], [65, -60]], [[29530, 6157], [105, -105]], [[29635, 6052], [41, -39], [53, -53], [40, -35], [54, -56], [53, -49]], [[29876, 5820], [-22, -31], [85, -78], [22, -25], [41, -36], [76, -77], [118, -110], [25, -30], [65, -67]], [[30286, 5366], [-54, -81], [-56, -76], [-52, -74], [-54, -73], [-117, -154], [-26, 27], [-209, 208], [-126, 123], [63, 86], [-61, 66], [7, 19], [-108, 104], [-181, -252], [-141, 136], [-99, -113], [-80, 92], [-24, 31], [-109, 133], [-144, 171], [-185, 218], [-68, 83], [13, 70], [-20, 24]], [[28455, 6134], [17, 38], [42, 48], [17, -8], [17, -22], [33, 39], [10, 15], [7, -9], [75, 86], [21, 4], [11, 8], [80, 119], [40, 59], [75, 113], [72, 101], [67, 105], [120, 174], [26, 41], [15, 20], [43, -18], [22, -26], [8, 7]], [[31367, 3024], [-155, -2], [0, 132], [-65, 9], [-65, 2], [-90, 7], [-3, -106], [-7, -128], [-9, -79], [-28, -197], [3, -33], [1, -73], [-5, -46], [-8, -117], [-6, -147], [-2, -67]], [[30992, 94], [-152, -4], [-81, 1], [-72, -3], [-86, 8], [-145, 8], [-87, 1], [-250, 15], [-124, 2], [-209, -7], [-101, 2], [-111, 22], [-90, 13], [-125, 11], [-236, 6]], [[29123, 169], [-5, 103], [-3, 1], [-4, 50], [6, 7], [-5, 152], [0, 104], [-18, -1], [-12, 5], [-27, -1], [-81, 1], [-191, 3], [-118, -3], [-71, 1], [-138, -2], [-98, -3], [0, 129], [-1, 121], [2, 195], [-1, 74], [2, 148], [3, 371]], [[28363, 1624], [90, 3], [74, -1], [-2, -169], [25, -1], [1, -19], [20, -2], [-1, -46], [34, -1], [-1, -57], [76, 1], [157, -2], [74, -2], [2, 35], [79, 2], [3, 77], [25, -10], [37, -11], [84, 1], [3, 45], [1, 148], [4, 0], [8, 196]], [[29156, 1811], [1, 8], [79, -6], [59, -13], [2, 73], [69, -3], [-5, 12], [7, 29], [34, 27], [3, 30], [6, 32], [3, 47], [45, -5], [1, -16], [62, -4], [3, 94], [3, 13], [-2, 28], [1, 29], [24, 1]], [[29551, 2187], [111, -1], [106, 2], [184, 0], [63, -1], [51, 1], [1, 91], [-7, 74], [-2, 160], [5, 61], [2, 82], [5, 55], [-121, 14], [5, -28], [-32, 1], [8, -90], [-119, 9], [0, 45], [-39, 6], [-4, 78], [-84, 9], [-83, 7], [-62, 9], [-48, 9], [20, 75], [-152, 11], [0, 90], [-123, 14]], [[29236, 2970], [2, 87], [5, 96], [-155, 11]], [[29088, 3164], [5, 59], [-68, 3], [-241, 2], [-188, -9], [-5, -59], [-15, -139], [-45, -211], [-41, -201], [135, 0], [-15, -92], [109, -2], [6, 1], [140, -5], [-7, -91]], [[28858, 2420], [-24, 3], [-8, -88], [-40, 0], [1, -104], [-43, 0], [-2, -96], [-58, -1]], [[28684, 2134], [-214, -5], [-6, -49], [-6, -14], [4, -23], [-12, -15], [-9, 10], [-35, 1], [-20, -10], [-21, 0], [-23, -105], [-3, -33]], [[28339, 1891], [-48, 58], [-76, 95], [-4, 19], [10, 11], [-49, 62], [-29, -3], [-88, 106], [-109, 128]], [[27946, 2367], [19, 129], [9, -10], [18, 174], [27, -12], [43, -49], [18, 99], [14, 71], [61, -18], [30, 179], [-6, 3], [-5, -33], [-18, -3], [5, 29], [-42, 11], [12, 64], [-1, 6], [10, 61], [-97, 23], [-38, 11], [-8, 17], [5, 35], [0, 32], [-8, 25], [1, 11]], [[27995, 3222], [94, -18], [1, 4], [74, -18], [17, 96], [63, -15], [9, 55], [28, 49], [52, -65], [15, -6], [12, 11], [7, 22], [31, 20], [30, 9], [19, -4], [68, -24], [9, 11], [84, -18], [9, 71], [3, 47], [8, 69], [12, 43], [4, 40], [36, 181], [46, 3], [70, -1], [-6, -19], [-1, -72], [136, -4], [62, 0], [140, -5], [0, 52], [63, -3], [-2, 55], [57, 0], [227, -8], [4, -81], [90, -4], [2, -15], [-7, -84], [-4, -87], [167, -12], [133, -8], [138, -8], [129, -1], [-7, -102], [-18, -198], [61, -3], [80, -6], [68, -3], [-2, 144], [-3, 75], [0, 94], [1, 65], [10, 169], [28, 1], [70, 9], [0, 122], [2, 132], [71, 6], [5, 149], [37, 0], [2, 37], [25, -2], [2, 31], [121, -9], [63, -54]], [[29867, 2533], [8, -6], [4, -29], [15, -68], [-17, -76], [-29, 5], [7, -107], [34, -2], [0, -19], [-8, -8], [-45, 18], [-20, 5], [-114, 11], [0, 64], [-2, 32], [4, 35], [33, 6], [5, 47], [-2, 16], [-17, 81], [44, -2], [19, -18], [0, 15], [69, -6], [12, 6]], [[29746, 7174], [-46, -51], [-62, 74], [-44, -52], [-43, -56], [-29, 32], [-23, -29], [-72, 85], [-47, -49], [-3, 5], [-47, -54], [-6, 7], [-38, -38], [-13, -20]], [[28455, 6134], [-45, 52], [-11, 17], [-47, 50], [-79, 88], [-41, -170], [-72, 20], [-15, 1], [0, -27], [-9, -22], [-13, -53], [-30, -39], [-7, -29], [-2, -25], [-9, -23], [-7, -42], [21, -19], [41, -50], [52, -58], [-58, -71], [10, -38], [-41, -114], [-50, 65], [-18, 29], [-38, 44], [-55, 70], [-120, 159], [-230, 300], [-37, -175], [-25, -125], [-17, -43], [-27, 35], [-4, -28], [-39, 46], [-17, -81], [4, -42], [-32, -22], [-1, -16], [-22, -30], [-18, -49], [-55, 61], [-15, 20]], [[27277, 5800], [7, 26], [-2, 11], [-17, 31], [-9, 27], [-4, 32], [0, 51], [-14, 105], [-10, 30], [-4, 63], [3, 60], [6, 47], [-1, 29], [-12, 39], [10, 49], [1, 14], [-19, 39], [-3, 15], [6, 16], [22, 46], [1, 53], [10, 64], [5, 21]], [[27253, 6668], [1, 21], [16, 69], [1, 48], [-7, 26], [-10, 54], [-1, 30], [5, 32]], [[27258, 6948], [36, -19], [84, -48], [6, 14], [43, -52], [26, 68], [31, 33], [8, 34], [-4, 42], [8, 9], [10, 24], [14, 15], [34, -22], [4, 2], [50, -37], [-4, -8], [14, -15], [4, -10], [63, -79], [8, 38], [-14, 6], [9, 20], [13, 0], [3, 26], [-8, 16], [8, 45], [2, 34], [11, 32], [12, 13], [3, 11], [27, -8], [11, 55], [18, -22], [6, 30], [17, 18], [-44, 53], [34, 49], [49, 5], [15, 14], [12, 2], [42, 27], [10, 15], [13, 28], [11, 7], [6, 19], [37, 53], [9, 21], [44, 55], [3, 12], [-17, 4], [-21, 25], [-105, 120], [-40, 32]], [[27869, 7754], [69, -9], [15, 1], [43, 28], [13, 18], [8, 29], [8, 43], [6, 46], [2, 48], [-6, 59], [44, 31], [53, 31], [159, 91]], [[28283, 8170], [116, 65], [248, 133], [54, 27], [15, 11]], [[28954, 8602], [267, -318], [37, -41], [88, -106], [77, -92], [78, -90], [5, 25], [13, 15], [19, 0], [5, 7], [-5, 25], [3, 14], [11, 13], [3, 16], [21, 6], [4, 12], [-8, 19], [-1, 17], [-13, 9], [8, 12], [11, -3], [6, 11], [-3, 21], [81, 51], [-1, 5], [42, 50], [22, 22], [25, 29], [112, 110]], [[30286, 5366], [94, -97]], [[27995, 3222], [14, 14], [4, 37], [-6, 34], [19, 29], [2, 11], [-79, 15], [-31, 2], [-77, 13], [-18, -36], [-77, 85], [-33, 37], [-22, -104], [-134, -6], [42, 122], [-35, 45], [-34, 40], [24, 75], [44, 149], [-93, 125], [0, 4], [-64, 77], [-3, -55], [-3, -33], [-13, 2], [-60, 70], [-3, -26], [-58, 71], [-16, 15]], [[27285, 4034], [14, 107], [15, -15], [6, 11], [-33, 38], [-73, 91], [-95, 115], [-27, 35]], [[27092, 4416], [-13, 32], [-31, 39], [-23, 13], [-12, 15], [-3, 14], [6, 24], [18, 42], [20, 51], [9, 47], [3, 63], [6, 18], [6, 33], [-5, 79], [2, 34], [-5, 43], [-6, 84], [5, 40], [0, 40], [-1, 56], [3, 32], [19, 67], [10, 47], [3, 30], [6, 19], [44, 53], [28, 45], [11, 38], [7, 37], [31, 59], [9, 34], [8, 54], [9, 30], [3, 24], [18, 48]], [[27660, 4253], [-3, -41], [208, 9], [0, -13], [25, -12], [-26, -48], [-4, -35], [-1, -42], [-9, -25], [-1, -44], [-14, 0], [7, -45], [54, -7], [40, -9], [2, 22], [-13, 23], [-1, 23]], [[27924, 4009], [5, -5], [51, -68], [45, 79], [12, -17], [12, -3], [69, -83], [69, 73], [70, 72], [74, 70], [31, 37], [35, 40], [36, -33], [42, 115]], [[28475, 4286], [104, 303], [-70, 82], [-66, 80], [-67, 76], [-72, 84], [-78, 90], [-21, -54], [2, -27], [-37, -48], [-9, -26], [5, -17], [27, -18], [-8, -15], [-33, 39], [-42, 55], [-6, -8], [-64, -69], [-169, 211], [-30, -68], [2, -36], [-2, -23], [-15, -39], [-2, -21], [-10, -23], [-9, -9], [-41, -114], [-5, -18], [-7, -103], [-26, -72], [-6, -24], [-2, -41], [-47, -2], [-11, -178]], [[27877, 2396], [-61, 0], [-3, -51], [-97, -32], [-51, 3], [-10, -5], [4, -97], [124, -144], [14, -7], [-2, -48], [-7, -69], [-4, -134], [57, 0], [79, 3], [9, -28], [11, -66], [78, 2], [57, -3], [-10, -104], [239, 7], [36, 0]], [[28340, 1623], [23, 1]], [[29123, 169], [-171, 2], [-69, -1], [-290, 4], [-113, 3], [-131, -5], [-88, -2], [-270, -10], [-231, 7], [-176, 5], [-102, -5], [-581, -18], [-213, -6], [-52, -2], [-329, -10], [-13, 0], [-158, -3], [-72, -4], [-75, -2], [-348, -18]], [[25641, 104], [11, 50], [36, 178], [19, 99], [17, 80], [10, 52], [33, 167], [11, 48], [11, -19], [17, 55], [40, 1], [25, 100], [28, 98], [32, 126], [30, 114], [28, 105], [13, 1], [5, 40], [-15, 1], [-5, 25], [-7, 18], [-44, 44], [-28, -23], [-8, 11], [-18, -16], [12, 130], [17, 176], [21, 133], [-2, 22], [-33, 83], [63, 57], [-13, 36], [83, 66], [6, 30], [-6, 18], [78, 59], [15, -10], [38, 54], [14, 23]], [[26175, 2336], [62, -45], [97, -73], [-9, -38], [-16, -25], [2, -11], [-18, -7], [2, -30], [-14, -4], [5, -34], [11, -60], [-45, -96], [-48, -14], [-41, -75], [110, 31], [-4, -15], [75, -86], [3, -6], [44, 56], [-23, 25], [17, 22], [8, -10], [47, 78], [0, 28], [14, -7], [0, -24], [87, -98]], [[26541, 1818], [24, -30], [73, -82], [-2, 147], [92, 3], [3, -110], [1, -70], [69, 2], [41, -3], [-3, 44], [10, 133]], [[26849, 1852], [148, 0], [1, 9], [67, -50], [49, 90], [50, 98], [-6, 5], [1, 111], [-2, 22], [-147, 177], [8, 15], [7, 44], [1, 70], [-11, 50], [-22, 132]], [[26993, 2625], [42, 48]], [[27035, 2673], [82, 95], [60, -67], [22, -28]], [[27199, 2673], [45, -51], [64, -73], [65, 79], [47, -54], [8, 0], [1, 27], [65, -80], [14, 18], [97, 137], [12, 8], [43, 49], [9, -3], [52, -61], [10, -3], [14, -28], [64, 20], [18, -33], [-7, -159], [57, -70]], [[28284, 8875], [-44, 53], [-74, 87], [-14, -16], [-11, 3], [-2, 21], [-29, -5], [-62, -24], [1, -26], [-35, -55], [-84, 78], [-12, 24], [-27, -6], [-15, 2], [7, -88], [-6, -18], [11, -16], [19, -10], [-52, -24], [-133, -54], [16, -51], [148, -68], [86, -106], [-20, -26], [7, -10], [77, -89], [3, -25], [244, -256]], [[27869, 7754], [-13, 6], [-58, -8], [-44, -13], [-49, -5], [-30, -15], [-41, -56], [-121, -215], [-45, -74], [-14, 33], [-80, -39], [-29, -9]], [[27345, 7359], [-68, -23], [-27, -11], [-17, -17], [-28, -33], [-22, -44], [-26, -72], [-44, -223], [-22, -66]], [[27091, 6870], [-28, -83], [-70, -128], [-14, -30], [-10, -41], [-8, -50], [-64, -173], [-26, -85], [-5, -48]], [[26866, 6232], [-77, 83], [-82, 97], [-66, 80], [-133, 153], [-96, 115], [-39, -46], [24, -28], [14, -24], [-10, -17], [-17, 15], [-13, -20], [7, -9], [-10, -20], [8, -10], [-29, -42], [27, -29], [-38, -68], [-42, -51], [-21, -22], [7, -14], [-37, -53]], [[26243, 6322], [-121, 145], [-16, 0], [-13, -15], [-6, 3], [-85, 105], [-24, 29], [-6, -61], [-8, -64], [-4, -68], [-8, -78], [-26, -7], [-14, -26], [-25, -10], [-13, -14]], [[25874, 6261], [4, -24], [-6, -9], [-13, -1], [-19, 14], [5, 35], [-6, 14], [-31, -8], [-10, 10], [-5, -20], [-52, -58], [-76, -90], [32, -38], [-25, 4], [9, -19], [-10, -12], [-18, 12], [-13, -18], [28, -31], [-15, -7], [-14, -130], [-15, 10], [-15, -1], [-12, -20], [-33, -28], [-10, -79], [-13, 10], [-59, 9], [-7, -44]], [[25475, 5742], [-7, -37], [-43, 8], [-2, -34], [-13, 7], [-60, -69], [-38, -48], [-110, 123], [-25, -58], [-2, -50], [-8, -12], [-31, -29], [2, -4], [-41, -36], [-1, 6], [-28, 18], [-33, 18], [-7, 13]], [[25028, 5558], [-11, -2], [-45, 20], [10, 50]], [[24982, 5626], [4, -1], [60, 58], [-2, 5], [28, 27], [2, 56], [7, 8], [2, 23], [-16, 13], [4, 21], [-44, 76], [-74, 87], [5, 34], [51, 0], [23, 21], [20, 4], [9, -12], [11, 15], [15, -7], [0, 19], [-7, 10], [9, 16], [-57, 67], [-15, -9], [-24, -25], [-39, -14], [-46, -13], [-28, 24], [-14, -18], [-118, 145], [1, 13], [-86, 100], [-31, -11], [-9, -11], [-27, -10], [-152, -46], [-149, -59], [-63, -24], [-11, 5]], [[24221, 6213], [-113, 122], [-26, 32], [-78, 86], [-56, 65], [-4, 3], [62, 78], [-38, 34], [-36, 28], [25, 30], [-122, 134], [6, 8], [-108, 129]], [[23733, 6962], [92, 118], [-101, 124]], [[23724, 7204], [49, 64], [107, 131], [24, 28], [-57, 67], [-55, 70], [100, 100], [-52, 64], [110, 130], [-110, 130], [87, 105], [-102, 125], [198, 230], [34, 36], [27, 34], [137, 160], [-111, 125], [-107, 122], [-174, 196], [-74, 79], [-43, 45], [-135, 149], [-66, 71], [-82, 83], [-95, 99], [-215, 255], [-161, 178], [-181, 186], [-10, 10], [-146, 160], [-117, 130], [-156, 175], [-25, 26], [-385, 461], [-288, 343], [-205, 239], [-311, 361], [-270, 283], [-391, 411]], [[20473, 12865], [376, 429], [104, 115], [419, 470], [-35, 41], [-335, 391], [-305, 353], [-218, 251], [-307, 355], [-274, 298], [-199, 245], [-227, 259], [-412, 470], [-294, 334], [-249, 283], [-267, 301], [-3, 4]], [[18247, 17464], [11, 29], [26, 42], [10, 21], [21, 58], [17, 31], [26, 29], [2, 10], [-12, 23], [4, 26], [-14, 2], [-17, -15], [-7, 2], [-27, 32], [-20, 35], [-19, -1], [-18, 8], [-16, 38], [-4, 15], [-10, 0], [-20, -16], [-14, -18], [-10, 4], [-12, 20], [-17, 49], [-5, 83], [1, 33], [8, 30], [13, 16], [11, 34], [15, 25], [-8, 39], [-11, 14], [-25, 14], [-7, 25], [-12, 31], [-40, -33], [-4, -29], [-12, -29], [-16, -11], [-8, -20], [0, -12], [-26, -43], [-3, -23], [5, -13], [18, -15], [-1, -35], [-6, -5], [-25, -2], [-21, -11], [-24, 7], [-8, -3], [-19, 21], [-3, 29], [-11, 27], [-15, 16], [-5, 25], [0, 34], [-12, 17], [-8, 29], [7, 23], [25, 51], [7, 22], [-10, 35], [-22, 20], [-18, 22], [-26, 55], [-14, 14], [-21, 40], [-1, 50], [-22, 22], [-10, 4], [-8, 35], [-33, 2], [-17, 5], [-11, -11], [-10, 5], [-7, 21], [5, 23], [-11, 18], [-29, 27], [-2, 15], [-16, 23], [-12, -3], [-16, 8], [-23, 29], [-22, 17], [-11, 51], [-15, 12], [-3, 13], [-11, 7], [-29, -4], [-7, 5], [-2, 26], [-10, 23], [4, 24], [-12, 20], [5, 15], [13, 23], [-17, 21], [-18, 13], [0, 10], [16, 34], [-5, 33], [-18, 33], [-18, 17], [-13, 25], [4, 20], [18, 36], [26, -4], [35, 1]], [[26226, 7449], [-18, 5], [-14, -7], [-12, 11], [-16, 3], [-13, -10], [-11, 3], [-23, -17], [-16, -1], [-27, -9], [-30, 9], [-29, 14], [-34, 20], [-7, 10], [-104, 1], [-38, 2], [-12, 33], [-16, 13], [-1, 16], [-9, 19], [-14, 0], [-1, -27], [21, -24], [-55, -65], [53, -65], [8, -5], [51, -66], [-88, -104], [-64, -73], [24, -28], [35, -36], [-16, -18], [63, -67], [17, -21], [8, 9], [35, -44], [114, 140], [-15, -88], [12, -14], [42, 51], [4, -10], [24, -23], [34, -27], [16, -25], [-4, -6], [14, -17], [17, 11], [19, -7], [-3, -20], [-21, -13], [2, -18], [17, 2], [4, 12], [18, -8], [6, -20], [9, 3], [-5, 31], [17, 15], [18, -5], [12, -20], [4, -15], [8, -5], [6, 16], [-8, 15], [13, 5], [9, -7], [-5, -24], [17, -22], [15, -6], [10, -12], [34, 34], [-99, 121], [-43, 54], [20, 72], [-9, 108], [44, -9], [17, -6], [-4, 40], [10, 3], [-13, 156], [-5, 50], [-19, 7]], [[27946, 2367], [-49, 58], [2, -23], [-3, -16], [-13, 0], [-6, 10]], [[27199, 2673], [18, 10], [-28, 90], [171, 76], [-20, 82], [57, 22], [58, 30], [9, 117], [-115, 137], [-168, 195], [-17, 21]], [[27164, 3453], [-80, 93], [-36, 47]], [[27048, 3593], [7, 22], [20, 31], [33, 32], [26, 20], [14, 20], [48, -58], [29, 37], [13, 5], [0, 10], [17, 16], [9, 21], [-15, 17], [28, 39], [22, 1], [22, 40], [6, 32], [-2, 39], [-4, 9], [-39, 48], [-1, 28], [4, 32]], [[27092, 4416], [3, -16], [1, -43]], [[27096, 4357], [-68, 84], [-9, -51], [-36, 43], [1, -11], [-12, -28], [-44, 57], [-4, -12], [-15, 19], [-9, 2], [-24, -29], [-30, 43], [-94, 114], [-32, -34], [58, -74], [-11, -7], [-33, -33], [-9, -46], [-5, 8], [-30, -61]], [[26690, 4341], [-35, 30], [-32, 48], [-22, -56], [-57, 71], [-3, -6], [-29, 39], [-76, 95]], [[26436, 4562], [56, 150], [-26, 33], [63, 103], [-54, 70], [-100, 133], [-45, 57], [-69, 97], [-23, 27], [-5, 12], [-23, -19], [-32, -16], [-30, -5], [-17, -23], [-10, 35]], [[26121, 5216], [0, 16], [7, 33], [20, 42]], [[26148, 5307], [28, 56], [25, 39], [32, 58]], [[26233, 5460], [22, 37], [30, 37], [23, -29], [26, -11], [24, 10], [27, 25], [29, 5], [43, 50], [94, 69], [41, 46], [10, 43], [63, 83], [39, 59], [18, 28], [16, 39], [9, 39]], [[26747, 5990], [12, 20], [11, 37], [18, 40], [67, 104], [11, 41]], [[27091, 6870], [27, -36], [59, -72], [7, -10], [69, -84]], [[26250, 2519], [-19, -39], [-28, -9], [-14, -17], [0, -27], [-4, -30], [-15, -39], [5, -22]], [[25641, 104], [-111, -6], [-61, -1], [-156, -8], [-85, -7], [-53, -2], [-90, -1], [-88, 2]], [[24997, 81], [2, 51], [-1, 107], [1, 142], [33, 1], [0, 179], [15, 0], [-1, 88], [-3, 66], [54, 31], [-26, 31], [-121, 149], [32, 40], [-39, 47], [-51, 55], [-66, 81], [-11, -10], [-67, 86], [71, 66], [48, -61], [67, 74], [58, 60], [113, 126], [-122, 155], [-22, 27], [-127, 159]], [[24834, 1831], [112, 324], [80, 235]], [[25026, 2390], [17, 50], [29, -13], [3, 9], [-11, 15]], [[25064, 2451], [17, -5], [18, 42], [31, -12], [2, 9], [23, -11], [51, -20], [-1, -3], [55, -21], [-42, -54], [27, -13], [59, -23], [-17, -13], [-15, -19], [-14, -45], [-11, -25], [164, -78], [5, -6], [97, -44], [3, 14], [-18, 18], [-2, 33], [7, 14], [-6, 10], [8, 44], [-10, 6], [3, 91], [16, 33], [-2, 39], [78, -32], [2, 20], [6, 8], [-1, 28], [7, 20], [53, -23], [8, -1], [58, -45], [8, 7]], [[25731, 2394], [89, 76], [4, 21], [-9, 19], [-8, -3], [-13, 40], [15, -4], [39, 33], [-16, 4], [-23, -7], [15, 75], [-8, 8], [46, 43], [25, 19], [-26, 23], [1, 27], [10, -8], [19, 24], [24, -17], [5, -8], [99, -78], [56, -38], [175, -124]], [[4410, 44918], [-6, -22], [1, -15], [17, -12], [33, 3], [15, -6], [24, 1], [10, -9], [23, -47], [35, -7], [16, 2], [24, -10], [69, -15], [41, -16], [78, -46], [30, -22], [42, -15], [22, -23], [46, -26], [32, -33], [30, -11], [41, -24], [34, -14], [9, -19], [-2, -14], [20, -27], [12, -49], [14, -18], [26, -22], [15, -3], [-5, -13], [5, -29], [27, -39], [14, -128], [-51, 43], [-86, 40], [-9, 7], [-49, 73], [-77, 57], [-39, 19], [-44, 13], [-35, 1], [-22, 14], [-75, 37], [-82, 36], [-14, 2], [-42, -4], [-86, 30], [-15, 15], [-23, 37], [-37, 13], [-108, 91], [-28, 26], [-30, 36], [-10, 44], [-22, 37], [-82, -140], [-73, -50], [-183, -286], [-42, -86], [-14, -60], [11, -71], [37, -195], [-5, -23], [-11, 20], [10, 6], [-22, 34], [-20, 10], [-54, 7], [-24, 7], [-27, 24], [-49, 5], [-18, -3], [-1, 18], [-29, 53], [-22, 24], [-8, 22], [17, 96], [12, 20], [27, 28], [15, 7], [23, 25], [12, 8], [17, 20], [16, 7], [18, 1], [20, 21], [16, 7], [47, 82], [13, 11], [23, 42], [38, 48], [-2, 6], [34, 48], [18, 16], [10, 16], [45, 47], [19, 24], [25, 40], [11, 25], [26, 33], [37, 31], [30, 33], [45, 36], [32, -10], [16, -9], [68, -8], [24, 2], [10, 10], [15, -11], [32, 1], [9, -8]], [[6973, 50162], [19, -12], [17, -19], [-5, -16], [6, -9], [49, -10], [15, 2], [18, -8], [27, -30], [58, -20], [69, -14], [39, 0], [0, -184], [-471, 2], [-439, 0], [-347, 0], [-807, -4], [-160, 1], [1, 10], [-15, 6], [3, 12], [-19, 30], [2, 18], [-27, 25], [-36, -18], [-14, 5], [-18, -12], [-18, 0], [5, 14], [15, 2], [22, 20], [2, 19], [22, 27], [7, 18], [4, 38], [-5, 16], [-14, 8], [25, 21], [22, -3], [25, 16], [33, 6], [40, 24], [30, 6], [49, 30], [37, 4], [34, 0], [24, -12], [52, -15], [12, -1], [21, -13], [50, -9], [34, -14], [72, -40], [26, -11], [42, -11], [60, 3], [63, -7], [32, 1], [48, -9], [123, -11], [34, -1], [58, 22], [41, 1], [29, 6], [37, 4], [80, -1], [45, -12], [18, 0], [55, -14], [53, 6], [51, -6], [18, 7], [17, 18], [36, 13], [22, 14], [28, -4], [51, 7], [13, 8], [25, -11], [3, -12], [25, 12], [12, 14], [21, 14], [27, 4], [20, -6], [11, 4], [9, -18], [13, 5], [23, 20], [39, 15], [18, 1], [47, 23], [14, -4], [37, 6], [11, -7]], [[3502, 54772], [-15, 10], [0, 9], [57, 50], [36, 35], [53, 46], [20, 20], [14, 32], [28, 36], [13, 12], [36, 24], [107, 128], [-14, 27], [-5, 23], [-18, 26], [-114, -20], [-73, 34], [-46, 29], [-42, -11], [-38, -20], [-46, 3], [-72, 45], [-70, 29], [-74, 75], [-58, 71], [11, 39], [-5, 42], [29, 35], [-5, 14], [-20, 15], [4, 19], [16, 14], [14, 31], [-37, 146], [10, 50], [36, 39], [47, 32], [23, 43], [5, 19], [-17, 23], [37, 60], [9, 24]], [[3338, 56130], [300, 1], [489, 1], [569, -1], [498, -1], [-31, -784], [-707, 12], [4, -256], [-383, -6], [2, -11], [-27, -10], [-13, 5], [-28, -7], [-23, -16], [-22, 19], [-9, 28], [-27, 4], [-14, -6], [-33, 1], [-17, -24], [5, -5], [-11, -19], [-16, 0], [-17, -20], [-25, -19], [-13, 8], [-22, -5], [-18, 4], [-21, -9], [-27, -3], [-3, -45], [4, -27], [20, -20], [-22, -22], [-21, 8], [-31, -30], [-20, -6], [-7, -24], [-30, -17], [-36, -17], [-15, 4], [-38, -43]], [[3037, 59353], [-74, 39], [-75, 29], [-23, 17], [-10, 25], [-3, 55], [48, 120], [14, 25], [46, 30], [4, 7], [-3, 34], [-85, 82], [5, 177], [34, 59], [40, 43], [-82, 9], [-35, 53], [-57, -5], [-58, -17], [-103, -1], [-104, 59], [7, 85], [-3, 14], [28, 22], [8, 13], [26, 17], [45, -16], [43, 12], [128, -11], [5, 59], [15, 78], [19, 6], [1, 20], [-5, 92], [-23, 39], [-3, 20], [4, 21], [10, 15], [37, 4], [47, -2], [33, 6], [7, 13], [21, -1], [22, 12], [10, 29], [-3, 12], [7, 14], [-2, 29], [19, 17], [2, 13], [-29, 15], [-32, 3], [-16, -5], [-28, 13], [-24, 2], [-28, -21], [-34, 0], [16, 20], [-8, 7], [-1, 22], [11, 26], [18, -6], [20, -1], [12, 30], [-4, 13], [9, 39], [44, -2], [17, -9], [14, 4], [10, 13], [-9, 21], [-35, 18], [-9, 19], [-16, 19], [-15, 10], [2, 32], [29, 6]], [[2935, 61113], [39, 4], [37, 2], [89, 38], [31, 2], [29, 8], [39, 1], [24, -17], [24, -48], [4, -16], [13, -15], [15, 1], [52, -18], [24, -1], [6, -9], [45, -14], [38, 12], [68, -48], [27, -23], [26, -13], [29, -33], [-4, -37], [9, -25], [35, -38], [25, -12], [12, -16], [0, -17], [7, -18], [17, -18], [16, -26], [31, -29], [28, -18], [71, -9], [58, -15], [18, -10], [25, -2], [22, -7], [76, -2], [50, -12], [11, 2], [65, -9], [24, -1], [73, -18], [13, -10], [10, 8], [16, -1], [31, 5], [26, -5], [23, -17], [5, -10], [85, -11], [64, -28], [28, -6], [22, -9], [29, 0], [37, -19], [28, 0], [84, 7], [38, -3], [49, -13], [19, -1], [27, 7], [14, -2], [25, -25], [20, -14], [35, -16], [20, 8], [21, -9], [63, 4], [27, -7], [30, -18], [0, -22], [14, 7], [0, -383], [3, -441], [-4, -25], [-24, -9], [7, -12], [21, -12], [3, -433], [-17, 2], [-14, -5], [-26, 13], [-6, -16], [-41, -12], [-19, -15], [-44, -4], [-29, 20], [-11, 16], [-18, 6], [-15, -12], [-15, -2], [1, 15], [-16, 20], [-57, 17], [-15, -11], [-11, 3], [-26, -9], [-59, -27], [-17, 1], [-44, -8], [-9, -5], [-17, 6], [-35, -5], [-25, 6], [-18, -7], [-14, -27], [-22, -4], [-26, 19], [-20, -13], [-10, 14], [10, 19], [12, 6], [-3, 25], [-26, 16], [-22, -5], [-11, 19], [-10, 0], [-14, 16], [-13, 0], [-36, 11], [-12, -6], [-39, 2], [-12, -7], [-5, -15], [-17, 11], [-19, 4], [-25, 16], [-16, 2], [-36, -16], [-23, -5], [-43, 4], [-21, -10], [-25, 2], [-16, -10], [-42, -3], [-28, -5], [-25, 5], [-42, 27], [-5, 14], [8, 23], [-34, 14], [-46, -9], [-24, 6], [-29, 15], [-16, 22], [-26, 15], [-28, 0], [-33, -16], [-34, -9], [-56, 21], [-334, 60], [-90, -17], [-54, 58], [-80, 3]], [[10593, 70322], [18, -6], [3, -52], [6, -121], [23, -218], [-285, 5], [-140, -2], [-21, 7], [-19, 14], [-25, 27], [-5, 20], [-21, 7], [-22, 13], [-9, 11], [-29, 21], [-27, 29], [-16, 11], [-58, 33], [-28, 22], [-30, 30], [-42, 38], [-8, 21], [39, -3], [49, 12], [29, 5], [54, -2], [9, -2], [31, 13], [10, -4], [62, 14], [33, 13], [20, 2], [39, -1], [19, 2], [53, -1], [28, 7], [32, 14], [32, 2], [30, -2], [8, 7], [36, 13], [25, 4], [45, 3], [52, -6]], [[7901, 70974], [8, 31], [25, 5]], [[7934, 71010], [10, -4], [20, -24], [19, 18], [3, 12], [14, 4], [22, 14], [21, -18], [10, 4], [10, -14], [25, 20], [32, 3], [35, 20], [29, 13], [20, -3], [40, 11], [58, -1], [22, 30], [26, 3], [40, -16], [29, 3], [16, -4], [32, 14], [22, 22], [27, 18], [26, 5], [62, -2], [25, 12], [56, -6], [-1, -28], [7, -350], [-295, 0], [-500, -15], [-12, -1], [16, 204], [1, 20]], [[8154, 71085], [52, 53], [37, 54], [24, 50], [5, 20], [0, 23], [11, 11], [15, -13], [16, 4], [21, 47], [8, 9], [-7, 21], [-13, 3], [10, 20], [26, 5], [8, 19], [19, 6], [17, 28], [31, 28], [13, 27], [21, 10], [37, 39], [16, 7], [16, 20], [18, 3], [10, 40], [16, 8], [15, -1], [12, 18], [4, 31], [16, 29], [24, 6], [27, 32]], [[8679, 71742], [54, -61], [-12, -23], [-37, -13], [21, -122], [458, -220], [291, -141], [253, -125], [548, -270], [348, -170], [12, -236], [-52, -6], [-29, 9], [-28, -2], [-43, -9], [-7, -6], [-59, -14], [-27, -13], [-64, -7], [-39, -2], [-53, -8], [-39, 3], [-29, -1], [-33, -19], [-31, -7], [-59, -20], [-39, 5], [-37, 0], [-34, -12], [-16, -2], [-34, 10], [-15, -4], [-30, 26], [-42, 44], [-4, 61], [30, 41], [-16, 28], [-4, 26], [-9, 16], [6, 11], [23, -11], [-3, 18], [-9, 13], [-16, -9], [-11, 1], [-9, 15], [-1, 25], [7, 27], [15, 13], [-16, 15], [-3, 24], [-23, 37], [-1, 19], [-11, 19], [-31, 23], [-30, -1], [-10, 11], [-25, 14], [-2, 15], [-24, 18], [-48, 26], [-20, 6], [-30, 27], [-26, 34], [-12, 11], [-61, 36], [-31, 5], [-81, 33], [-66, 47], [-27, 15], [-28, 11], [-8, 15], [-21, 15], [-12, 17], [-79, 45], [-3, 7], [21, 18], [-23, 7], [-34, 18], [-33, 24], [-1, 8], [-27, 3], [-13, 6], [-10, -14], [-15, -7], [-28, 7], [-35, -6], [-33, -14], [-24, -17], [-14, 1], [-44, -8], [-30, -13], [-44, 14], [-60, 8], [-22, -3], [-17, -16], [-24, 6], [-17, -7], [-6, -11], [-20, -8], [-32, -24], [-24, 0], [-13, -5], [-31, 5], [-11, -8], [-36, 15], [-14, -7], [-28, -2], [-21, -7], [-45, -1], [-30, -18], [-40, -10], [-14, 6]], [[12705, 76698], [-2, 12], [-18, 10], [12, 36], [31, 14], [6, 11], [-16, 20], [28, 54], [5, 22], [19, 15], [22, 36], [7, 4], [15, 34], [28, 37], [0, 31], [-5, 27], [12, 21], [0, 27], [15, 23], [9, 23], [-19, 47], [-15, 18], [-40, 62], [13, 1]], [[12812, 77283], [14, -6], [53, -13], [22, -11], [46, -10], [27, -3], [48, 5], [27, -7], [38, -3], [47, -1], [4, -18], [17, -1], [16, -11], [0, -18], [18, -6], [14, -24], [21, 1], [-18, 19], [33, 1], [4, 8], [57, -20], [20, 2], [26, 11], [44, -5], [18, -16], [16, -7], [1, -12], [-26, -27], [-28, 4], [-63, 14], [-18, -11], [-15, 6], [-15, -4], [-26, 9], [-13, -6], [-18, 2], [-5, -23], [30, -1], [28, -12], [12, -13], [34, -9], [24, -10], [33, -181], [-71, -139], [31, -11], [-19, -12], [-21, 5], [-125, -246], [-449, 225]], [[12824, 77304], [1, 17], [12, 21], [0, 57], [-5, 29], [9, 34], [-40, 10], [-34, 2], [8, 17], [54, -6], [18, 7], [33, 4], [28, -12], [31, 0], [16, 12], [3, 28], [14, 2], [12, 18], [-3, 23], [-13, 27], [-7, 28], [3, 17], [-11, 15], [-9, 34], [3, 16], [-9, 9], [-1, 72], [17, 35], [21, 26], [29, 20], [-3, 26], [25, -5], [11, 4], [41, 45], [17, 12], [30, 41], [9, -1], [8, 23], [19, 27], [11, 2], [22, 32], [3, 26], [10, 30], [14, 2], [0, 22], [38, 73], [-7, 22], [16, 59], [0, 31], [-9, 14], [2, 13], [-7, 17], [16, 19], [1, 58], [-10, 15], [-17, 2], [9, 22], [18, -3], [8, 10], [1, 21], [-43, 30], [-25, -3], [15, 19], [16, -3], [20, 14], [17, 25], [-4, 9], [5, 33], [27, 11], [1, 11], [14, 18], [14, 37], [6, 32], [1, 21], [-11, 12], [8, 11], [-4, 14], [-13, 9], [-9, 52], [11, -3], [7, 28], [-14, 20], [-18, -9], [-7, 8], [-1, 21], [22, 1], [3, 15], [-12, 9], [10, 15], [1, 21], [12, 16], [11, 41], [12, 8], [11, 31], [-12, 33], [6, 9], [-5, 37], [-11, 27], [6, 21], [32, 41], [-3, 40], [4, 8], [-17, 30], [-22, 27], [-31, 18], [-32, 4], [-17, 22], [-17, 12], [-5, 24], [18, 12], [-1, 47], [4, 15], [-8, 18], [8, 6], [-4, 25], [-11, 23], [21, -2], [9, 10], [-8, 38], [-9, 8], [-4, 19], [-9, 2], [-13, 18], [2, 22], [-7, 16], [17, 3], [-5, 18], [9, 18], [13, 8], [23, 25], [3, 12], [0, 34], [-10, 36], [-15, 36], [-30, 55], [-14, 8], [15, 30], [15, 9], [23, 32], [21, 100], [-4, 20], [9, 15], [-4, 17], [13, 29], [-1, 22], [10, 19], [-7, 15], [-26, 22], [-15, -6], [-13, 4], [11, 68], [15, 27], [-4, 16], [18, 35], [25, 68], [3, 30]], [[13322, 80554], [610, 22], [280, -491], [76, -455], [-38, -206], [56, -194], [-16, 2], [-104, -6], [-33, 2], [-32, 7], [-9, 10], [5, 21], [-8, 37], [6, 9], [-43, 19], [-11, 10], [27, 21], [8, 31], [-9, 18], [-37, 28], [-21, -3], [-36, 6], [-24, 9], [-30, 20], [-21, 21], [11, 20], [11, 3], [13, 15], [34, -1], [27, 4], [76, -44], [29, -9], [14, 1], [13, 14], [4, 14], [15, 15], [-1, 75], [-7, 16], [-17, 9], [-30, -5], [-33, 13], [-26, 2], [-31, 16], [-19, 1], [-6, 12], [52, 23], [0, 17], [-20, 6], [-19, -1], [-46, 26], [-6, 16], [-29, 7], [-15, 29], [-34, 13], [5, 9], [21, -1], [25, 6], [16, 39], [-14, 22], [4, 8], [22, 6], [6, 10], [35, 19], [-19, 11], [-18, -19], [-28, 4], [-32, -3], [-19, -12], [-41, 0], [-28, -7], [-69, -33], [-9, -31], [23, -24], [17, -23], [58, -9], [8, 4], [34, -19], [-11, -30], [15, -63], [38, -2], [12, -14], [-9, -20], [-30, 1], [-18, -5], [-2, -10], [-24, -29], [-14, -24], [7, -17], [-8, -10], [-24, -6], [5, -8], [38, -30], [30, -45], [33, -19], [5, -16], [16, -1], [7, -13], [-11, -20], [-38, -20], [4, -36], [15, -18], [3, -33], [-23, -13], [-16, 2], [-34, -23], [-25, -23], [-19, -11], [-4, -10], [14, -17], [-6, -33], [-20, -17], [-12, -17], [-24, -12], [0, -22], [-64, -41], [-37, -4], [-9, -21], [-4, -29], [17, -11], [19, -30], [17, -15], [39, -16], [35, -19], [21, -19], [17, -2], [18, -28], [10, -23], [12, -17], [-11, -53], [-29, -15], [-55, -8], [-28, 7], [-5, -20], [-26, -14], [-11, -13], [3, -42], [10, -9], [4, -23], [-4, -21], [37, 0], [44, -16], [18, -15], [8, -26], [26, -5], [26, -12], [56, -21], [37, -24], [16, -27], [1, -30], [-14, -29], [-19, -6], [-15, -27], [-4, -22], [37, -22], [15, 12], [-6, 36], [22, -17], [-5, -20], [-11, -10], [1, -17], [-43, 5], [-18, -3], [1, -15], [-13, -35], [-42, 3], [-27, 4], [-1, -13], [-19, -5], [-2, -20], [5, -15], [-18, -4], [-12, -37], [-17, -12], [-44, -10], [-30, 1], [-32, 9], [-25, -7], [-21, -1], [-21, 9], [-36, 7], [-23, -2], [2, -12], [13, -9], [16, -22], [19, -11], [24, -5], [21, 3], [31, -47], [0, -13], [-15, -34], [7, -24], [-4, -14], [12, -34], [-10, -32], [-24, -20], [-7, -15], [-33, -11], [-46, -9], [-63, -3], [-45, -32], [-3, -28], [8, -19], [8, -42], [26, -35], [14, -58], [-6, -9], [-43, -28], [-66, -33], [-18, -11], [-50, -18], [-35, -31], [-35, -28], [-43, -46], [-18, -11], [-13, -15], [-33, -14], [-10, -9], [-30, 3], [-54, 26], [-5, -16], [27, -13], [17, -19], [15, -5], [18, -18], [12, 6], [47, 6], [61, 35], [71, -2], [39, -8], [21, 3], [60, 22], [41, 7], [34, 3], [52, -14], [18, -11], [33, -39], [-2, -32], [-16, -36], [-22, -16], [-18, -2], [-24, -11], [-33, -3], [-67, 5], [-5, -5], [-28, -2], [-2, 15], [-65, 9], [-29, 26], [-35, 0], [-53, -4], [-17, -8], [-10, 5], [-15, -18], [-35, 8], [-10, -11], [-23, 0], [-37, 24], [-24, -1], [-50, 10], [-65, 8], [-13, -5], [-52, 14]], [[6022, 94522], [15, -10], [29, -4], [2, -21], [73, -50], [-11, -13], [7, -10], [18, 1], [15, -9], [6, 14], [28, 1], [6, -15], [-7, -11], [24, -18], [30, -5], [8, -17], [-15, -10], [-17, 4], [-12, -10], [44, -43], [56, -29], [1, -20], [22, -16], [43, -50], [18, -9], [20, 8], [-4, 15], [268, -179], [11, 37], [9, -1], [18, -23], [-4, -11], [4, -27], [103, -70], [25, -18], [18, 9], [15, -16], [0, -18], [203, -152], [24, 26], [9, -13], [-31, -15], [52, -39], [3, -17], [-8, -20], [6, -37], [14, -11], [15, 9], [-4, 29], [-8, 13], [20, 6], [102, -77], [56, -57], [73, -91], [44, -77], [10, -20], [20, -5], [-2, -23], [103, -172], [20, -7], [-6, -14], [28, -62], [-18, -2], [14, -24], [-18, -5], [-5, -22], [3, -24], [34, -6], [15, 9], [27, -75], [-23, 9], [-17, -15], [-1, -18], [15, -8], [26, -1], [17, -12], [62, -183], [23, -81], [-30, -8], [-21, -11], [33, -9], [5, 18], [15, 5], [14, -33], [-34, -6], [-26, -15], [43, -12], [7, 14], [16, -6], [159, -84], [419, -217], [-8, 14], [15, 5], [8, -22], [16, -13], [48, -25], [-31, -8], [17, -16], [12, 11], [20, 3], [158, -73], [154, -67], [-2, -19], [32, 7], [42, -19], [109, -42], [34, -2], [19, -8], [1, -11], [168, -66], [52, -25], [12, -65], [-28, -9], [-7, -20], [-30, -20], [2, -19], [10, -12], [-13, -18], [5, -8], [-18, -39], [-16, -16], [1, -12], [-35, -24], [9, -14], [-17, -13], [11, -33], [-17, -12], [-63, 11], [-30, -7], [-43, 13], [4, 9], [-14, 20], [-27, -9], [-16, 13], [-25, 2], [1, 21], [13, 9], [29, -1], [34, -13], [24, 27], [-12, 15], [-31, -4], [-10, 13], [-17, -4], [-32, 26], [-6, 13], [-14, 0], [-12, -14], [-24, 4], [-24, 13], [-10, 32], [-16, 9], [10, 18], [-26, 12], [-4, -23], [-22, 11], [12, 25], [-6, 15], [-20, 3], [6, -19], [-10, -14], [-22, 7], [2, 22], [10, 18], [-19, 16], [-38, 20], [-46, 8], [2, 20], [-12, 21], [-15, 5], [-46, -20], [-16, 4], [-11, 18], [-24, 14], [-15, 0], [-28, -18], [-20, 1], [-20, 11], [-13, 18], [-23, -11], [-17, 12], [-12, 21], [-14, -12], [-19, -6], [-5, 17], [-33, 18], [-22, 7], [-26, -2], [1, 11], [22, 19], [-1, 7], [-26, 16], [-12, 15], [-37, 0], [-21, 15], [-16, 1], [5, 22], [-25, 7], [-22, -17], [-20, 12], [2, 12], [-26, 28], [-4, 19], [10, 16], [-24, 6], [-8, -22], [-18, 12], [-16, -3], [-10, 18], [-19, -1], [-28, -19], [-12, 20], [-13, -2], [-34, 13], [-6, 20], [-33, 18], [-19, -12], [-37, 17], [12, 12], [4, 23], [25, 20], [-31, 3], [7, -15], [-21, -3], [-5, 23], [-26, -3], [-14, 8], [-49, -31], [-15, 20], [-22, 16], [8, 21], [-11, 14], [-49, 3], [-21, -2], [-24, 5], [-23, -10], [-29, 1], [-51, 20], [-18, -4], [-4, 16], [7, 10], [-14, 10], [-26, -2], [-21, 6], [-13, 18], [-33, 4], [3, 17], [-7, 9], [-44, 14], [-4, 9], [-33, 18], [-15, 1], [-29, 20], [-26, 9], [-8, 28], [-26, -1], [7, 19], [-17, 35], [-26, 7], [-3, 7], [-53, -8], [-2, 20], [-24, 6], [-22, 13], [23, 16], [3, 45], [-24, 12], [-1, 16], [20, -2], [10, -12], [29, -3], [7, -13], [24, 3], [37, 13], [40, -5], [84, -8], [-15, 14], [-29, 6], [-15, 8], [-10, 28], [-12, 14], [-35, -1], [-7, 15], [16, 5], [-7, 13], [-28, 4], [-6, 13], [-20, 10], [-17, 19], [27, 14], [-1, 18], [12, 30], [-24, 8], [-8, 17], [-20, 20], [-22, 0], [-12, -9], [-18, 9], [-30, 29], [-42, -9], [-22, 5], [4, 22], [-32, 16], [5, 13], [25, 1], [13, 21], [-5, 23], [-14, 21], [-3, 38], [-21, 28], [27, 26], [-34, -9], [-4, -47], [-20, -11], [5, -19], [-19, -14], [-22, 20], [-40, 9], [-38, 1], [-12, 33], [-23, 3], [-10, 16], [-16, -3], [6, -33], [24, -6], [-4, -12], [-28, -11], [1, -16], [-25, 8], [-9, 9], [-38, -3], [-10, 10], [-34, -1], [7, 11], [21, 15], [30, 10], [-1, 13], [-18, 20], [-4, 16], [-20, 6], [-5, 11], [-30, 28], [-30, -5], [-42, 13], [-2, 8], [23, 40], [-18, 20], [-9, 21], [-41, 5], [-21, 27], [5, 22], [-27, -2], [-18, 5], [-36, 16], [-16, 3], [-11, 14], [17, 4], [11, 17], [20, 7], [11, 15], [0, 17], [-19, 26], [-31, -3], [-38, 5], [-13, -17], [-16, 12], [2, 10], [20, 20], [38, 11], [10, 29], [-19, 3], [-15, 17], [16, 14], [-4, 19], [-14, 6], [-15, -9], [-29, 0], [-19, 9], [-41, 9], [-29, 17], [-37, 10], [-7, -4], [4, -24], [-29, -35], [24, -4], [19, 13], [30, -5], [17, -10], [20, -1], [9, -36], [36, -10], [-5, -16], [-24, 1], [-22, -7], [-33, 2], [-18, -6], [-17, -16], [-20, 4], [-16, 16], [-53, 8], [0, 9], [-26, 30], [13, 9], [19, 26], [3, 15], [-18, 14], [-20, 4], [14, 19], [-5, 25], [9, 11], [-29, 5], [-5, 11], [-29, 12], [-13, 26], [3, 11], [27, 5], [9, 9], [-7, 27], [-10, 13], [8, 25], [-42, 27], [9, -35], [-15, -23], [-32, 6], [4, 20], [-27, 40], [-8, 23], [-22, 17], [10, 31], [1, 24], [-48, 35], [-23, 2], [-6, 15], [18, 24], [-26, 42], [4, 21], [-45, -26], [24, -9], [12, -21], [-3, -18], [-20, -1], [-1, -17], [-18, -1], [-8, 19], [-12, 2], [-14, 17], [-4, 21], [32, 43], [35, 15], [-2, 12], [21, 14], [8, 28], [12, 18], [49, 33], [10, -16], [-16, -19], [3, -13], [22, -8], [23, 7], [17, -6], [32, 28], [-4, 15], [9, 10], [30, -4], [8, 14], [-3, 21], [-13, 5], [-16, -18], [-25, 9], [-3, 34], [-26, 8], [-29, -40], [-19, 1], [-29, -31], [-34, -12], [-22, 24], [15, 14], [-5, 19], [-24, -26], [-20, 8], [-11, 21], [-30, -17], [6, -35], [-27, 2], [-19, -5], [-27, 15], [-12, -8], [-2, -13], [-14, -4], [-35, 8], [-9, 23], [13, 9], [20, -14], [9, 10], [-22, 9], [-5, 10], [-34, 5], [-41, -2], [-4, 10], [37, 21], [-19, 7], [-49, -2], [-8, 16], [-25, -3], [-20, 22], [16, 26], [-41, -3], [-4, -20], [5, -13], [20, -19], [-5, -16], [14, -4], [15, -16], [10, 14], [21, 1], [17, -28], [7, -20], [-8, -11], [-26, -18], [4, -16], [14, -4], [15, -33], [19, -5], [9, 12], [17, -15], [5, -31], [20, 5], [7, -10], [-22, -31], [9, -9], [-8, -13], [-44, -6], [-12, -22], [36, -1], [19, -18], [0, -11], [-25, -27], [-40, -2], [9, -12], [22, -1], [12, -29], [21, -15], [10, -33], [21, 3], [8, -7], [16, 10], [25, -7], [10, 11], [-11, 17], [20, 9], [22, -15], [4, 18], [27, 5], [14, -20], [18, -4], [-11, -16], [32, -44], [26, -10], [10, -16], [12, -46], [-9, -16], [41, -20], [5, -10], [41, -39], [15, 2], [5, -26], [-15, -9], [-30, 6], [-17, -10], [-16, 6], [-18, 16], [-14, 2], [-22, 34], [-12, -1], [1, -32], [-27, 6], [-18, 23], [-13, 7], [-27, -5], [-8, 9], [-60, 10], [-13, -7], [-15, 5], [4, 26], [-7, 14], [-26, 0], [-9, 8], [-19, 2], [-11, 23], [-12, 15], [-4, 21], [-29, 25], [0, 9], [-27, 14], [7, 24], [-43, 37], [-39, 7], [-12, 21], [8, 7], [33, 11], [24, -5], [17, 5], [-13, 22], [-10, 37], [-18, 11], [-8, 28], [-11, -8], [2, -14], [-21, -10], [-6, 12], [15, 19], [7, 43], [-3, 28], [-15, 49], [-17, 16], [-9, 31], [-15, 5], [-5, 20], [-13, 12], [11, 28], [-8, 25], [-30, 5], [11, -21], [1, -16], [-9, -12], [-23, 2], [4, 35], [-13, 13], [-31, 14], [63, 112], [29, 46], [164, -15], [3, 12], [40, 11], [10, -27], [97, -8], [200, -2], [232, 16], [3, 10], [23, 12]], [[47540, 92856], [14, -9], [15, -21], [-1, -33], [-17, -20], [-2, -28], [-8, -5], [11, -38], [-17, -9], [-6, -22], [5, -44], [-13, -38], [-7, -7], [3, -18], [-26, -33], [-1, -43], [-6, -11], [9, -33], [-17, -46], [-3, -23], [-39, -57], [-7, -24], [-18, -29], [-42, -34], [-5, -22], [2, -30], [-9, -19], [-18, 9], [-1, -41], [-24, -23], [-5, -48], [-19, -24], [12, -9], [-3, -25], [-22, -11], [10, -22], [-12, -10], [22, -31], [-23, -4], [8, -31], [-6, -29], [-15, -5], [-3, -20], [-15, -25], [-24, 0], [0, -17], [298, 42], [-8, -133], [-2, -44], [28, 9], [13, -4], [3, -16], [17, -20], [-1, -26], [34, -10], [-81, -504], [71, -71], [-17, -13], [-7, -15], [3, -24], [12, -16], [-17, -23], [-8, -18], [-31, -8], [-25, -14], [-48, -48], [-27, -414], [-773, -307], [-413, 87], [-20, 23], [-218, 397], [-54, 95], [24, 14], [19, 19], [-10, 6], [-19, -14], [4, 34], [10, 24], [22, -15], [7, 8], [-4, 37], [-18, 23], [3, 12], [-13, 28], [-13, 2], [-31, 16], [-23, -3], [-18, 6], [-3, 19], [4, 68], [12, 35], [22, 16], [36, 5], [15, 24], [2, 30], [14, 30], [5, 34], [-6, 26], [-10, 14], [-6, 22], [-23, 33], [-34, 0], [31, -46], [-9, -16], [-7, -27], [-21, -7], [-30, 9], [-14, 16], [-9, -10], [20, -15], [-3, -9], [-86, -1], [18, 57], [22, -4], [38, 22], [-4, 17], [-21, -26], [-26, -3], [-15, 33], [9, 15], [-7, 29], [5, 21], [15, 7], [-2, 15], [16, 10], [-21, 77], [4, 3], [14, 51], [4, 40], [15, 16], [-2, 14], [13, 27], [-1, 17], [25, 15], [4, 27], [-11, 18], [-2, 22], [20, 23], [41, -6], [28, 6], [-3, -19], [17, -25], [11, 37], [-1, 42], [15, 5], [15, 36], [11, 16], [-8, 9], [28, 10], [16, 21], [7, 72], [-16, 24], [14, 26], [0, 32], [10, 10], [6, 21], [-4, 21], [13, 5], [-4, 15], [15, 21], [94, -32], [40, -316], [130, -85], [124, 85], [75, 354], [-56, 295], [85, 244], [40, -17], [-7, -38], [-15, -28], [8, -20], [-7, -19], [16, -29], [-6, -16], [5, -10], [35, 17], [-11, 17], [30, 114], [33, 39], [-4, 18], [13, 12], [12, -10], [23, -35], [10, -24], [6, -37], [257, 134], [318, 168], [185, -13]], [[40598, 95355], [16, -35], [-11, -28], [-16, -76], [7, -9], [-28, -46], [5, -14], [-6, -23], [-9, -9], [0, -18], [13, -23], [-9, -28], [-15, -3], [-15, -13], [14, -18], [-6, -27], [-16, -27], [-3, -17], [-23, -53], [10, -30], [-5, -8], [4, -37], [-4, -54], [-5, -12], [-41, -16], [-16, -12], [9, -11], [20, 12], [10, 15], [49, 8], [29, -17], [38, 13], [21, -4], [39, 21], [18, -3], [58, 43], [49, 24], [20, 23], [30, 19], [40, 33], [26, 41], [-18, 38], [-11, 40], [-11, 16], [-2, 16], [10, 10], [24, -7], [-7, -16], [6, -15], [13, 2], [9, -23], [4, -45], [21, 5], [24, -21], [-2, -16], [7, -22], [-4, -29], [10, -1], [19, -20], [11, 5], [23, -3], [23, 11], [21, 21], [16, 23], [18, -22], [6, -21], [-4, -61], [-14, -12], [0, -21], [-12, -9], [3, -16], [-51, -44], [-10, 2], [-29, -16], [-21, -29], [-8, 25], [0, 21], [-21, -16], [-14, -23], [-15, 6], [-31, -16], [-24, -20], [7, -8], [-14, -27], [-37, -52], [-11, -31], [-26, -34], [-21, -53], [5, -18], [-10, -24], [10, -6], [25, 12], [11, -12], [8, -23], [12, -8], [-7, -24], [-16, -37], [3, -10], [-12, -29], [15, -22], [15, -30], [7, 7], [34, 10], [15, -22], [22, 6], [5, -22], [21, -9], [18, -21], [2, -40], [19, -36], [19, -23], [-8, -31], [17, 0], [17, 9], [10, 24], [3, 23], [13, 16], [37, 34], [9, 28], [34, 66], [38, 41], [40, 23], [13, 18], [16, 7], [22, 51], [27, 44], [9, 29], [1, 24], [10, 25], [-6, 12], [16, 37], [17, 10], [2, 33], [18, 48], [4, 55], [17, 17], [26, 9], [24, 22], [16, -1], [13, 12], [3, 22], [-11, 18], [-4, 31], [12, 21], [13, 3], [3, 17], [24, -2], [3, 41], [23, 18], [12, 16], [23, 15], [7, -7], [-10, -37], [3, -20], [-6, -10], [19, -11], [6, -23], [-14, -17], [10, -17], [22, 19], [15, 3], [12, -12], [12, 7], [16, -34], [-3, -30], [-21, -27], [11, -55], [11, -13], [5, -19], [20, -38], [24, -17], [-185, -199], [-19, 1], [-10, -7], [10, -21], [-471, -605], [-3, -13], [-29, -16], [-4, -15], [-34, -34], [-15, -21], [-4, -17], [-24, -8], [-17, -17], [12, -20], [-12, -28], [-15, -3], [-8, -14], [12, -16], [0, -16], [-11, -4], [-21, -27], [9, -16], [-4, -16], [27, -13], [-28, -39], [11, -27], [-10, -7], [-37, 2], [-6, -12], [5, -20], [-18, -36], [-29, 2], [-10, -18], [-5, -23], [5, -8], [-6, -21], [5, -17], [-16, -30], [1, -21], [16, -16], [3, -25], [13, -22], [1, -23], [14, -39], [17, -40], [3, -21], [10, -29], [-10, -11], [-14, 8], [-27, -22], [-24, -1], [-24, -11], [-68, -7], [-129, -31], [-81, 0], [-43, -11], [-9, 3], [14, 26], [22, 10], [16, 65], [14, 25], [2, 21], [10, 30], [-1, 16], [-12, 15], [21, 3], [14, 15], [15, 55], [-15, 1], [-6, -36], [-12, 4], [5, 18], [22, 29], [10, 24], [25, 12], [-8, 17], [-23, 10], [-7, -24], [-18, -21], [-17, -7], [-9, -23], [-14, -8], [-30, -57], [-6, -21], [-3, -36], [-20, -21], [7, -17], [-18, -67], [13, -12], [4, -15], [-18, -23], [-141, -14], [-175, -23], [-104, -9], [-227, -14], [-129, 78], [-86, 51], [-145, 91], [-115, 75], [223, 252], [8, 65], [15, 158], [-15, 14], [22, 16], [-12, 9], [41, 185], [-19, 22], [47, 23], [7, 16], [263, 54], [18, 33], [20, -8], [5, -14], [94, 29], [130, -27], [5, 19], [23, 48], [34, -8], [-11, -13], [-6, -40], [19, -17], [-16, -15], [86, -23], [68, -16], [-5, 581], [12, 372], [-4, 347], [2, 26], [13, 8], [43, 39], [3, 9], [30, 24], [26, 15], [10, -1], [28, 34], [22, 12], [56, 20], [45, 29], [21, 25], [11, -7], [19, -39]], [[10705, 104316], [28, -510], [-692, 0], [-21, 18], [-11, 27], [6, 25], [-25, 43], [-18, 19], [-77, 8], [-19, 5], [-14, 26], [-9, 3], [0, 26], [6, 18], [-22, 9], [4, 10], [-16, 8], [3, 20], [-14, 12], [-18, 1], [-7, 16], [-44, 16], [16, 9], [31, -1], [33, 7], [26, 19], [-13, 13], [-24, 12], [-29, 31], [-3, -18], [-30, 5], [-22, 24], [-23, 2], [-3, -27], [-16, 8], [-4, 27], [-3, 159], [675, 8], [345, 3], [4, -81]], [[42520, 99365], [-23, -12], [16, -13], [23, 15], [46, -8], [10, 13], [22, 9], [26, 1], [10, -14], [-4, -21], [21, -10], [33, -4], [27, 9], [16, -27], [-1, -21], [27, -1], [4, 11], [47, 9], [-26, -54], [21, -1], [20, 17], [10, -17], [30, -2], [1, -40], [-8, -43], [-15, -11], [4, -50], [-4, -26], [-13, -24], [-13, -11], [-16, 6], [-29, -20], [-655, -440], [16, -14], [4, -43], [-18, -11], [-4, -21], [-20, -27], [-10, 4], [-3, 22], [10, 6], [-7, 34], [7, 12], [-3, 20], [-184, -115], [-79, -54], [-315, -195], [-211, -165], [-45, -62], [-43, 0], [-20, 35], [-43, 91], [112, 104], [8, 24], [-3, 16], [19, 11], [8, -21], [181, 177], [214, 526], [21, -12], [14, 7], [19, -14], [25, -33], [3, 19], [-13, 10], [40, 41], [17, 83], [21, 45], [25, 23], [29, 17], [25, 20], [20, 1], [39, 13], [5, 12], [19, -3], [13, 6], [33, -34], [6, 9], [28, -5], [27, 11], [7, 19], [51, 4], [22, 22], [33, 21], [27, 0], [9, 26], [20, -1], [17, 8], [9, 20], [35, 19], [3, 14], [20, 24], [19, -2], [13, 12], [27, 13], [7, 15], [18, 11], [32, -11], [23, 15], [23, 23], [12, 4], [-21, -46]], [[57464, 95909], [9, -6], [35, -55], [-1, -13], [-21, -6], [1, -22], [12, -30], [9, -6], [6, -34], [24, 7], [23, 12], [14, -8], [25, -3], [18, -15], [9, -37], [16, -1], [-2, -17], [13, -12], [20, 6], [17, -19], [4, -27], [10, -19], [-11, -12], [-20, 5], [-11, -24], [11, -15], [22, -6], [31, 1], [35, -11], [22, -14], [44, -7], [24, 17], [-7, 10], [-37, 14], [-12, 18], [14, 5], [14, 18], [51, 15], [9, -2], [8, -31], [-8, -29], [10, -13], [41, -26], [42, -31], [31, -11], [15, 3], [14, -30], [5, -27], [-3, -25], [8, -8], [5, -21], [19, -21], [50, -33], [38, -1], [23, 3], [19, -7], [34, 1], [30, -15], [17, -18], [22, -47], [-5, -7], [1, -28], [-19, -40], [14, -43], [15, -25], [19, -19], [51, -40], [65, -31], [116, -29], [24, 0], [42, -13], [23, -29], [-16, -39], [-22, -26], [-26, -1], [-20, -12], [-18, 10], [-49, -2], [-24, -15], [-47, 13], [-24, -3], [-28, -9], [-19, -1], [-21, 12], [-24, 22], [-13, -13], [-16, -3], [-39, -14], [-13, -15], [18, -4], [2, -15], [22, -39], [9, -32], [3, -40], [32, -48], [-4, -16], [-42, -2], [-16, 9], [-24, -5], [-32, 5], [-29, 35], [-22, 53], [-10, -3], [-17, 14], [-22, 2], [-26, 10], [-52, 46], [-42, 16], [-13, 8], [-38, 8], [-18, 14], [-51, 5], [-19, -2], [0, 15], [-23, 23], [-10, -11], [-22, -2], [-24, 11], [0, -29], [-16, -17], [-31, -7], [-7, 10], [-28, 14], [-3, -69], [-10, -575], [-204, -400], [-402, -320], [-95, -129], [-52, -62], [-130, -99], [-10, 6], [-12, 22], [-17, 17], [-45, 36], [-6, 15], [-34, 39], [-9, 16], [10, 9], [-12, 16], [27, 0], [38, 14], [46, -11], [-12, 29], [1, 19], [12, 16], [20, 14], [24, 8], [12, -13], [7, -22], [38, -26], [18, 12], [-17, 34], [-12, 45], [-7, 8], [-3, 24], [30, 25], [25, -11], [14, -17], [-1, -9], [26, -6], [4, 45], [19, 33], [14, -4], [32, -22], [22, 1], [-6, 25], [-22, 46], [44, -14], [30, -20], [14, -20], [25, -4], [7, 18], [-36, 36], [-14, 36], [-3, 32], [13, 11], [18, 50], [-12, 23], [8, 22], [-22, 25], [-3, 19], [36, -15], [14, -17], [19, 2], [11, 53], [-5, 25], [-27, 46], [-13, 31], [10, 11], [-1, 16], [-18, 57], [9, 42], [41, -12], [21, -14], [31, -11], [7, -10], [39, -16], [22, -31], [46, -52], [30, -27], [21, -3], [5, 15], [24, -3], [14, 16], [-20, 29], [-26, 19], [-27, 32], [-4, 11], [-33, 40], [-29, 7], [-30, 22], [-20, 28], [-33, 79], [4, 16], [-6, 42], [-8, 18], [-19, 19], [-52, 46], [-93, 40], [-12, 3], [-26, 18], [-36, 16], [-16, 17], [-10, 27], [-4, 32], [11, 11], [4, 27], [-2, 20], [4, 22], [-8, 8], [-11, 71], [4, 21], [11, 5], [27, -10], [-11, 22], [-9, 34], [-33, 30], [-11, 2], [-16, -29], [4, -19], [-10, -16], [-26, -9], [-32, 11], [-37, -2], [-12, -5], [-33, 8], [-39, 20], [-13, -4], [-39, 22], [-39, 4], [-12, 7], [-26, -5], [-39, 21], [-9, -16], [-44, 35], [18, 6], [15, 13], [31, 11], [13, 9], [-2, 14], [-20, 13], [-16, 17], [-2, 29], [8, 19], [13, -16], [20, 0], [18, -7], [16, 2], [2, 36], [-49, 41], [-15, 31], [-22, -5], [-54, 36], [-13, 20], [6, 25], [12, 1], [32, -20], [19, -23], [45, -2], [12, -10], [14, 4], [8, 15], [-13, 15], [-11, 25], [-18, 24], [-7, 34], [11, 29], [-7, 74], [-7, 8], [-49, 34], [-19, 0], [-18, 19], [-6, 15], [-30, -4], [-12, 11], [-13, -23], [12, -8], [-32, -35], [-49, -4], [-1, -12], [-18, 0], [-11, 15], [34, 11], [-31, 16], [-37, 26], [3, 13], [29, 16], [5, 14], [-7, 20], [-18, 25], [10, 23], [28, -33], [11, -1], [6, 17], [-12, 22], [-5, 23], [43, -4], [18, 36], [1, 14], [-32, 38], [-10, 40], [8, 32], [14, 15], [65, -9], [12, 16], [9, 36], [-6, 19], [-17, 0], [-4, 16], [-16, 28], [46, 26], [23, 3], [29, -30], [21, 5], [29, 14], [26, 33], [12, 45], [2, 30], [-12, 17], [-4, 22], [37, 7], [21, -9], [10, 6], [17, 26], [16, 15], [39, 6], [34, -19], [27, 0], [15, -16], [6, -56], [-8, -11], [17, -43], [-2, -18], [21, -31], [-4, -9], [19, -24], [9, -38], [16, -10], [18, 8], [45, 2], [7, 20], [-4, 9], [11, 56], [26, 32], [9, 2], [27, -15], [25, -29], [27, -13], [31, 8], [36, -13], [29, -22], [7, -21], [18, -14], [29, 21], [14, 34], [5, 37], [13, 2], [6, -26], [15, -12], [46, -75], [3, -13], [-5, -31], [10, -13], [1, -15], [21, -14], [24, -30], [16, -12], [6, -49], [4, -62], [16, -40], [25, 52], [17, 16], [7, 46], [-7, 66], [-5, 11], [-31, 17], [-20, 42], [-17, 22], [-7, 29], [9, 42], [17, 19], [44, 13], [26, 58], [-28, 38], [0, 21], [31, 23], [37, -2]], [[7019, 109295], [-27, -8], [-63, -4], [-19, 5], [-10, 14], [18, 31], [10, 26], [23, 24], [30, 36], [7, 18], [-8, 12], [-24, -7], [-35, -29], [-25, -7], [-20, -12], [-19, 3], [-47, -36], [-23, -7], [-41, -30], [-28, -4], [-30, -11], [-37, -2], [-27, -6], [-16, -13], [-36, -4], [-23, 6], [-26, -19], [8, -14], [-26, -22], [-23, -2], [-22, 9], [-14, -5], [-6, -21], [-36, -17], [-18, 4], [-33, 24], [4, 28], [-5, 15], [16, 11], [27, 8], [12, 28], [12, 4], [18, 19], [16, -2], [12, -16], [23, -2], [19, 18], [23, 14], [-2, 29], [11, 9], [3, 21], [-18, -4], [-2, -20], [-21, 2], [-51, -16], [-24, -20], [-47, 6], [32, 17], [15, 16], [15, 0], [33, 19], [14, -3], [20, 12], [25, 5], [19, 20], [20, 13], [6, 16], [-21, 2], [-30, -13], [-12, -13], [-46, -10], [-5, -9], [-51, -27], [-30, -5], [-20, 2], [-9, 8], [21, 47], [41, 26], [-6, 21], [-14, 3], [44, 27], [5, 16], [-13, 11], [7, 23], [18, 25], [26, 3], [1, 12], [18, 10], [7, 14], [5, 36], [-4, 14], [-25, -10], [-21, 10], [12, 23], [15, 9], [-6, 13], [13, 15], [29, 12], [34, 28], [42, 21], [4, 11], [29, 8], [18, 26], [27, 2], [28, 30], [3, 94], [19, 24], [23, 5], [22, 14], [24, -1], [-2, 20], [14, 2], [-4, 24], [17, 10], [-2, 14], [16, 13], [-7, 21]], [[6832, 110135], [20, 10], [4, 17], [35, 7], [12, 8], [10, 26], [30, -10], [-4, 27], [20, 1], [-6, 17], [21, 9], [3, 26], [14, 19], [29, -8], [26, 3], [54, 30], [17, 16], [24, 30], [24, 22], [6, 32], [2, 39], [5, 18], [21, -6], [4, -12], [26, -32], [27, 9], [8, 12], [-7, 19], [-45, 33], [5, 10], [35, -4], [8, 7], [36, -10], [26, -18], [19, -51], [-14, -27], [-66, -118], [132, -240], [50, -93], [12, -12], [33, 13], [9, 8], [37, 7], [5, 17], [32, 16], [25, 7], [43, -1], [19, 30], [29, 18], [38, 7], [33, 11], [29, 15], [78, 24], [29, 17], [33, 8], [21, -1], [51, 14], [5, 5], [61, 17], [43, 24], [-34, 58], [507, 268], [379, 199], [15, 7], [200, 105], [128, -75], [39, -37], [174, -149], [35, -33], [103, -134], [54, -64], [38, -53], [-20, -41], [-26, -18], [-43, -18], [-23, -15], [-47, -25], [-72, -51], [-18, -7], [-40, -27], [-29, -22], [-30, -12], [-40, -27], [-30, -14], [-27, -23], [-28, -9], [-34, -18], [-61, -38], [-54, -26], [-37, 7], [-44, -8], [-22, -11], [-22, -1], [-40, -12], [-25, -22], [-21, -7], [-40, 9], [-21, -11], [-19, 2], [-103, -37], [-17, -21], [-32, -6], [-7, -8], [-45, -15], [-17, -10], [-41, -36], [-35, -2], [-23, 22], [3, 16], [-15, 8], [-51, -22], [-66, -11], [-18, -10], [-21, -3], [-25, -15], [-51, -19], [-22, -4], [-29, -16], [87, -175], [92, -176], [11, -16], [-35, -18], [-36, -9], [-49, -17], [-31, 0], [-11, -17], [-37, 0], [14, 38], [-13, 3], [-16, -12], [-20, -4], [-16, -19], [-10, -2], [-51, -37], [-35, -17], [-20, -16], [-50, -27], [-77, -31], [-31, -5], [-79, -35], [-27, 7], [37, 12], [27, 30], [5, 19], [25, 29], [41, 18], [38, 31], [-18, 3], [-20, -15], [-37, -19], [-26, -5], [-18, -15], [15, -11], [-21, -23], [-22, 2], [-27, -13], [-13, 14], [47, 42], [-4, 14], [-28, -18], [-37, -9], [-16, 1], [8, 23], [34, 27], [20, 8], [32, 22], [64, 51], [1, 12], [29, 21], [-10, 16], [-45, -19], [2, -11], [-71, -20], [-9, -9], [-70, -28], [-28, 30], [-31, -12], [-25, 1], [-21, -16], [-9, 1], [-51, -13], [-51, -9], [-8, 8], [-28, -1], [-33, -13], [-54, -15], [-24, -10], [-23, -28], [-13, 3], [-12, 15], [8, 20], [21, -8], [36, 21], [11, 18], [-26, 2], [-26, 19], [-42, 0], [-22, 6], [-31, 3], [-16, -13], [-36, 13], [-64, -11], [12, 37], [-20, 20], [-29, 1], [-31, -8], [-26, -16]], [[40033, 104828], [150, -85], [1, -289], [14, -7], [207, -127], [23, -13], [217, -137], [40, -27], [23, -7], [134, -93], [17, -19], [5, -55], [15, -28], [14, -6], [40, 5], [29, -8], [63, -29], [20, 4], [-1, 13], [31, 6], [-3, -14], [48, -5], [3, -23], [12, -16], [-13, -10], [0, -40], [8, -21], [-3, -15], [-14, -16], [-1, -23], [-11, 3], [-34, 43], [-3, 16], [6, 14], [-17, 34], [-23, 0], [0, -24], [12, -2], [16, -27], [-13, -18], [-22, 11], [-13, -23], [-38, 12], [-20, 15], [-24, -3], [14, -23], [-33, 4], [-20, -17], [-23, -5], [-24, 11], [-24, -2], [-45, 8], [-28, 18], [-65, 23], [-21, 23], [7, 16], [-55, -8], [-26, 14], [-26, 8], [-27, -5], [-63, 9], [-22, 17], [-37, 21], [-28, 8], [-1, -14], [-24, 12], [-15, -2], [-4, -18], [-35, -9], [-47, 13], [-28, -7], [-14, 4], [-33, -2], [-29, 15], [-12, -1], [-11, 34], [-31, -8], [-11, -12], [-20, 3], [-8, -11], [-37, 24], [-51, -2], [-20, 14], [-25, 0], [-10, -13], [-47, 22], [-33, -12], [-33, -3], [9, -22], [-21, -23], [-20, 2], [-21, 21], [-21, 0], [-24, 9], [-15, -7], [-63, 7], [-26, 14], [-56, -10], [-35, 0], [-14, 7], [-18, -14], [-18, 10], [-20, -2], [-24, 15], [-5, 9], [-67, -3], [-34, 1], [-41, 16], [-60, 9], [-23, 17], [-44, -4], [-56, 11], [-33, -12], [-39, 7], [-41, -5], [-17, 12], [-26, 6], [-25, 13], [-47, 15], [-62, -5], [-21, 6], [-23, 23], [-36, 25], [9, -37], [23, -13], [18, -31], [36, 0], [9, 5], [34, -1], [16, -13], [29, -11], [22, -1], [7, -11], [26, -10], [-5, -14], [26, -22], [27, -12], [18, 4], [32, -18], [3, -14], [-12, -25], [-39, -9], [-27, 13], [-19, -11], [-13, 0], [-10, 14], [-25, -10], [-22, 5], [7, 25], [-6, 7], [-25, -4], [-29, -18], [-17, -16], [-30, -15], [-48, -3], [-33, 1], [-19, 17], [-15, 5], [-16, -9], [-47, -10], [-23, 7], [-52, -7], [-28, -7], [-48, -5], [-11, -8], [-25, 7], [-46, -32], [-44, -7], [-52, -1], [-13, -4], [-66, -10], [29, 160], [135, 89], [58, 29], [16, 202], [42, 391], [309, 25], [43, -5], [102, 13], [0, 154], [167, 40], [508, -9], [28, 2], [174, 5], [11, -4], [143, -2], [75, -42]], [[42119, 111250], [6, -15], [34, -2], [47, -19], [11, -16], [23, -5], [14, -26], [-8, -22], [16, -10], [-2, -19], [22, -16], [-4, -17], [16, -36], [10, -14], [14, -63], [-6, -19], [17, -18], [1, -34], [-5, -11], [9, -13], [-1, -78], [18, 5], [-3, -29], [14, -8], [16, 11], [7, -52], [17, -12], [1, -25], [-14, -26], [11, -13], [31, -12], [16, -29], [-11, -17], [9, -9], [-3, -19], [8, -27], [17, -27], [-12, -20], [17, -8], [-5, -11], [10, -37], [25, -24], [10, -18], [33, 7], [11, -11], [15, 0], [36, -31], [-19, -11], [-20, -34], [22, -8], [-16, -12], [-54, 7], [-13, -13], [23, -23], [-14, -3], [-11, -19], [19, -1], [24, 13], [40, -14], [20, 11], [29, 0], [27, -8], [24, -2], [26, -15], [22, -29], [-25, -12], [8, -9], [27, 3], [17, -25], [17, -4], [0, -26], [-13, -12], [10, -22], [-11, -4], [-26, 13], [-7, -12], [6, -18], [-7, -10], [11, -17], [-37, -15], [0, -15], [13, -7], [37, -38], [0, -15], [-13, -14], [-27, 3], [-16, 17], [-3, 22], [-24, 3], [-16, -17], [-1, -23], [13, -1], [17, -27], [27, -17], [-2, -14], [-27, -9], [-11, -13], [42, -59], [41, -40], [0, -6], [26, -32], [-20, -1], [-21, 20], [-15, 26], [-25, 26], [-15, -10], [24, -33], [-13, -24], [12, -23], [-18, -1], [-7, -22], [22, -9], [9, -20], [-7, -33], [21, -3], [24, -40], [18, -46], [-6, -10], [12, -12], [21, -12], [9, -17], [17, -3], [20, -35], [-40, 3], [0, -21], [13, -27], [-10, -6], [-25, 25], [-19, -13], [12, -33], [15, -9], [2, -21], [-7, -22], [-16, -3], [-20, 18], [-23, 44], [-7, 24], [-17, -5], [-16, 37], [-2, 23], [-19, -8], [-26, 44], [-5, -16], [9, -24], [-26, 1], [-32, -5], [-17, 7], [8, -49], [-8, -3], [8, -25], [-23, 11], [-11, -12], [4, -21], [17, -28], [1, -12], [17, -6], [29, -25], [-25, -15], [21, -9], [0, -14], [-25, -15], [-11, -16], [-23, 3], [-21, -10], [-20, 14], [-26, -22], [-22, 13], [-19, -10], [17, -23], [-3, -13], [-31, -18], [-70, 19], [-22, -4], [-25, -20], [13, -16], [33, -11], [22, -16], [-26, -5], [-59, 24], [-14, -21], [-22, -9], [-1, -17], [-34, -2], [-14, 7], [-10, -27], [-17, 5], [8, 19], [-20, 1], [-14, -19], [-36, 2], [-3, -29], [5, -13], [-10, -16], [-40, 3], [-19, -7], [-5, -19], [7, -15], [-26, -2], [-7, -16], [-15, 9], [-15, 20], [-9, 20], [-226, 513], [-14, 2], [-1, 19], [-17, 4], [-74, 1], [-231, 0], [-225, 1], [-249, -23], [-254, -266], [-29, 4], [-283, 53], [-190, 38], [-278, 49], [-197, 184], [-208, 288], [117, 251], [-26, 85], [21, -2], [-12, 20], [4, 13], [-26, 11], [-45, 147], [-19, 20], [-50, 0], [-16, 6], [-27, 2], [-15, -8], [-6, 19], [19, 11], [9, 31], [26, 13], [7, 26], [31, 27], [-33, 32], [82, 154], [14, -16], [44, 33], [29, -26], [26, -17], [34, -37], [35, -27], [3, -19], [15, -21], [2, -19], [-8, -21], [3, -19], [-21, -31], [10, -17], [-5, -13], [8, -26], [37, 2], [43, 27], [-3, 15], [-32, 20], [-6, 29], [7, 5], [35, -20], [17, -46], [13, -16], [7, -47], [5, -19], [-9, -38], [11, -26], [-3, -17], [13, -43], [-15, -17], [-40, -27], [-3, -13], [9, -24], [7, -49], [16, -30], [21, -27], [18, -58], [-2, -34], [-7, -33], [-7, -5], [-77, 4], [-22, -5], [-64, 17], [-18, 3], [-61, -17], [2, -37], [-18, -14], [16, -11], [17, -23], [32, -24], [19, 17], [18, 0], [46, 9], [28, 21], [19, 2], [24, 13], [40, -8], [33, -21], [15, -33], [10, 0], [14, -16], [37, -3], [-27, -38], [-21, -7], [-12, -20], [-21, -18], [14, -32], [24, -5], [20, -21], [-10, -34], [10, -27], [-5, -19], [-17, -13], [10, -24], [29, 28], [49, 13], [-4, 16], [19, 20], [26, -6], [11, 6], [42, 7], [54, -1], [36, -8], [42, 4], [9, -2], [3, -25], [15, -14], [-22, -7], [-11, -18], [25, 4], [21, 9], [25, -6], [28, -60], [-2, -10], [19, -24], [27, -5], [22, -10], [37, -11], [32, -16], [15, -17], [42, -33], [29, -39], [51, -23], [23, -1], [53, 13], [12, 25], [-11, 18], [-9, 32], [5, 21], [14, 23], [23, 18], [36, 10], [17, 13], [2, 15], [13, 7], [60, 111], [0, 40], [21, 11], [11, 22], [-5, 11], [9, 30], [-7, 19], [-26, -1], [-6, -21], [-21, -33], [-6, -36], [-17, -11], [-38, 23], [-30, 0], [6, 25], [38, 27], [27, 3], [28, 12], [0, 13], [17, 10], [19, 32], [0, 16], [18, 13], [-8, 28], [9, 11], [21, -2], [4, 16], [-25, 31], [2, 11], [31, 17], [-5, 10], [30, 27], [45, -33], [12, -13], [35, 12], [-1, 30], [11, 11], [-7, 16], [35, 36], [33, 2], [28, -3], [26, 14], [-3, 21], [14, 16], [-10, 19], [30, 0], [13, 22], [33, 4], [31, -33], [19, 2], [34, -11], [3, -9], [-28, -8], [-7, -19], [4, -12], [-13, -10], [-19, -4], [-31, -47], [-2, -27], [10, -14], [19, -8], [9, -17], [1, -23], [-16, -3], [32, -56], [76, 4], [10, 9], [17, -9], [9, 31], [33, -2], [-4, -17], [14, -11], [20, -34], [24, 4], [11, 10], [33, 6], [12, 20], [-9, 11], [22, 6], [7, -12], [-6, -23], [32, -3], [12, 11], [19, -9], [30, 9], [17, 17], [32, 45], [-12, 35], [7, 12], [-5, 13], [30, 0], [2, 16], [-9, 18], [-17, 6], [5, 24], [-12, 25], [21, 27], [-7, 15], [22, 13], [-11, 14], [-3, 29], [-12, 6], [-28, 3], [-1, 14], [-36, 9], [1, 15], [-17, 13], [-31, 15], [13, 20], [-15, 16], [-4, 23], [-12, 4], [-17, 30], [-25, 4], [-17, 14], [6, 21], [-11, 7], [-2, 35], [11, 6], [6, 26], [36, 32], [26, -2], [-5, 20], [8, 11], [-21, 16], [-9, 33], [-15, 15], [-6, 20], [-23, 20], [8, 12], [-2, 23], [13, 6], [34, -23], [13, 8], [-2, 14], [-22, 10], [-2, 19], [-10, 13], [13, 9], [25, 5], [33, 20], [-9, 20], [-23, 17], [-8, 14], [-19, 9], [-11, 19], [-18, 8], [6, 16], [21, -5], [28, -17], [4, 14], [-20, 7], [-21, 29], [-5, 28], [19, 2], [-5, 18], [21, -4], [30, 9], [23, -11], [37, -4], [-2, 30], [39, -29], [36, -6], [-4, 21], [-35, 18], [-3, 12], [7, 20], [-26, 22], [-19, 29], [21, 13], [32, 13], [-7, 21], [-23, 18], [-17, 6], [12, 13], [17, 6], [-10, 26], [37, 4], [13, -8], [18, -33], [11, 6], [4, 16], [-14, 9], [29, 34], [11, 6], [36, -14], [3, 23], [-21, 5], [-2, 39], [22, 13], [-4, 24], [-23, 7], [4, 13], [26, 8], [34, 2], [12, 7], [33, -3], [17, -8], [25, 5], [35, -28], [36, 13], [28, 2], [3, -16], [11, -10], [21, 2], [13, 12], [28, -7]], [[32587, 115565], [7, -154], [15, -12], [-21, -9], [-2, -73], [69, -216], [171, -181], [121, -56], [29, -9], [154, -64], [13, 9], [183, 144], [370, -19], [124, 5], [4, -19], [-12, -12], [6, -11], [-9, -14], [11, -12], [-14, -17], [-8, -22], [34, -3], [18, 6], [13, -8], [12, -19], [23, -15], [10, -23], [31, -29], [-11, -8], [-6, -24], [-13, -16], [1, -13], [-25, -8], [-22, -34], [-40, -7], [-26, 10], [-19, 20], [-14, 7], [-3, 14], [-17, 21], [-35, -1], [-27, -9], [-14, -17], [-4, -23], [-24, -1], [-28, 17], [-24, -3], [-26, 15], [-4, -19], [-11, -12], [42, -37], [30, -19], [-4, -21], [-23, -18], [-31, 1], [-18, 9], [-11, -5], [-37, 18], [-12, -12], [-39, -11], [-11, 5], [-49, -8], [-17, 5], [-20, -5], [-9, -15], [-16, -3], [-10, -12], [-43, 16], [-11, 11], [-21, -2], [-12, -18], [-14, -4], [-31, 5], [-11, -15], [3, -12], [-39, 7], [-29, 32], [-18, 5], [-33, -8], [6, -16], [-30, 6], [-15, -14], [27, -22], [-25, -4], [-47, 10], [-25, -4], [-48, 12], [-1, -7], [20, -19], [-45, 0], [-12, 9], [-70, -3], [-19, 9], [-22, 2], [-5, -25], [17, 5], [37, -20], [-16, -7], [-29, 9], [-25, 2], [-13, -5], [-15, 8], [-31, -9], [-22, -47], [27, 15], [10, -18], [25, 5], [49, -4], [26, 6], [57, 1], [26, -7], [43, -28], [21, -25], [-5, -21], [-19, 3], [-15, -19], [26, -36], [24, 0], [78, -42], [-1, -11], [-16, -8], [-27, 1], [8, -21], [-23, -3], [-11, 8], [-46, -8], [-7, -10], [-18, 5], [-35, -1], [-65, -12], [-5, -16], [22, -7], [61, -28], [7, -12], [31, -6], [44, -25], [-4, -16], [17, -20], [64, -14], [16, -16], [39, -19], [28, 0], [13, 6], [-1, 14], [29, -2], [26, -19], [8, -19], [-13, -16], [-16, -4], [-19, 7], [-21, -1], [0, 22], [-34, -5], [-26, 6], [-69, -31], [-40, -1], [-17, -5], [-3, -18], [-16, -15], [-26, -4], [-27, -37], [4, -12], [-12, -11], [-23, -4], [-39, -22], [-54, -9], [-20, 6], [-58, -1], [-263, 177], [-233, 21], [-144, 101], [-106, 62], [-263, 126], [-620, 124], [-178, -4], [-98, 2], [-574, 95], [-152, -153], [-391, -118], [-177, 82], [-248, -81], [88, 263], [278, 2], [235, 37], [21, 146], [200, 38], [203, 3], [264, -53], [374, -31], [0, 18], [11, 13], [4, 22], [24, 10], [35, 0], [22, 23], [12, 21], [23, 24], [38, 26], [55, 24], [8, 9], [30, 4], [24, 12], [4, 14], [28, 30], [90, 12], [15, -17], [4, -17], [-25, -14], [7, -8], [73, -9], [24, -22], [43, -16], [22, -20], [39, -24], [16, -6], [107, 7], [28, 19], [24, 2], [15, -10], [-11, -18], [19, -5], [15, 17], [21, 10], [28, 4], [36, -5], [33, -16], [22, -4], [28, -11], [30, 6], [19, 15], [5, 29], [-2, 37], [11, 26], [8, 4], [24, -14], [20, -1], [30, -13], [31, -5], [49, 0], [29, 8], [33, 24], [8, 49], [-6, 18], [1, 24], [10, 16], [23, 20], [23, 38], [-8, 29], [1, 29], [-7, 43], [44, 42], [39, 24], [14, 20], [23, 11], [26, 25], [7, 12], [-14, 18], [-5, 21], [16, 69], [-23, 10], [-8, 13], [5, 32], [17, 58], [-3, 17], [-28, 10], [-40, -9], [-20, -14], [-18, 0], [-33, 24], [-3, 31], [-13, 10], [4, 14], [49, 41], [44, 6], [28, 0], [14, -6], [12, -22], [24, -1], [11, 9], [19, -3], [28, 2], [11, -16], [-5, -28], [-27, -16], [9, -15], [38, -2], [24, 3], [33, 23], [24, 8], [11, 10], [28, 3], [25, -6], [18, 1]], [[17767, 119733], [24, -11], [16, -33], [25, -68], [2, -21], [9, -15], [9, -56], [16, -31], [2, -26], [27, -21], [29, -5], [34, -15], [42, 3], [19, -14], [14, 5], [29, -17], [-51, -12], [-51, -24], [-88, -14], [-79, -7], [-163, -28], [-37, -566], [19, -398], [219, -297], [379, -625], [-352, -161], [-516, -32], [-68, 264], [-13, 303], [-350, -64], [-729, 705], [-437, 199], [-201, -135], [-103, 144], [100, 48], [174, 290], [28, 130], [483, 264], [217, 114], [184, 159], [59, 73], [10, -8], [40, -15], [14, -9], [5, -27], [25, -8], [22, 5], [12, 14], [45, -13], [41, 19], [55, -14], [10, -34], [16, 11], [18, 1], [18, -20], [45, 13], [2, -27], [27, -31], [-1, -31], [13, -11], [38, 8], [12, -16], [22, -1], [26, 14], [17, 0], [16, -12], [49, 7], [-1, -14], [32, -28], [-8, -7], [-33, -53], [-33, -18], [-29, 4], [-81, -30], [-16, -4], [-44, -18], [-29, -5], [-23, 11], [-29, -16], [-16, -16], [-32, -14], [-43, -33], [-8, -11], [-29, -6], [-31, 13], [-16, -8], [1, -18], [-19, -18], [-52, -88], [-44, -27], [-42, -16], [-19, -12], [-4, -12], [-24, -12], [-21, -26], [-20, -12], [-22, 3], [-58, -5], [-31, -8], [-84, -1], [-70, -30], [-30, -19], [-3, -8], [-34, -10], [-15, -19], [1, -21], [-17, -15], [-27, -16], [-27, -24], [-54, -8], [-26, -13], [-26, -27], [-9, -16], [-48, -16], [-11, -7], [-7, -37], [29, 9], [12, 15], [18, -2], [21, -11], [-1, -14], [29, -4], [38, -24], [24, 1], [8, 18], [20, 10], [27, -11], [31, 7], [23, -4], [39, 17], [18, -2], [53, -35], [35, 15], [-6, 25], [-16, 24], [-15, 8], [-9, 26], [10, 3], [0, 23], [18, 47], [18, 12], [8, 24], [22, 4], [38, -1], [21, 4], [4, -11], [45, -1], [53, 5], [25, -19], [21, 8], [26, 28], [33, 18], [7, 9], [29, 10], [25, 22], [27, 12], [6, 25], [27, 16], [24, -16], [19, -5], [30, 18], [5, 13], [34, 10], [36, -16], [37, 8], [-8, 33], [-10, 24], [11, 27], [32, 21], [14, 44], [18, 10], [17, -3], [2, -18], [-10, -9], [19, -15], [75, 31], [15, 20], [38, 36], [56, 23], [42, 2], [24, 15], [25, 30], [46, 17], [37, 0], [14, 17], [14, 5], [8, 22], [12, 15], [19, 47], [1, 32], [15, 18], [58, 49], [16, 19], [18, 53], [28, 24], [25, -5], [31, 43], [34, 24], [31, 2]], [[6385, 119370], [-22, 85], [118, 306], [61, 141], [75, 101], [137, 120], [62, 64], [35, 12], [54, 0], [33, -10], [40, -1], [40, 5], [41, 1], [53, -7], [49, 8], [124, 140], [158, 226], [47, 54], [147, 76], [267, 57], [207, 92], [167, 59], [97, 41], [142, 262], [225, 106], [261, 116], [111, 113], [89, 140], [75, 67], [371, -9], [451, -112]], [[10100, 121623], [-56, -210], [-514, -601], [4, 19], [-4, 18], [6, 22], [-13, 12], [-7, -29], [3, -11], [-17, -51], [-85, -61], [-1060, -769], [-169, -82], [-119, -69], [-67, -33], [-9, 13], [-17, -11], [14, -12], [-26, -16], [-23, -1], [-12, -19], [-76, -27], [-25, -29], [-11, -6], [-114, -29], [-795, -247], [-26, -15], [-15, 6], [-82, -20], [-24, 2], [-165, -46], [-211, 49]], [[23747, 3173], [-31, 4], [-55, 4], [-33, -3], [-60, -14], [-35, -1], [-38, 7]], [[23495, 3170], [-39, 30], [-54, -26], [-21, -4], [-24, 10], [-58, 49], [-51, 30], [-23, 10], [-27, 18], [-42, 40], [-33, 51], [-17, 16], [-21, 9], [-59, 7], [-15, 6], [-50, 39]], [[22961, 3455], [87, 97], [132, 149]], [[23180, 3701], [19, -25], [45, -55], [25, 31], [5, -7], [92, 114], [71, -88], [27, 32], [-68, 86], [144, 162], [16, -10], [39, 45], [11, 2], [29, -2]], [[23635, 3986], [26, -13], [3, 9], [80, -98], [108, -130], [-5, 41], [12, -12], [12, -1], [48, 9], [94, 21], [3, 18], [21, 1], [50, -62], [23, -26], [39, -49]], [[24725, 5001], [-16, -10], [-25, 1], [-63, 20], [-26, 0], [-6, 11], [-15, -7], [-17, 22], [-64, 0], [-74, 15], [-16, 7], [-12, -6], [-18, -1]], [[24373, 5053], [-14, 16]], [[24359, 5069], [-45, 52], [-23, 24], [-79, 89], [-18, 23], [-91, 103]], [[24103, 5360], [214, 250], [-35, 44], [87, 27], [96, 30]], [[24465, 5711], [125, -140], [36, -44], [35, -34], [119, -133], [69, -82]], [[24849, 5278], [-81, -29], [12, -80], [9, -42], [-23, 2], [-4, -14], [-23, -7], [-4, -23], [12, -64], [-22, -20]], [[23495, 3170], [-137, -120], [-12, 2], [-13, -12], [-17, -1], [-5, 8], [-16, -10], [-53, 28], [-16, 11], [-49, 64], [-9, -6], [-12, 21], [-27, -24], [-20, 5], [-20, -5]], [[23089, 3131], [-95, 45]], [[22994, 3176], [-22, 11], [20, 36], [-71, 32], [-41, 16], [1, 17], [-45, 8], [-4, -21], [-36, -227]], [[22796, 3048], [-29, -152], [-24, -145], [197, -37], [79, -158], [41, -85], [-6, -5], [23, -49], [7, 3], [32, -66], [-4, -3], [13, -28], [14, -16], [22, -42], [37, -77], [31, -56]], [[23229, 2132], [-93, -34], [-27, -28], [-17, -54], [-14, -23], [-13, -40], [-1, -12], [-16, -1], [-6, 17], [-37, -14]], [[23005, 1943], [-2, -14], [19, -23], [14, -23], [-2, -44], [-14, -19], [-41, -69]], [[22979, 1751], [-59, 81], [-1, 10], [9, 36], [-68, 45], [-43, 85], [-3, -2], [-42, 76], [-26, -17], [-16, 18], [-68, -70], [16, -41], [-5, -4], [-19, -80], [8, -11], [26, -46], [43, 6], [93, 66], [32, -69], [5, -3], [68, -151]], [[22929, 1680], [-57, -70], [-39, -36], [-35, -29], [-56, -35], [-54, -26], [-51, -18], [-78, -30], [-41, -19], [-62, -35], [-33, -28]], [[22423, 1354], [-61, 80], [-35, 50], [-121, 151], [-323, 416], [-83, 104], [6, 32], [74, 336], [76, 343], [7, 35], [12, 45], [9, 46], [24, 111], [27, 134], [41, 203], [15, 80], [51, 269], [23, 136], [5, 29], [5, 21]], [[22175, 3975], [29, -27], [45, -56], [29, -57], [28, -84], [12, -53], [14, -52], [16, -33], [34, -40], [24, -12], [24, -8], [16, -1], [151, 2], [137, 10], [0, -11], [20, -8], [47, -32], [43, -18], [39, -6], [57, -22], [21, -12]], [[24081, 2390], [-69, -76], [-31, -16], [-37, -7], [-70, -2], [-34, -24]], [[23840, 2265], [-13, -10]], [[23827, 2255], [-58, 120]], [[23769, 2375], [58, -4], [7, -4], [27, 13], [32, 53], [22, -27], [28, 11], [28, -23], [41, 6], [69, -10]], [[23606, 5926], [41, -49]], [[23647, 5877], [-63, -26], [13, -23], [11, 4], [11, -36], [-16, -5], [9, -24], [20, 2], [1, -10], [23, 5], [-2, -20], [-12, -20], [-11, 11], [-71, -10], [-24, -8]], [[23536, 5717], [-25, 45], [-3, 35], [-34, 63], [5, 48], [-16, 35], [-75, -19], [-20, -4], [8, -50], [-18, -3], [-3, -9], [5, -48], [-14, -8], [-40, -14], [-9, 23], [-61, -12], [-13, 13], [-33, -47], [-33, -37], [56, -29], [58, -37], [11, -30], [-28, -10], [8, -19], [4, -21], [8, -6], [13, -24], [23, -30], [5, -25], [-3, -17], [-64, -19]], [[23248, 5461], [-87, 33], [-68, 28], [-101, 38], [-5, -23]], [[22987, 5537], [-203, 87], [-27, 11], [-155, 67], [-97, 43], [-39, 16]], [[22466, 5761], [5, 67]], [[22471, 5828], [23, 138], [5, 73], [5, 43], [6, 35], [9, 69], [19, 131], [13, 34], [10, 83], [51, 234], [7, 77], [108, -123]], [[22727, 6622], [86, -98], [14, -19], [68, -82], [4, 4], [53, -65], [61, 73], [50, -54], [16, 5], [11, 14], [18, -23], [18, -1], [20, 19], [10, 19], [13, 35], [50, -64], [67, 76], [45, 49], [28, 34]], [[23359, 6544], [63, -68], [-62, -70], [25, -40], [42, -47], [-28, -34], [13, -15], [-10, -12], [35, -42], [67, 70], [28, 34], [35, -42], [-10, -6], [3, -18], [-7, -5], [14, -20], [56, -60], [4, -24], [29, -10], [17, 7], [0, 16], [13, 7], [18, -23], [-44, -59], [-27, -32], [-27, -28], [-36, -50], [36, -47]], [[24997, 81], [-216, 2], [-166, -3], [-190, -4], [-101, -3], [-183, -11], [-149, -8], [-179, -12], [-72, -3], [-324, -21], [-118, -8], [-77, -6], [-98, -4], [-55, 2], [-155, 1], [-111, 4], [-120, 1], [-76, -1], [-227, -2], [-88, 6], [-17, -1], [-165, 14], [-101, 5], [-85, 7], [-74, 2], [-164, 9], [-189, 2], [-55, 4], [-172, 2], [-101, 2], [-49, -1], [-99, 1], [-7, -3], [-23, 37], [38, 72], [26, 31], [36, 25], [42, 26], [23, 17], [62, 39], [69, 47], [50, 6], [52, 9], [39, 0], [31, 6], [40, 21], [61, 34], [120, 87], [6, 11], [27, -3], [110, 231], [101, 216], [91, 71], [173, 88], [235, 229]], [[22929, 1680], [33, 42]], [[22962, 1722], [56, -80], [149, 3], [98, -37]], [[23265, 1608], [72, -22], [80, -11], [177, 14], [-13, 37], [6, 6], [62, 23], [67, 29], [5, 4], [-13, 38], [137, 69], [96, 45]], [[23941, 1840], [1, -8], [116, 24], [48, 80], [53, -45], [66, -84], [33, 85], [32, -39], [95, -121], [91, 226], [8, 8], [0, 15], [-26, 2], [-4, 5], [19, 33], [-12, 19], [5, 23], [17, 31], [6, 34], [16, 36], [10, 16], [-4, 38], [7, 13]], [[24518, 2231], [53, -69]], [[24571, 2162], [56, -69], [207, -262]], [[23724, 7204], [-127, -142], [-38, -48], [-20, -19], [-7, -13], [-72, -84], [-83, 91], [-57, 61], [-24, 29], [-64, 70], [-106, -123], [21, -28], [-77, -80], [-13, -8], [-29, -31], [14, -17], [-14, -15], [-26, 30], [-5, -6], [-23, 32], [-70, -77], [-78, -101], [-99, -103]], [[22471, 5828], [-9, 0], [-84, 18], [-241, 53], [-93, 20], [-3, -14], [-40, 9], [-17, -156], [-5, -60], [-11, -134], [-19, -173], [-10, -80], [-8, -44]], [[21931, 5267], [-161, 30], [-154, 31]], [[21616, 5328], [-82, 14], [9, 67]], [[21543, 5409], [5, 65], [7, 62], [6, 35], [0, 37], [24, 108], [10, 26], [11, 74], [3, 46], [8, 62], [13, 77], [3, 58], [-1, 29], [17, 135], [16, 88], [13, 55], [-203, 32], [-68, 8], [-85, 17], [-60, 17], [-240, 39], [-31, 7], [-77, 10], [-88, 10]], [[20826, 6506], [10, 106], [33, 170], [-31, 4], [-26, -2], [-30, 3], [-125, 3], [-56, 1], [-3, -191], [-74, -5], [-83, -4], [5, 102], [-27, 3], [1, 97], [-99, 2], [-109, -1], [-15, -1], [-67, 4], [-120, 0], [-77, 2], [-345, -1], [-63, 1], [-1, 150], [-1, 24], [4, 172], [2, 38], [-1, 29], [-3, 262], [-11, 219], [-64, -2], [-192, 1], [4, 57], [10, 115], [8, 107], [25, 340], [4, 28], [7, 133]], [[19316, 8472], [83, 0], [45, 1], [58, -3], [-4, 48], [-3, 91], [2, 112], [0, 62], [-5, 104], [0, 77], [-11, 163], [111, -2], [45, 2], [184, 18], [40, 2], [-3, 252], [0, 460], [3, 212], [-1, 196], [-91, -4], [-83, -3], [-106, -11], [-83, -5], [-77, 2], [-87, 0], [4, 98], [-93, 4], [1, 41], [-7, 174], [-1, 148], [-2, 280], [2, 173], [-1, 201], [47, 58], [52, -59], [12, 24], [8, 77], [-2, 41], [3, 107], [25, 98], [16, 205], [21, 87], [4, 35], [0, 39], [11, 55], [16, 15], [24, 41], [-4, 27], [8, 7], [12, -16], [20, 0], [3, -42], [18, -19], [13, 16], [18, -8], [11, -35], [2, -32], [17, -12], [10, 8], [7, -18], [19, -8], [6, -10], [1, -28], [4, -15], [11, 6], [20, -6], [11, 3], [12, -17], [1, -22], [24, -4], [-37, -52], [-10, -328], [145, 59], [10, -365], [-5, -19], [54, -60], [66, 75], [75, 87], [164, 182], [96, 108], [-18, 20], [-410, 479], [106, 122], [258, 295], [262, 299]], [[21249, 8922], [-31, -133], [-75, 0], [1, 98], [-88, 4], [-1, 52], [14, 14], [-2, 9], [-118, -1], [3, -52], [0, -35], [12, -9], [6, -20], [-1, -13], [-15, -3], [-13, -17], [10, -29], [0, -25], [10, -5], [-2, -49], [5, -211], [61, 8], [-30, -121], [-41, -204], [33, -9], [-13, -69], [117, 3], [-11, -73], [-51, -238], [-20, -124], [39, -13], [38, -9], [-12, -87], [19, -6], [91, -21], [-15, -87], [-27, 5], [-23, -107], [43, -12], [34, -2], [9, -7], [49, -14], [42, -17], [103, -53], [20, -5], [39, 2], [25, 143], [29, 161], [34, 215], [22, 131], [41, 279], [2, 34], [3, 99], [17, 215], [32, 193], [5, 21], [-117, 142], [-98, 109], [-116, 132], [-37, 41], [-51, -230]], [[22423, 8037], [-54, -65], [-22, -28], [-85, 94], [-34, 36], [-20, -78], [-28, -137], [-28, -126], [-6, -37], [-21, -104], [-8, -60], [-12, -77], [-65, 17], [-16, -108], [77, -14], [-16, -112], [-22, -131], [93, -15], [147, -28], [132, -30], [124, -32], [96, -23], [19, 89], [102, 118], [-61, 76], [5, 26], [8, -5], [90, 85], [16, -17], [80, 102], [-49, 57], [2, 2], [-58, 69], [-89, 110], [-74, 78], [-34, 44], [-66, 79], [5, 7], [-48, 47], [-80, 91]], [[22797, 4215], [-6, -62], [-16, -106], [-4, -15], [-9, -57], [-14, -115], [14, -3], [100, 108], [93, 103], [66, -75], [110, -135], [13, 15], [25, -32], [65, -80], [-54, -60]], [[22175, 3975], [-44, 24], [-24, 8]], [[22107, 4007], [17, 52], [13, 11], [19, 5], [-6, 12], [9, 12], [0, 13], [-26, 17], [2, 42], [18, 1], [1, 9], [-10, 29], [2, 14], [17, 27], [10, 30], [26, 28], [13, 4], [2, 16], [-13, 23], [1, 13], [13, 17], [9, 20]], [[22224, 4402], [42, -11], [-10, -32], [48, -12], [22, -2], [46, -10], [66, 28], [26, 27], [15, -45], [27, -11], [23, 4], [28, -12], [24, -82], [12, 4], [109, -21], [95, -12]], [[22903, 4938], [-291, 127], [-4, 10], [-159, 73], [-57, 23]], [[22392, 5171], [28, 176], [31, 199], [12, 174], [3, 41]], [[22987, 5537], [-4, -41], [-5, -10], [-11, -65], [-28, -172], [-15, -160], [-21, -151]], [[20826, 6506], [-24, -232], [-18, -107], [-34, -216], [-33, 5], [-76, -352], [208, -56], [56, -17], [18, -3], [34, 6], [31, 0], [33, -3], [171, -31], [32, -3], [79, -18], [87, -32], [153, -38]], [[21616, 5328], [-15, -133], [-28, -196], [-23, -131], [-11, -92], [-33, -209], [-16, -111], [-16, -100], [-13, -72], [-6, -51]], [[21455, 4233], [-29, 24], [-67, 39], [-79, 40], [-48, 32], [-17, 15], [-21, 26], [-26, 41], [-19, 17], [-33, 12], [-40, -6], [-55, -20], [-70, -17], [-54, -8], [-104, -20], [-30, -3], [-22, 2], [-28, 8], [-69, 28], [-69, 21], [-69, 15], [-61, 3], [-82, -17], [-36, -6], [-22, 0], [-53, 7], [-66, 17], [-58, 18], [-98, 10], [-58, 10], [-50, 6], [-34, -5], [-26, -11], [-26, -22], [-24, -32], [-33, -52], [-17, -24], [-45, -53], [-44, -42], [-72, -57], [-40, -25], [-80, -36], [-41, -12], [-30, -5], [-65, -3], [-51, -8], [-26, -12], [-74, -49], [-34, -16], [-38, -10], [-40, -4], [-86, 13]], [[18996, 4062], [7, 49], [13, 64], [32, 182], [29, 138], [-14, 8], [10, 17], [21, 113], [43, 201], [10, 52], [24, 148], [-105, -9], [-59, -8], [-114, -9], [-1, 90], [-5, 67], [-169, -26]], [[18718, 5139], [13, 101], [-5, 178], [0, 69], [-6, 96], [-6, 144], [-115, -11], [-3, 104], [-4, 252], [-54, -13], [-525, -102]], [[18013, 5957], [0, 456], [0, 376], [-61, -2], [-1, 278], [-4, 303], [3, 130], [0, 151], [491, 4], [317, 2], [0, 42]], [[18758, 7697], [130, -4], [5, 201], [91, -5], [4, 178], [70, 1], [0, 174], [84, 2], [2, 227], [172, 1]], [[18758, 7697], [-3, 85], [-4, 122], [-11, 221], [-2, 84], [1, 143], [3, 113], [-65, 1], [-2, 107], [-159, -1], [-79, -1], [-157, -1], [-263, 4], [-96, -3], [-35, 2], [-294, 0], [-105, -1], [-82, 1], [-100, 0], [-238, 2], [-113, -5], [-79, 0], [0, -11], [11, -24], [13, -70], [-13, -34], [-28, -45], [-35, -32], [-5, -20], [2, -48], [19, -38], [2, -50], [-101, -12], [-17, 0], [-115, 6], [-235, -6], [-7, -33], [-24, 25], [-7, 19], [14, 35], [-9, 13], [-28, 10], [-12, 30], [-7, 33], [5, 38], [-7, 33], [10, 34], [21, 36], [4, 23], [-13, 24], [-27, 21], [-4, 31], [6, 29], [14, 25], [18, -1], [12, 41], [14, 29], [2, 25], [-8, 35], [7, 26], [27, 61], [10, 56], [10, 32], [5, 34], [-15, 39], [1, 21], [-28, 21], [-19, 7], [-35, 25], [-12, 17], [-21, 16]], [[16270, 9096], [171, 9], [280, 7], [-4, 239], [-2, 173], [2, 244], [7, 241]], [[16724, 10009], [97, 0], [99, 0], [160, 0], [99, 2], [43, 0], [124, 5], [89, -6], [191, 2], [112, 5], [62, -5], [8, 19], [0, 13], [-18, 41], [-29, 55], [-5, 27], [-25, 30], [-52, 32], [-35, 12], [-12, 12], [-14, 24], [-31, 36], [-28, 65], [-5, 16], [4, 27], [22, 15], [46, 4], [89, 0], [93, 3], [147, 0], [-2, 52], [18, 43], [-2, 22], [-9, 14], [-38, 18], [-6, 9], [-10, 33], [0, 46], [7, 14], [20, 6], [30, 22], [19, 33], [-9, 6], [1, 15], [-10, 13], [-15, 52], [-78, 3], [-2, 95], [82, 1], [0, 369], [-168, -8], [-3, 135], [-77, -1], [-15, 5], [-16, -5], [-4, -16], [-88, -2], [-191, 0], [-215, -1], [0, 44], [1, 207], [0, 94], [-3, 110], [-3, 7], [-105, -1], [-165, 1], [-355, 3], [1, -106], [-1, -156], [1, -63], [-5, -108], [6, -163], [-2, -140], [3, -174], [6, -174], [2, -225], [2, -148], [1, -174], [2, -86], [-1, -31], [3, -124]], [[16562, 10009], [0, -46], [-75, -1], [-267, -1], [-69, -2], [-168, -3], [-92, 2], [-102, -5], [-85, -2], [13, 15], [17, 60], [12, 20], [2, 13], [-47, 55], [-9, 15], [-5, 37], [2, 35], [9, 46], [20, 28], [4, 24], [-5, 23], [5, 16], [13, 10], [77, 33], [17, 13], [29, 13], [29, 17], [15, 13], [14, 38], [-3, 44], [-6, 26], [-21, 39], [-9, 49], [2, 18], [13, 37], [-8, 30], [-16, 20], [4, 15], [15, 21], [-1, 23], [-7, 22], [-10, 19], [-11, 5], [-18, -2], [-17, -9], [-13, -21], [-9, 1], [-15, 28], [-7, 30], [10, 77], [-2, 21], [-22, 0], [-260, -2], [1, -350], [-6, -407], [1, -19], [-88, 1], [-84, -2], [11, -14], [-3, -42], [-9, -17], [9, -31], [-24, -9], [-23, 21], [-7, -4], [-15, 15], [-28, 24], [8, 18], [-8, 6], [-22, -9], [-9, -10], [-11, -1], [-13, 12], [-18, -10], [-14, -1], [-10, -25], [-15, -13], [9, -21], [-16, 0], [-17, -22], [-14, -35], [-17, 2], [3, -22], [-6, -4], [-12, -27], [-22, -37], [0, -16], [-18, -21], [-27, -18], [-5, -33], [-8, -14], [-15, 3], [-12, 10], [-1, -38], [7, -6], [-16, -39], [-11, -8], [-6, -28], [-18, 3], [1, -12], [-20, -17], [-6, -14], [-10, -1], [0, 23]], [[14871, 9707], [-5, 480], [-3, 138], [0, 154], [3, 485], [0, 299], [-2, 625], [-6, 170], [-2, 225], [0, 262], [0, 482], [3, 391], [2, 352], [1, 175], [3, 1130], [0, 160], [-3, 369], [-5, 623]], [[14857, 16227], [149, -162], [329, -358], [312, -340], [27, 36], [10, 3], [23, 28], [7, 18], [-6, 27], [17, 11], [23, 40], [14, 7], [6, 11], [13, 0], [2, 14], [12, 10], [6, 13], [26, 4], [-2, 17], [18, 14], [20, 35], [14, 12], [1, 14], [11, 6], [26, 51], [36, 16], [1, 22], [23, 24], [9, 19], [11, 6], [6, 24], [10, 4], [6, 15], [23, 22], [25, 30], [13, 3], [18, 28], [-2, 26], [32, 17], [51, 46], [18, -20], [22, 24], [24, 21], [51, 6], [35, 19], [21, -3], [12, -8], [18, -21], [21, -10], [8, -22], [50, -29], [42, -33], [19, -23], [32, -10], [33, -34], [-6, -51], [0, -39], [5, -24], [9, -10], [50, -26], [47, 11], [9, -4], [19, 45], [-14, 12], [-3, 20], [-7, 20], [11, 19], [11, -11], [67, -26], [15, 3], [8, -10], [34, 36], [59, 14], [27, -17], [35, -10], [1, -25], [6, -21], [-8, -10], [-1, -33], [9, -58], [1, -54], [31, -24], [10, -18], [4, -30], [9, -35], [20, -26], [7, -22], [19, -21], [-16, -19], [-11, -46], [14, -42], [-6, -11], [6, -13], [-5, -13], [14, -5], [12, -45], [-16, 4], [-16, -14], [6, -12], [-7, -10], [-3, -22], [4, -39], [10, -38], [26, 8], [26, 3], [13, -3], [54, 15], [18, 18], [23, 45], [23, 25], [23, 32], [8, 32], [9, 5], [30, 3], [14, -6], [7, 5], [11, 30], [15, 15], [26, 34], [19, 33], [12, 37], [21, 34], [6, 20], [9, 10], [5, 15], [25, 44], [6, 42], [19, 10], [20, 28], [25, 4], [14, 14], [7, 27], [38, 58], [17, 0], [29, 17], [17, 26], [17, 36], [0, 19], [19, 31], [4, 29], [-5, 16], [4, 20], [13, 32], [3, 24], [17, 29], [6, 32], [-7, 13], [-4, 28], [-7, 18], [-30, 27], [-13, 29], [-7, 34], [11, 48], [1, 12], [22, 53], [18, 61], [6, 30], [14, 30], [9, 12], [24, 16], [27, 31], [28, 27], [19, 24], [9, 31], [14, 15], [14, 49], [51, 66], [9, 17], [12, 9], [12, 23], [18, 17], [31, 39], [9, 48], [11, 29], [4, 20], [-4, 47], [2, 22], [10, 24], [-4, 35], [12, 54], [13, 32], [23, 39], [10, 4], [6, 19], [-5, 24], [22, 26], [5, 14], [10, 0], [15, 20], [19, 62], [26, 49], [23, 32], [13, 10]], [[18996, 4062], [-40, -4], [-33, -7], [-38, 10], [-18, 10], [-56, 39], [-28, 10], [-70, 5], [-30, -1], [-28, -4], [-26, -9], [-224, -177], [-13, -12], [-18, -36], [-12, -14], [-39, -33], [-52, -34], [-53, -30], [-11, -1]], [[18207, 3774], [0, 23], [-3, 25], [-3, 46], [-18, 155], [-1, 45], [-7, 47], [-9, 76]], [[18166, 4191], [-1, 83], [-13, 159], [138, 17], [104, 11], [154, 17], [-11, 111], [11, 2], [0, 83], [-12, 123], [-27, 310], [209, 32]], [[14871, 9707], [-16, -2], [-11, 9], [-16, -9], [-9, -28], [23, -11], [-1, -8], [-26, -1], [2, -19], [-10, -25], [2, -15], [9, -8], [-2, -17], [-9, -9], [-3, -18], [-8, -14], [-25, -26], [-30, -42], [5, -11], [-3, -21], [-9, -6], [-9, -31], [-16, -20], [-14, -24], [-11, -38], [-16, -27], [-18, -9], [-12, -23], [-17, -5], [-4, -13], [-29, -20], [-7, 7], [-23, -37], [-31, -18], [5, -7], [342, -8], [2, -67], [544, 0], [378, 11], [62, -1], [100, 2], [84, -1], [83, 1], [110, -4], [33, 2]], [[18013, 5957], [1, -4], [-123, -12], [-135, -9], [-136, -12], [-93, -8], [23, -201], [5, -35], [15, -140], [4, -91], [14, -158], [25, -228], [7, -107], [-48, -6], [-115, -16], [-7, 2]], [[17450, 4932], [-6, 11], [-29, 6], [-25, 12], [-33, 2], [-31, 36], [-28, 5], [-44, 24], [-38, 5], [-6, 5], [-16, 32], [-2, 9], [12, 58], [20, 37], [24, 30], [-9, 51], [7, 10], [2, 28], [-17, 26], [-25, 8], [-7, 20], [6, 20], [-10, 19], [-12, 33], [-11, 17], [-30, 38], [-8, 23], [3, 25], [-4, 16], [-21, 42], [-7, 22], [-27, 45], [-18, 15], [-20, 24], [-13, 30], [2, 15], [-18, 29], [-3, 37], [-18, 32], [-104, -18], [-59, -6], [-64, -10], [-51, -5], [-114, -23], [-4, 130], [0, 137], [-1, 148], [3, 112], [-119, 0], [-117, 4], [-343, -2], [-143, 2], [0, -27], [-14, -44], [1, -13], [23, -39], [1, -13], [14, -9], [10, -42], [17, -27], [6, -16], [-1, -15], [-16, -16], [-44, 5], [-16, -14], [-3, -15], [13, -55], [-6, -27], [6, -19], [-2, -56], [21, -17], [15, -26], [-1, -28], [-22, -50], [-21, -3], [-20, -26], [-34, -28], [-4, -9], [12, -57], [-17, -27], [3, -27], [-28, -24], [-22, -7], [-16, -2], [-1, -13], [14, -58], [18, -23], [-4, -26], [15, -8], [12, -16], [62, 6], [112, 13], [103, 14], [144, 23], [13, -172], [8, -121], [4, -153], [6, -88], [15, -104], [7, -103], [12, -214], [-4, -14], [0, -32], [5, -73]], [[16270, 4363], [-270, -37], [-63, -5]], [[15937, 4321], [-78, -9], [-16, -1], [-40, -7], [48, -453], [4, -178], [1, -13], [18, -81], [5, -42], [2, -50], [8, -102]], [[15889, 3385], [27, -271], [29, -275]], [[15945, 2839], [-43, 59], [-43, 50], [-53, 79], [-59, 126], [-48, 92], [-47, 52], [-11, 14], [-75, 68], [-16, 7], [-132, 58], [-103, 76], [-102, 53], [-69, 42], [-65, 17], [-143, 13], [-56, -6], [-50, 0], [-108, 13], [-36, -2], [-38, -15], [-72, -34], [-23, -27], [-21, -226], [-7, -28], [-20, -18], [-69, -3], [-63, -11], [-58, -5], [-20, -9], [-86, -52], [-31, -2], [-153, 3], [-17, 5], [-43, 23], [-40, 24], [-95, 86], [-43, 50], [-57, 54], [-83, 57], [-56, 15], [-36, 8], [-23, 8], [-56, 66], [-10, 13], [-14, 19], [-16, -8], [-53, -13], [-30, 7], [-89, 36], [-18, 9], [-88, 28], [-129, 32], [-20, 10], [-40, 40], [-14, 10], [-10, 0], [-19, 17], [-12, 5], [-47, 54], [-19, 13], [-35, 34], [-12, 14], [-35, 91], [-10, 21], [-9, 33], [-9, 11], [0, 33], [5, 26], [4, 69], [-1, 39], [10, 54], [0, 22], [4, 37], [-4, 15], [-19, 16], [-14, 7], [-28, 26], [-8, 16], [-10, 46], [-10, 24], [-30, 55], [-9, 13], [-31, 30], [-9, 15], [-4, 26], [18, 52], [10, 20], [16, 8], [33, 10], [10, 6], [9, 26], [9, 15], [0, 12], [-19, 46], [-18, 37], [-3, 22], [16, 34], [-2, 11], [-28, 30], [-16, 30], [0, 24], [-27, 4], [-17, -10], [-25, -5], [-41, 13], [-14, 10], [-46, 4], [-19, 9], [-45, 29], [-20, 24], [-18, 9], [-2, 55], [17, 30], [-1, 13], [-21, 19], [12, 18], [2, 18], [-12, 18], [-1, 24], [-9, 24], [-8, 65], [-16, 39], [-9, 36], [6, 24], [23, 59], [20, 34], [9, 29], [6, 31], [-14, 87], [-4, 43], [4, 41], [14, 73], [4, 33], [-36, 59], [-16, 58], [-5, 24], [-19, 15], [-16, 6], [-63, 9], [-20, 11], [-106, 74], [-35, 17], [-32, 5], [-107, 10], [-80, 38], [-53, -8], [-55, -19], [-27, -14], [-7, -14], [-2, -16], [13, -21], [-1, -23], [4, -14], [17, -30], [-1, -37], [19, -25], [19, -8], [13, -11], [11, -34], [23, -24], [-2, -34], [-17, -18], [-18, -2], [-28, 13], [-26, 3], [-9, -4], [-8, -27], [19, -77], [35, -120], [10, -48], [0, -16], [-5, -25], [-21, -37], [-44, -46], [-26, -18], [-52, -10], [-152, -11], [-11, 4], [-17, 16], [-10, 10], [-51, 71], [-19, 24], [-24, 21], [-32, 10], [-27, -5], [-45, -4], [-31, 9], [-16, 13], [-21, 52], [-33, 68], [-23, 29], [-37, 24], [-33, 16], [-35, 9], [-53, 5], [-44, 11], [-41, 18], [-49, 41], [-44, 32], [-43, 24], [-51, 14], [-55, 26], [-33, 45], [-36, 79], [-15, 26], [-81, 138], [-9, 37], [-12, 18], [-2, 49], [-11, 16], [-31, 11], [-46, 33], [-23, 32], [-40, 50], [-23, 54], [-10, 75], [-13, 65], [-7, 49], [-3, 49], [-1, 23], [13, 71], [29, 81], [-1, 21], [-10, 27], [-17, 15], [-111, 49], [-19, 14], [-72, 104], [-124, 122], [-41, 19], [-37, 28], [-34, 14], [-120, 102], [-95, 71], [-112, 100], [-83, 67], [-127, 117], [-78, 69], [-111, 103], [-126, 70], [-50, 27], [-33, 4], [-15, 7], [-92, 66], [-22, 14], [-35, 26], [-11, 11], [-41, 32], [-23, 14], [-22, -1], [-12, -33], [-2, -14], [-20, -46], [-16, -14], [-22, 1], [-54, 40], [-45, 23], [-31, 7], [-100, 7], [-124, 13], [-48, 11], [-40, 22], [-44, 19], [-49, 14], [-70, 19], [-21, -2]], [[7902, 8416], [6, 72], [-3, 25], [-8, 16], [-19, 56], [7, 40], [10, 12], [5, 22], [10, 29], [-7, 54], [-1, 35], [-12, 14], [-8, 23], [14, 33], [1, 11], [-10, 38], [14, 11], [8, 17], [24, 36], [4, 15], [-4, 25], [-16, 1], [-1, 22], [15, 21], [7, 2], [1, 33], [9, 47], [-1, 29], [11, 18], [41, 36], [5, 35], [-5, 23], [7, 30], [9, 14], [12, 5], [5, 26], [10, 10], [9, 38], [21, 57], [16, 22], [3, 19], [7, 10], [21, -2], [10, 8], [34, 7], [10, 8], [7, 20], [13, 10], [11, -1], [11, 13], [8, 29], [-2, 10], [10, 35], [0, 24], [22, 23], [18, 6], [29, 19], [3, 12], [21, 27], [16, 11], [8, 21], [-7, 33], [-14, 34], [-16, 12], [-12, 21], [-16, 15], [-2, 22], [-14, 23], [-18, 17], [3, 26], [10, 27], [10, 1], [1, 15], [-48, 58], [-6, 16], [-14, 12], [8, 23], [11, 16], [10, 46], [3, 27], [16, 29], [-4, 16], [11, 21], [-2, 15], [6, 22], [0, 21], [11, 62], [-5, 28], [-10, 21], [13, 18], [1, 21], [-6, 23], [-22, 29], [-13, -4], [-26, 15], [-12, 26], [-10, -2], [-11, 18], [4, 14], [-5, 12], [22, 8], [25, 19], [17, 21], [3, 23], [-10, 32], [-32, 22], [-16, 38], [5, 41], [-6, 18], [-22, 20], [-3, 17], [4, 14], [-8, 27], [17, 20], [4, 12], [14, 6], [26, 52], [-8, 31], [-21, 9], [-7, 43], [-7, 14], [-2, 30], [-10, 17], [-16, 14], [-5, 16], [-22, 14], [-25, -1], [-25, 26], [-39, 36], [-21, 12], [-20, 0], [-16, 11], [-6, 12], [-9, 33], [-19, 7], [-20, 34], [-19, 21], [-21, 17], [-15, 56], [2, 36], [-9, 13], [11, 28], [9, 8], [15, 0], [8, 16], [-6, 30], [10, 12], [21, 9], [1, 16], [9, 20], [29, 10], [7, 11], [5, 25], [-3, 26], [-16, 24], [-3, 28], [3, 11], [31, 14], [10, 18], [17, 16], [0, 20], [18, -1], [7, 28], [-8, 20], [-3, 22], [-24, 19], [-10, 22], [15, 10], [-5, 27], [-12, 42], [17, 28], [-3, 20], [-14, 21], [1, 25], [-8, 8], [3, 29], [-10, 7], [11, 43], [-8, 13], [12, 29], [-20, 40], [-19, 19], [26, 23], [0, 33], [-6, 22], [-17, 36], [2, 24], [8, 27], [12, 11], [-1, 12], [11, 28], [26, 1], [10, 11], [7, 25], [-8, 25], [-10, 19], [9, 9], [0, 28], [-26, 16], [-27, 40], [-26, 9], [-4, -8], [14, -14], [17, -8], [8, -18], [24, -11], [-5, -38], [-12, -11], [-31, 6], [-29, 16], [-9, -14], [1, -24], [-19, -6], [-3, 14], [11, 12], [2, 27], [-11, 7], [-20, -3], [-8, 21], [-10, -12], [0, -13], [-16, 2], [-19, 12], [-10, -1], [-17, 15], [-10, -3], [-5, -14], [-14, -3], [-21, 19], [-1, 8], [-18, 18], [6, 21], [18, 2], [21, -11], [16, -15], [7, 7], [-17, 22], [-29, 24], [-10, 40], [-10, 19], [5, 40], [-9, 6], [4, 21], [-10, 11], [8, 17], [12, 2], [13, -7], [8, 29], [12, 16], [-5, 26], [11, 39], [-14, 20], [11, 13], [0, 16], [7, 22], [-21, 1], [-13, 23], [13, 41], [11, 22], [7, 31], [11, 5], [18, 24], [2, 17], [13, 9], [4, 20], [18, 35], [15, 13], [6, 18], [-3, 12], [6, 29], [-2, 13], [3, 82], [9, 6], [19, -10], [12, -21], [12, -55], [-1, -57], [5, -43], [-2, -16], [6, -19], [-6, -9], [5, -14], [-7, -10], [4, -16], [-6, -10], [-20, -63], [4, -38], [-1, -36], [6, -41], [-3, -20], [10, -3], [-3, 29], [5, 8], [1, 32], [5, 18], [0, 55], [5, 20], [4, 46], [9, 36], [-5, 14], [10, 22], [4, 28], [13, 6], [2, 22], [-2, 27], [5, 24], [-12, 21], [4, 9], [-28, 61], [1, 29], [-3, 25], [2, 31], [-2, 30], [8, 14], [3, 22], [18, 24], [-23, 21], [-11, 72], [4, 27], [-8, 11], [8, 57], [6, 29], [18, 40], [11, 19], [6, 20], [21, 41], [-6, 4], [-17, -16], [4, 54], [9, 20], [-6, 13], [-16, -33], [4, -10], [-12, -26], [-11, -11], [-16, -8], [4, -27], [-6, -16], [-10, -2], [-8, 20], [-4, 47], [7, 20], [0, 15], [10, 3], [-1, 26], [5, 4], [1, 49], [4, 17], [-3, 30], [16, 7], [2, 17], [31, 16], [-3, 21], [-12, 26], [-1, 13], [13, 1], [24, 40], [1, 41], [-8, 1], [-1, 52], [8, 26], [-7, 41], [-7, 19], [-25, 20], [-15, 21], [1, 21], [-21, 16], [-15, -7], [-2, 19], [17, 0], [17, 6], [5, 13], [-24, 20], [7, 13], [-2, 17], [9, 14], [-12, 11], [4, 32], [8, 12], [-10, 27], [1, 11], [11, 19], [-7, 6], [3, 23], [-11, 57], [2, 16], [-22, -2], [-7, 10], [-4, 27], [27, 18], [-18, 19], [-1, 11], [14, 14], [-18, 27], [3, 22], [-9, 25], [2, 10], [-6, 25], [8, 24], [13, 14], [-8, 26], [-1, 19], [4, 33], [-5, 22], [7, 6], [1, 18], [-7, 17], [2, 17], [-12, 21], [-10, 28], [7, 29], [-8, 47], [3, 15], [-4, 93], [-3, 16], [-52, 45], [-124, -1], [-3, 16], [-9, 16], [-14, 12], [-37, 20], [-8, 30], [2, 12], [11, 4], [-22, 18], [-14, 16], [-2, 21], [-5, 8], [-14, -9], [-9, 23], [98, -4], [427, 1], [251, 1], [393, 1], [3, 136], [589, 3], [294, -3], [-2, -271], [-4, -514], [-2, -212], [4, -2], [509, 0], [583, 1], [512, 1], [161, 3], [2, 418], [0, 256], [1, 320], [206, 0], [99, 1], [256, 0], [76, 4], [278, -5], [392, -4], [453, -4], [0, 220], [0, 123], [0, 247], [1, 247], [0, 385], [2, 258], [0, 129], [2, 256], [2, 298]], [[13154, 18049], [82, -82], [241, -240], [247, -241], [44, -44], [170, -191], [290, -330], [303, -331], [151, -167], [150, -167], [25, -29]], [[62753, 105911], [-50, -53], [-138, 70], [-74, 11], [-66, -54], [-191, -20], [-47, -20], [-106, 12], [-75, 41], [-34, 6], [-66, -82], [-124, -32], [-221, -76], [-141, -26], [-50, -19], [-35, -75], [39, -41], [-68, -59], [-17, -47], [39, -63], [96, -36], [232, -131], [16, -55], [125, -55], [18, -135], [51, -29], [141, 48], [27, 60], [41, 8], [86, -76], [83, -19], [110, 24], [50, -27], [4, -53], [-4, -25], [34, -43], [-19, -46], [21, -179], [-40, -51], [-122, -29], [-102, 41], [-58, 15], [-38, -41], [-100, 0], [-123, 14], [-131, -9], [-4, -11], [44, -37], [127, -46], [77, -70], [6, -71], [-47, -71], [-102, -55], [-167, 10], [-86, -35], [-64, -14], [-185, 55], [-128, 54], [-101, -3], [-14, -30], [148, -135], [23, -69], [47, -104], [40, -150], [86, -172], [137, 3], [99, 66], [147, -41], [22, -64], [-24, -72], [63, -29], [94, 22], [67, 35], [127, -43], [3, -89], [-33, -66], [24, -17], [122, 57], [30, -39], [-42, -78], [-17, -80], [-73, -41], [-31, -92], [-72, -76], [-84, 45], [-153, 38], [-61, -22], [-42, -113], [112, -54], [10, -44], [-170, -19], [-77, -83], [8, -46], [-90, 6], [-35, -65], [137, -93], [15, -62], [-47, -30], [-58, -26], [0, -84], [98, -157], [-30, -151], [-53, -61], [36, -34], [112, 3], [102, -55], [-45, -74], [-112, -96], [-153, -115], [-193, -53], [-73, -43], [-36, -141], [65, -215], [93, -132], [-37, -36], [-240, 47], [-51, -181], [195, -31], [94, -108], [122, 45], [69, -88], [81, -44], [-4, -64], [165, -70], [4, -126], [38, -58], [70, -53], [34, -97], [46, -36], [94, -24], [60, -76], [153, 85], [27, 124], [39, 33], [152, -109], [45, 33], [71, 117], [121, 80], [111, 13], [-17, 85], [26, 54], [165, 14], [55, 52], [65, 76], [60, -64], [137, -62], [254, -76], [-15, -106], [-90, 38], [-81, -100], [-47, -33], [-26, -68], [-83, 27], [-78, -89], [-131, -40], [-36, -62], [-184, -188], [160, -33], [49, -42], [-145, -54], [-85, -3], [-48, -57], [17, -73], [-58, -99], [52, -64], [133, -83], [-5, -36], [-69, -64], [-68, -104], [-61, -9], [-4, -57], [110, -211], [116, -158], [-93, -126], [-44, -292], [76, -7], [127, -106], [-58, -191], [-19, -113], [30, -126], [-58, -81], [32, -51], [164, 26], [138, -105], [168, 34], [52, -36], [11, -139], [188, -11], [84, -155], [87, -147], [48, -63], [-134, -86], [-209, 31], [-175, 8], [-61, -42], [-89, -58], [-52, 18], [-96, -88], [-87, 47], [42, 81], [-110, 134], [-37, 2], [-65, -119], [-92, 49], [-105, 122], [-104, 54], [-85, -7], [-58, 46], [-80, 4], [-83, -18], [-37, 57], [-17, 192], [-171, 9], [-113, -38], [-110, 31], [-74, -78], [-101, -99], [-43, -98], [-36, -19], [47, -84], [-58, -28], [-88, -6], [-21, -118], [32, -84], [90, -40], [-7, -93], [38, -73], [-65, -23], [-127, -8], [-40, -94], [85, 23], [47, -21], [3, -39], [71, 28], [29, -106], [47, -33], [226, 48], [64, 71], [-25, 43], [105, 72], [116, -30], [87, 11], [122, -29], [79, -72], [73, -179], [145, -19], [92, -52], [29, -68], [170, 1], [133, 109], [85, 34], [121, -26], [24, -98], [60, 3], [24, 83], [88, 7], [117, -82], [73, 88], [185, -54], [1, -92], [169, -100], [52, -34], [29, -127], [-15, -116], [-30, -166], [32, -148], [122, -29], [88, 67], [54, -140], [30, -74], [84, -83], [180, 75], [29, -7], [72, 91], [-9, 97], [105, 44], [32, 87], [-28, 57], [105, 44], [100, -21], [82, 115], [76, -24], [244, 73], [146, -37], [47, 21], [64, 96], [95, -13], [53, 65], [89, 191], [215, -48], [63, 68], [124, -58], [-1, -84], [79, -81], [103, -42], [75, 46], [92, 13], [183, -143], [3, -98], [64, -42], [90, -142], [85, -188], [101, -45], [-112, -56], [-50, -79], [-191, -61], [-34, -42], [-45, 27], [-192, -53], [-44, -64], [-127, 73], [-36, -56], [-105, 18], [-96, -92], [-43, 3], [-32, 53], [-73, 15], [-107, -57], [-57, -36], [-69, 62], [-101, -14], [-21, -61], [-59, -34], [-82, 65], [-144, 31], [-87, -64], [-79, -109], [-60, 35], [-80, -19], [-131, 54], [-72, 63], [-56, -13], [-53, -131], [-68, -123], [-9, -83], [-120, -99], [-5, -136], [-27, -122], [95, -100], [-76, -43], [26, -127], [124, -110], [31, -89], [83, 4], [53, -80], [104, 54], [145, -12], [89, 81], [22, 121], [161, 102], [84, -13], [119, -54], [-18, -77], [53, -42], [3, -91], [-42, -85], [2, -115], [144, -50], [65, -52], [-59, -111], [-86, -41], [-17, -123], [-140, -143], [-120, 84], [-57, 23], [-69, -32], [-95, -10], [-92, 39], [-49, -131], [-61, -10], [-32, -104], [-31, -135], [25, -128], [-33, -34], [-128, -35], [-43, 33], [-107, 77], [-87, -84], [-82, 31], [-80, 12], [-56, -63], [-14, -124], [-46, -50], [35, -42], [-26, -94], [-56, -35], [5, -127], [-82, -43], [34, -81], [-35, -95], [-3, -98], [-96, -70], [-26, -71], [-97, -44], [-198, -20], [-224, -67], [-65, -83], [-133, -68], [0, -88], [-37, -122], [24, -180], [-36, -96], [-7, -124], [35, -71], [-25, -126], [85, -61], [104, 57], [136, 0], [138, -54], [87, -118], [89, 17], [35, 100], [75, -157], [71, 22], [62, -34], [-83, -83], [2, -61], [42, -74], [3, -110], [93, -110], [49, -229], [10, -68], [23, -32], [92, -22], [18, -46], [6, -180], [79, -242], [66, -200], [19, -105], [38, -43], [41, -13], [22, -2], [4, -37], [-3, -21], [82, -168], [190, -39], [11, 97], [-44, 90], [17, 87], [36, 38], [37, -49], [61, 67], [102, -87], [77, 1], [33, -57], [29, -20], [46, 34], [62, 53], [35, -20], [-18, -148], [29, -96], [-25, -80], [98, -268], [71, -10], [77, 54], [110, -93], [30, -109], [38, -37], [59, 21], [69, 88], [80, 142], [9, -144], [27, -78], [-15, -99], [54, -80], [134, 7], [42, -77], [29, 212], [2, 94], [52, -30], [54, 64], [-3, 98], [-33, 55], [64, 62], [82, -27], [39, 72], [108, 13], [8, -152], [-8, -80], [-52, -109], [62, -44], [-18, -151], [-73, -91], [-26, -60], [-91, -53], [-21, -98], [-83, 7], [-59, -122], [-61, 82], [-128, -98], [-9, -86], [-53, -64], [-52, 83], [-56, 7], [3, -91], [23, -129], [59, -173], [-9, -141], [-58, -3], [-32, -147], [39, -201], [31, -70], [-12, -104], [122, -89], [62, 81], [25, -108], [-54, -168], [63, -96], [28, -112], [-55, -35], [-112, -38], [-108, 3], [-71, -34], [-49, -89], [-18, -56], [-93, 48], [-129, -34], [-41, -143], [-15, -111], [-58, -138], [8, -87], [32, -155], [28, -114], [-27, -116], [-44, -91], [48, -25], [46, 61], [63, 19], [18, 46], [-13, 105], [77, 104], [30, 97], [40, 49], [121, -19], [82, -53], [75, -76], [18, -132], [-54, -87], [-85, -90], [-35, -115], [-2, -122], [62, -151], [-86, -155], [-54, -77], [-35, -107], [-18, -83], [-35, -24], [-80, 32], [-173, 54], [-34, -13], [-9, -75], [3, -88], [-29, -51], [36, -64], [-9, -229], [140, -93], [-120, -127], [-86, 22], [-25, -45], [9, -154], [-10, -107], [25, -85], [-37, -74], [-4, -88], [42, -43], [33, 54], [88, -12], [60, -50], [-14, -93], [42, -74], [-8, -27], [-63, 40], [-103, 19], [-80, -42], [-120, -24], [-147, -46], [-81, 5], [-39, -83], [13, -89], [4, -209], [28, -63], [-44, -131], [-272, -80], [-27, -42], [47, -38], [-9, -62], [-96, -20], [-53, -67], [-24, -69], [-111, -168], [46, -32], [24, -84], [138, -139], [16, -62], [163, 25], [108, -31], [-23, -41], [-39, -44], [26, -52], [-81, -122], [12, -64], [191, -104], [10, -83], [78, -100], [76, -51], [34, -73], [102, -91], [-42, -154], [9, -63], [-22, -64], [55, -125], [2, -61], [29, -23], [44, 1], [62, 42], [58, 0], [-7, -68], [51, -71], [-5, -49], [-51, -61], [-63, 53], [-206, -134], [-57, -74], [-60, -7], [-52, -10], [-74, 20], [-39, 47], [-100, 13], [-80, 30], [-129, 0], [-98, 33], [-74, 32], [-63, 53], [-48, -69], [-56, -41], [82, -38], [59, -100], [45, -24], [72, 2], [20, -112], [-72, -111], [50, -26], [68, -98], [-34, -62], [38, -65], [-46, -76], [-68, -39], [-72, -35], [-21, -59], [75, -7], [54, -39], [25, -54], [85, -62], [13, -160], [48, -6], [220, 82], [227, -79], [57, 61], [75, 41], [91, -53], [-6, -129], [11, -97], [67, -57], [86, 15], [47, -84], [-152, -93], [-206, -97], [-119, -37], [-106, -45], [-44, -49], [-17, -46], [-68, -32], [50, -85], [63, -31], [-23, -73], [37, -57], [13, -115], [-50, -13], [-35, -49], [-54, -80], [5, -83], [68, -20], [102, 59], [85, 71], [14, 32], [66, -17], [61, 66], [36, 96], [52, 54], [51, 46], [86, 75], [113, 1], [74, -101], [-102, -95], [-101, -110], [21, -40], [76, 35], [100, 59], [18, -89], [68, 7], [32, -29], [-49, -75], [6, -69], [-68, -130], [60, 2], [132, 53], [70, 4], [100, 58], [77, 57], [68, 10], [1, -39], [74, -9], [55, -35], [-30, -109], [221, -141], [77, 24], [61, 29], [9, -35], [65, 22], [31, -29], [119, 43], [114, 54], [43, -22], [61, 28], [215, -72], [-67, -57], [-30, -65], [-80, 25], [-20, -39], [87, -80], [-7, -73], [-64, -2], [-72, 97], [-89, 27], [-150, 3], [-45, -35], [-43, -75], [-62, 12], [-26, -27], [31, -39], [-59, -32], [-60, -26], [11, -43], [-45, -16], [-79, 48], [-55, -18], [-30, -55], [-46, 1], [21, -55], [-27, -39], [-100, 37], [-4, -39], [40, -12], [-13, -41], [-44, -18], [-27, -49], [-41, -17], [-70, 39], [-85, -31], [-86, 16], [-71, -60], [-97, -23], [-66, -19], [-21, -47], [121, -38], [-21, -57], [-56, -59], [-5, -60], [132, -107], [72, -17], [90, -35], [9, -52], [76, -14], [-57, -48], [57, -43], [12, -57], [-22, -28], [-72, 7], [-31, -62], [42, -35], [-28, -45], [64, -32], [-29, -48], [75, -16], [39, -35], [97, -15], [48, 47], [124, 33], [36, -29], [-53, -96], [22, -101], [-33, -44], [-96, 18], [18, -87], [-53, -27], [-49, -6], [114, -46], [-18, -30], [-93, -4], [4, -25], [61, -12], [-7, -19], [-51, -16], [16, -75], [-34, -69], [73, -46], [21, -70], [-74, 5], [-52, -45], [-64, -9], [-3, -88], [-54, -1], [2, -49], [108, -8], [92, 50], [195, -37], [102, -74], [-20, -52], [-54, 22], [-76, -14], [-31, -68], [21, -113], [39, -13], [43, -58], [-50, -63], [-27, -97], [68, -56], [-5, -59], [3, -90], [-22, -59], [-55, 2], [-21, -85], [11, -48], [-20, -68], [-103, -30], [-39, -79], [-61, -10], [-63, -68], [-80, 0], [-19, -55], [-52, -45], [50, -12], [54, -73], [75, -1], [45, -48], [7, -67], [188, -70], [105, -35], [86, 2], [56, 48], [111, -12], [105, -56], [49, 46], [72, -43], [60, 46], [98, -50], [132, 62], [31, -65], [86, 6], [4, -60], [68, -24], [-10, -56], [129, 50], [43, -20], [81, 34], [89, 60], [61, -59], [71, 14], [-26, -78], [-31, -115], [36, -124], [-68, -25], [-38, -38], [-30, 36], [-173, -52], [-174, -73], [-117, 10], [-47, 29], [-105, -15], [-92, -39], [-90, 21], [-37, -42], [-56, 5], [-24, -33], [-43, -11], [-31, -52], [31, -34], [152, 1], [87, 32], [27, -53], [-1, -28], [16, -27], [-45, -26], [-36, 24], [-39, -58], [-74, -25], [-75, 35], [-115, -45], [-116, -58], [16, -64], [-71, -3], [-91, -78], [66, -65], [44, -38], [58, -6], [34, 35], [120, -35], [-29, -37], [-59, -22], [-6, -45], [62, -41], [47, 57], [80, -13], [61, 48], [65, -124], [161, 46], [74, 85], [64, 6], [50, 69], [69, -27], [56, 27], [122, 17], [-1, -60], [-81, -42], [41, -65], [-54, -51], [-25, -103], [-58, -4], [-28, -61], [-153, -11], [-54, 15], [-42, -42], [-99, -30], [-105, -31], [28, -102], [101, 12], [31, -45], [-73, -55], [-131, -30], [34, -108], [-35, -49], [-117, -30], [66, -89], [3, -85], [-25, -57], [-56, 20], [-26, -52], [35, -100], [-54, -51], [39, -53], [78, -3], [58, -47], [-8, -81], [78, -54], [-79, -60], [-83, -31], [-42, -90], [99, -33], [100, -26], [1, -68], [-78, -13], [13, -64], [-56, -35], [-99, 23], [-7, -56], [62, -66], [-6, -56], [-51, -17], [63, -22], [-24, -44], [49, -28], [50, -37], [-24, -43], [-86, 17], [-32, -43], [33, -84], [53, -78], [-116, 21], [-45, 66], [-62, -24], [-73, 33], [9, -73], [-97, 32], [-37, 38], [-11, 106], [-80, 1], [-41, 34], [-52, 34], [-55, 48], [-133, 39], [-31, 55], [-118, -55], [-38, -40], [23, -54], [101, -57], [-54, -46], [-103, -34], [36, -92], [-71, -44], [34, -81], [-59, 14], [-1, -63], [43, -35], [-29, -58], [88, -106], [40, -127], [4, -83], [-51, -30], [-77, -1], [1, -36], [-87, -1], [-11, -46], [-131, 5], [52, -85], [-79, -2], [-57, -70], [141, -70], [-25, -57], [47, -11], [19, -24], [79, -16], [114, -113], [123, -74], [-4, -62], [144, -117], [38, -98], [-34, -17], [20, -66], [78, -26], [83, -70], [-6, -55], [53, -186], [-62, 15], [-20, -27], [-42, 22], [-39, 39], [-51, 37], [-65, 24], [-88, 57], [-48, 12], [-15, -34], [-11, -36], [-24, 12], [-36, -9], [-4, -28], [19, -29], [-16, -21], [-62, -19], [-57, -31], [-27, 5], [-30, -30], [16, -22], [-17, -19], [-24, -3], [-39, -16], [-28, -32], [8, -34], [-17, 4], [-39, 20], [-50, 12], [-44, 5], [-34, 26], [-99, 61], [-32, 6], [-43, -80], [-30, -26], [-33, -4], [-16, -14], [-19, 0], [-55, 15], [-29, 4], [-25, 14], [-34, -23], [-18, -19], [-27, 0], [-73, 112], [-33, 31], [-25, 10], [-29, -35], [-21, -37], [-37, 4], [-5, 40], [-14, 51], [-5, 49], [17, 35], [16, 57], [10, 61], [-14, 33], [-51, 22], [-43, 14], [-53, 10], [-16, 20], [12, 25], [-11, 18], [-54, 33], [-25, 41], [-27, 27], [-39, 20], [10, 14], [9, 39], [-48, 66], [37, 43], [5, 30], [-30, 5], [-22, 41], [-26, 13], [-30, -12], [-92, -61], [-33, -12], [-15, 17], [4, 24], [11, 29], [-20, 10], [-45, 1], [-59, -2], [-46, -7], [-52, 21], [-32, 31], [-20, 41], [9, 47], [17, 35], [-50, 41], [-67, 36], [-55, 34], [-32, 22], [-77, 37], [-54, 14], [-13, -3], [-21, 5], [-31, 56], [-24, 15], [-49, -6], [-51, -12], [-55, 1], [-48, 14], [-78, 6], [-83, 18], [-18, -11], [-25, -32], [68, -28], [-3, -37], [30, -30], [8, -22], [-51, 13], [-7, -9], [42, -115], [2, -15], [-96, -5], [-66, -1], [-23, 16], [-38, 44], [-21, 13], [-85, -117], [32, -23], [43, -18], [31, -10], [-7, -28], [-23, -29], [-44, -43], [-15, -22], [-8, -32], [-18, -11], [-21, 13], [-30, 24], [-70, 45], [-46, 22], [-11, 1], [-46, -17], [-47, -31], [-14, 3], [-61, 30], [-38, 27], [-40, 15], [-42, 13], [-40, 7], [-20, -15], [-12, -52], [-48, -16], [-48, -5], [-46, 6], [-36, 13], [-16, 71], [-119, -46], [-24, 6], [-35, 23], [-30, 44], [-15, 34], [-45, 80], [32, -12], [29, -4], [13, 64], [41, -5], [24, 14], [57, 19], [-53, 47], [-30, 59], [-15, 38], [32, 16], [-6, 46], [43, 18], [20, 26], [18, 34], [10, 39], [-18, 32], [-37, 75], [-43, 50], [-27, 25], [-24, 17], [-21, -5], [-8, -31], [2, -24], [-9, -15], [-12, -4], [-21, 8], [-24, 54], [-25, 43], [-13, 17], [-24, -7], [-13, -12], [-3, -36], [-7, -28], [-12, -5], [-17, 7], [-16, 21], [4, 26], [-9, 13], [-27, -13], [-45, -28], [-19, 7], [-21, 26], [5, 13], [19, 0], [10, 15], [-14, 42], [24, 47], [18, 45], [19, 38], [-6, 18], [-32, 46], [-26, 23], [-38, 44], [-47, 2], [-27, 9], [-13, 9], [-12, 20], [-28, 22], [-16, 62], [-24, 9], [-11, 56], [-49, 9], [-111, 76], [-74, 35], [-37, -9], [-35, -16], [-16, -1], [-35, -12], [-32, -6], [-34, 11], [-42, 31], [-33, 27], [-17, 19], [-13, 60], [-20, 22], [-19, 3], [-35, -11], [-38, -6], [-15, 52], [-9, 49], [-39, 10], [-24, -8], [-55, -28], [-88, -20], [17, -100], [-2, -39], [-22, -51], [-26, -40], [-21, 0], [-37, 9], [-100, 28], [-31, -19], [11, -44], [17, -46], [0, -25], [-21, -61], [-27, -41], [-39, -86], [-28, -45], [-3, -47], [5, -21], [-22, -21], [28, -26], [-4, -42], [-20, -45], [-17, -23], [-30, -8], [-42, 16], [-63, 5], [-102, -10], [-64, -28], [-34, -29], [-2, -43], [14, -59], [-3, -22], [-17, -23], [-32, -14], [-17, 19], [-19, 53], [-28, 55], [-16, 52], [-23, 41], [-41, 23], [-23, -26], [10, -17], [2, -29], [-7, -44], [-22, -68], [-43, -46], [-25, 11], [-26, 35], [-42, 28], [-25, 3], [-29, -29], [-37, -46], [-28, 5], [-17, 23], [-9, 45], [6, 64], [4, 20], [-185, 52], [-22, -21], [-9, -35], [-22, -15], [-46, -6], [-28, -26], [-8, -48], [10, -51], [53, -89], [28, -37], [45, -34], [31, -17], [57, -71], [3, -94], [12, -83], [8, -73], [-11, -12], [-35, 4], [-33, -20], [-22, -46], [6, -36], [-14, -25], [-32, -9], [-33, 4], [-66, 5], [-30, 23], [-13, 20], [-25, 10], [-40, -2], [-63, -19], [-28, -21], [-53, -7], [-36, 8], [-21, 19], [2, 46], [-126, 23], [-18, -27], [-19, -9], [-81, 5], [-25, 74], [-19, 36], [-61, -9], [-17, -36], [0, -50], [10, -38], [-32, -53], [-55, -61], [-84, -50], [-12, -23], [-54, 67], [-29, 43], [-30, 52], [19, 24], [10, 29], [-1, 12], [-45, 66], [-32, 59], [-3, 32], [-40, 40], [-16, 40], [-23, 47], [-19, 33], [-36, 16], [-48, 95], [-40, 43], [-131, 103], [-47, 47], [-33, 40], [-50, 98], [-10, 36], [18, 16], [16, 23], [34, 90], [-1, 51], [-33, 27], [-51, 49], [7, 23], [47, 40], [22, 41], [-3, 44], [-43, 89], [-42, -9], [-46, -17], [-69, 13], [-105, 69], [-46, 33], [-29, 1], [-30, -28], [-29, -13], [-43, 17], [-35, -48], [-47, 11], [-42, 1], [-41, -4], [-23, 18], [-87, 58], [-32, 4], [-46, -13], [-27, -22], [11, -32], [23, -32], [17, -34], [-3, -17], [-15, -12], [-31, 9], [-66, 60], [-41, 72], [-55, 71], [-47, 32], [-31, 33], [-18, 31], [-23, 29], [-20, 18], [-63, 47], [-28, 35], [-36, 22], [-38, 16], [4, -61], [-8, -29], [-22, -12], [-41, 17], [-44, 37], [-34, 3], [-54, -15], [-20, 14], [-10, 23], [-75, 51], [-16, -96], [-12, -24], [-17, 7], [-5, 19], [0, 48], [-12, 70], [-40, 34], [-31, 101], [-60, 112], [-2, 7], [-85, 24], [-27, 37], [-47, 111], [-47, 70], [-54, 57], [-36, 55], [-72, 69], [-50, 65], [-72, 73], [-38, 61], [-34, 64], [-60, 27], [-43, 40], [-33, 52], [-57, 82], [-24, 51], [-34, 74], [-6, 32], [-26, 99], [-18, 42], [-11, 12], [-29, 6], [-20, -9], [-17, -29], [-3, -43], [-17, 7], [-24, 73], [-30, 68], [-10, 27], [-56, 109], [-42, -1], [-41, 22], [-63, 95], [-41, 56], [-49, 61], [-19, 40], [-43, 23], [-18, -35], [2, -30], [-20, -19], [-53, 17], [-20, -9], [-39, -76], [-20, -7], [-23, 48], [-22, 51], [-82, 78], [-32, 38], [-13, 26], [5, 18], [10, 88], [-14, 47], [-34, 31], [-51, 12], [-27, 1], [-29, 19], [-22, 46], [-61, 52], [-32, 33], [-16, 31], [-49, 54], [-45, 1], [-76, 29], [-45, -10], [2, -48], [13, -52], [52, -63], [7, -27], [0, -34], [-114, 27], [22, -91], [-3, -47], [13, -18], [48, -77], [93, -139], [25, -28], [54, -49], [42, -37], [53, -41], [16, -18], [56, -87], [80, -58], [73, -120], [18, -50], [54, -146], [6, -27], [-18, -8], [-36, 60], [-39, 48], [-72, 91], [-38, 31], [-120, 42], [-26, -5], [-7, -11], [7, -53], [65, -80], [6, -21], [-16, -20], [-30, -6], [-47, 3], [15, -74], [0, -36], [11, -26], [31, -66], [4, -37], [-12, -32], [-45, 13], [-33, -5], [-35, -38], [-15, -37], [44, -16], [6, -10], [-33, -44], [-42, -44], [-11, -28], [37, -52], [33, 23], [36, 5], [32, -9], [57, -71], [22, -38], [12, -35], [38, -38], [67, -63], [51, -60], [11, -48], [-9, -6], [-20, 11], [-89, 84], [-43, 43], [-39, 47], [-24, 25], [-28, -10], [-8, -27], [37, -87], [-2, -45], [4, -10], [54, -53], [-2, -38], [-7, -26], [0, -36], [44, -18], [14, -13], [19, -38], [24, -8], [18, -17], [34, -17], [22, 12], [43, 0], [24, -12], [19, -17], [28, -34], [21, -32], [2, -26], [12, -30], [52, -56], [31, -36], [31, -50], [6, -17], [-11, -13], [-37, -22], [-38, -19], [-34, 28], [-33, 46], [-34, 21], [-44, 31], [-11, 33], [-57, 0], [-37, 31], [-15, -31], [-101, -1], [-12, 50], [-31, 15], [-12, -18], [4, -47], [-68, 0]], [[51638, 69225], [-33, 37], [-22, 23], [-39, 28], [-31, 37], [-32, 22], [-63, 20], [-3, 21], [20, 8], [24, 41], [3, 35], [-5, 42], [25, 4], [55, -15], [31, 1], [9, 50], [-40, 58], [-41, 38], [-38, 47], [-40, 31], [-55, 17], [-151, 70], [-53, 1], [-42, -17], [-93, 32], [-52, -20], [-31, -25], [-27, -3], [-59, 29], [-76, -32], [-41, -42], [-14, -44], [-7, -46], [-19, -13], [-30, 7], [-36, -8], [-20, -39], [-8, -57], [31, -30], [57, -40], [39, -44], [3, -39], [-22, -40], [-6, -87], [34, -6], [41, -12], [24, -47], [22, -13], [8, -19], [51, -38], [-4, -21], [-27, -27], [-20, -41], [5, -29], [36, -18], [23, -27], [5, -26], [-9, -26], [28, -22], [35, -21], [36, -36], [23, -33], [51, -14], [14, -27], [1, -41], [30, -40], [29, -52], [21, -53], [-2, -37], [80, -56], [7, -27], [20, -35], [-6, -42], [115, -88], [-1, -35], [47, -47], [18, -43], [-4, -43], [19, -26], [18, -40], [19, -14], [40, -14], [5, -22], [35, -9], [29, 4], [27, -7], [12, -20], [4, -30], [-18, -20], [-16, -45], [15, -50], [36, -57], [83, -75], [54, -42], [17, -29], [-6, -53], [29, -18], [29, -3], [22, -13], [3, -19], [32, -13], [49, -30], [25, -33], [27, -22], [111, -129], [49, -73], [53, -55], [-4, -36], [14, -21], [32, -26], [-19, -30], [-41, -20], [-22, -36], [47, -47], [-22, -19], [-118, -30], [-47, -37], [-50, -25], [1, -31], [22, -56], [-38, -25], [-41, -37], [6, -41], [11, -39], [-26, -14], [-35, -2], [-17, -36], [-75, -52], [-39, 15], [-35, 26], [-52, 7], [-57, 11], [-38, -20], [-22, -20], [2, -61], [11, -67], [2, -43], [-7, -22], [-36, 6], [-42, 19], [-67, 20], [-50, 6], [1, -45], [17, -58], [22, -51], [8, -30], [-24, -26], [-75, -15], [-38, 0], [-3, -23], [23, -16], [79, -34], [36, -1], [28, 18], [-4, -25], [-19, -35], [6, -29], [28, -31], [43, -24], [33, -13], [28, 0], [27, -22], [4, -40], [-10, -24], [-63, -9], [-16, -31], [4, -35], [10, -36], [-19, -25], [-28, 0], [-26, 8], [-25, -17], [-3, -45], [-12, -13], [-39, 4], [-19, 21], [-6, 40], [1, 51], [-65, 59], [-49, -4], [-21, -12], [-14, -29], [-27, -11], [-15, 8], [20, 59], [-1, 32], [-23, 20], [-33, -7], [-25, -21], [-35, 3], [1, 17], [-46, 67], [-38, 6], [-20, 17], [-4, 19], [-11, 23], [-31, 12], [0, 29], [-50, 55], [-39, 6], [-31, 28], [-1, 52], [-23, 27], [-79, 45], [-80, 56], [-99, 7], [-38, -47], [-50, -5], [-46, -13], [-11, -31], [15, -26], [26, -35], [4, -43], [19, -24], [57, -49], [34, -3], [19, 3], [8, -13], [23, -63], [14, -28], [3, -71], [-84, -60], [-27, -31], [0, -85], [21, -42], [-5, -29], [-18, -20], [-38, 0], [-35, 9], [-34, 23], [-22, 28], [-44, -18], [-34, -11], [-6, 18], [-67, 33], [-54, 5], [-19, -30], [19, -47], [-20, -26], [-8, -31], [-17, -39], [-32, -20], [-37, -3], [-48, 17], [-28, 38], [-17, 51], [-2, 28], [-19, 50], [-7, 49], [-16, 60], [-22, 10], [-18, -48], [-23, -15], [-10, -26], [-16, -8], [-9, -13], [5, -23], [-14, -40], [26, -108], [-35, -30], [-11, -16], [35, -25], [-11, -33], [-41, -33], [-33, -20], [-45, -16], [-41, 5], [-6, 36], [19, 30], [-8, 15], [-91, 8], [-2, -35], [-26, -56], [-25, -20], [-41, -4], [-56, 24], [-34, -18], [-17, -44], [30, -109], [25, -29], [49, -24], [8, -34], [33, -52], [39, -38], [29, -49], [-5, -29], [-23, -29], [7, -70], [-9, -29], [-31, -42], [-35, -54], [58, -39], [5, -15], [31, -25], [116, -57], [32, -19], [27, -23], [25, -42], [-14, -46], [3, -27], [1, -49], [9, -53], [16, -37], [2, -19], [-9, -33], [0, -17], [-13, -35], [-22, 17], [-21, -15], [21, -104], [7, -43], [2, -34], [15, -36], [54, -60], [51, -80], [32, -25], [36, -13], [28, -22], [22, -30], [-31, -2], [-31, -21], [9, -21], [18, -16], [43, -10], [22, -18], [-6, -26], [-29, -7], [-37, 22], [-46, -2], [-37, -37], [-9, -34], [15, -39], [-6, -55], [22, -18], [30, -30], [-15, -16], [-52, 5], [-75, -19], [-87, 25], [-39, -9], [-65, -49], [-33, -19], [-76, 44], [-69, -4], [-69, -59], [-80, -98], [-37, -43], [49, -66], [-6, -44], [-24, -42], [25, -45], [31, -27], [41, 1], [59, 28], [27, -15], [12, -43], [-15, -38], [-109, -3], [13, -41], [26, -57], [-8, -43], [-21, -45], [-34, -29], [3, -50], [10, -41], [-31, -15], [-39, -31], [-28, -18], [-28, -44], [4, -40], [19, -36], [77, -30], [58, -12], [-17, -60], [44, 0], [-17, -39], [19, -14], [40, 11], [17, 42], [32, 0], [28, -55], [18, -40], [18, -28], [22, -17], [35, -14], [34, -4], [36, 1], [34, -5], [52, -16], [24, -16], [-13, -39], [32, -31], [38, -39], [23, -27], [-27, -27], [-35, -20], [-2, -27], [27, -38], [15, -34], [19, -21], [38, 0], [43, 12], [24, 4], [19, -37], [59, 12], [29, -9], [21, -20], [40, -7], [-8, -41], [-18, -46], [-27, -49], [26, -24], [37, -19], [-3, -19], [-75, 15], [-12, -31], [6, -40], [26, -30], [11, -22], [-23, -18], [7, -38], [41, -43], [26, -6], [31, 21], [20, 21], [17, -14], [-13, -37], [25, -16], [38, 0], [16, -20], [-29, -23], [-17, -47], [10, -31], [54, -26], [42, 4], [37, 16], [35, -8], [43, -21], [34, -14], [23, 22], [25, -3], [12, -32], [-19, -36], [-50, -45], [-43, -29], [-57, -104], [-37, -20], [-59, -8], [-115, -3], [-62, -9], [-8, -36], [54, -28], [63, -26], [48, -3], [28, -12], [-7, -34], [-35, -31], [-76, -25], [-54, -7], [-17, -24], [15, -24], [31, -12], [50, -3], [54, -8], [77, 7], [38, 12], [45, -5], [46, -17], [69, 12], [0, -77], [-24, -10], [-48, -65], [6, -45], [42, -28], [-2, -39], [96, -38], [74, -32], [77, -18], [52, 1], [4, 43], [-14, 39], [-19, 40], [61, 3], [33, 4], [-6, -44], [-34, -38], [8, -63], [17, -53], [32, -42], [43, -19], [26, -33], [3, -39], [-33, -9], [-41, -8], [4, -55], [38, -55], [60, -115], [-13, -22], [5, -26], [17, -45], [-11, -33], [-21, -36], [1, -29], [47, -26], [40, -18], [-1, -18], [-22, -28], [9, -31], [58, -10], [39, -2], [25, -11], [31, -23], [20, -26], [40, -12], [48, -6], [2, -18], [-20, -43], [-15, -59], [-9, -54], [21, -42], [43, -46], [41, -21], [49, 2], [33, 36], [24, 23], [34, 22], [28, 15], [29, -43], [39, -52], [49, -55], [42, -37], [52, 23], [36, -15], [34, 8], [1, 45], [-6, 40], [5, 40], [37, 16], [92, -107], [68, -36], [47, -15], [46, 3], [18, -9], [59, -18], [21, 2], [43, 14], [51, 41], [41, 14], [24, -23], [10, -29], [45, -20], [28, 15], [23, -14], [12, -32], [29, -58], [37, -29], [12, -52], [8, -14], [27, 0], [0, -28], [59, 1], [8, -25], [-37, -29], [-15, -25], [-11, -76], [13, -65], [43, 2], [59, 13], [68, 48], [41, 18], [28, -20], [14, -39], [-1, -47], [17, -22], [23, -21], [-23, -35], [-19, -54], [14, -33], [18, -17], [7, -24], [0, -54], [5, -31], [34, -20], [34, -8], [33, 15], [22, 22], [18, -47], [-2, -26], [-52, -68], [-14, -29], [-22, -5], [-10, 25], [-35, 12], [-24, -17], [-18, -39], [-20, -5], [-34, -1], [-29, -51], [-3, -76], [-49, -55], [-31, -5], [-11, 28], [-35, 33], [-47, -1], [-39, -32], [-33, -42], [18, -32], [50, -1], [1, -31], [-101, -72], [-23, -53], [7, -58], [27, -42], [69, 9], [40, 10], [35, -17], [76, -51], [28, -46], [4, -55], [17, -56], [-4, -47], [-43, -67], [-18, -83], [-29, -113], [2, -59], [-10, -164], [19, -90], [42, -64], [15, -65], [-95, -27], [-46, -23], [-50, -41], [-31, -58], [-2, -55], [29, -54], [49, -41], [85, -11], [65, 2], [-5, -29], [-54, -29], [-49, -39], [-24, -39], [3, -57], [13, -48], [4, -50], [6, -49], [-21, -25], [-48, 0], [-42, -18], [-25, -27], [-27, 4], [-72, -16], [-62, 19], [-49, 0], [3, 28], [10, 42], [-7, 30], [-8, 52], [21, 34], [45, 30], [26, 58], [-17, 45], [-7, 54], [15, 47], [-51, 16], [-58, -18], [-30, -54], [-25, -38], [-109, -97], [-4, -47], [-15, 22], [-3, 79], [-19, 36], [-65, 27], [7, 19], [27, 23], [-7, 20], [-48, 40], [-33, 25], [-85, 8], [-124, 3], [-53, 6], [-30, 21], [-48, 51], [-50, 39], [-3, 41], [-19, 45], [-36, 22], [-45, -9], [-42, -55], [-40, -57], [-36, -34], [24, -54], [39, -50], [-3, -25], [-21, -14], [-46, 0], [-56, -57], [-58, -41], [-44, -44], [21, 75], [-36, 24], [-15, -9], [-62, -61], [7, 28], [6, 42], [-39, 23], [-57, -23], [-29, -77], [2, -39], [14, -52], [-19, -48], [2, -61], [8, -36], [0, -69], [15, -46], [12, -73], [14, -92], [26, -55], [22, -54], [21, -35], [3, -35], [16, -48], [16, -31], [-15, -21], [-40, -25], [22, -43], [39, -65], [35, -38], [91, -18], [62, -5], [58, 20], [45, 24], [115, -35], [44, 2], [-16, -24], [-113, -85], [-51, 4], [-38, 9], [-39, 23], [-59, -25], [-47, -38], [-30, -76], [-17, -49], [-32, -35], [-15, -56], [20, -42], [36, -45]], [[13154, 18049], [-141, 164], [-201, 230], [-218, 251], [-205, 233], [-197, 226], [-8, 11], [-86, 102], [-356, 396], [-110, 119]], [[11632, 19781], [36, 0], [2, 591], [2, 424], [-369, -4], [-432, -13], [-73, 0], [-2, 75], [4, 254], [-3, 365], [-2, 347], [-437, 2], [-244, 1], [-226, 3], [-332, -2], [-68, 2], [-1, 243], [-114, -1], [-98, 2], [0, 53], [-184, -1], [1, 223], [0, 154], [0, 148], [1, 155], [-193, -2], [-86, -2], [-192, -2], [-425, 3], [-139, -3], [-407, -3], [-70, 2], [-273, 4], [-19, 0], [-100, -3], [-210, 2], [-13, -31], [-29, -47], [-28, -40], [-61, -65], [-24, -21], [-7, -197], [117, 36], [65, -4], [53, -30], [76, -2], [-3, -402], [144, -1], [-4, -110], [-2, -210], [-2, -31], [1, -309], [-2, -270], [0, -132], [-1, -157], [-47, -11], [-53, -9], [-33, -15], [-53, -1], [-103, -29], [-65, -1], [-3, 3], [-58, -22], [-35, -1], [-14, -7], [-23, -25], [-18, -11], [0, 22], [-13, 11], [-18, -1], [-28, 49], [-19, 21], [-26, 5], [-15, -4], [-13, -16], [-25, -16], [-25, 0], [-6, -47], [-22, -30], [0, -20], [-6, -43], [-17, -15], [-37, -11], [-34, -13], [-27, -16], [-12, -24], [-17, -7], [-16, 9], [-3, -469], [1, -115], [-1, -82], [2, -110], [2, -321], [-2, -333], [-3, -312]], [[6374, 18758], [0, -12], [-13, 0], [-343, 2], [-415, 2], [-17, 1], [-91, -1], [-482, 1], [-422, 0], [2, 447], [3, 455], [1, 327], [-204, 1], [-2, 11], [8, 61], [1, 27], [14, 56], [6, 13], [26, 18], [35, 8], [30, 18], [31, 23], [20, 29], [20, 22], [-14, 12], [-34, 9], [-16, 42], [-27, 49], [-13, 18], [-7, 38], [-26, 53], [1, 20], [11, 42], [-1, 23], [-7, 27], [-7, 48], [-4, 84], [-8, 27], [0, 26]], [[4430, 20785], [164, 0], [1, 134], [2, 333], [3, 546], [17, -2], [-4, 502], [37, 0], [-1, 107], [-51, -10], [3, 16], [-13, 71], [2, 38], [21, 275]], [[4611, 22795], [357, 0], [88, 0], [2, 227], [1, 101], [1, 100], [0, 98], [4, 293], [3, 173], [-439, -1], [1, 258], [-1, 141], [-6, 599], [17, 0], [0, 297], [1, 121], [-2, 483], [-2, 418], [2, 91], [0, 200], [0, 601], [1, 232], [-2, 501], [-457, -2], [-619, 1], [-390, -1], [0, 564], [0, 313], [-449, -1], [-155, 0], [1, 166], [0, 86], [-2, 17], [2, 25], [0, 98], [-186, 1], [-221, -2], [-10, 3], [-72, 0], [-104, -1], [-41, 1], [-49, -1], [-59, -7], [-53, -3], [-16, 9], [-54, 2], [-164, -3], [-22, -12], [-10, -13], [1, -35], [14, -25], [-2, -64], [11, -24], [22, -15], [-20, -5], [-28, 10], [-37, 4], [-36, -8], [-71, 7], [-49, -6], [-97, -19], [-114, -6], [-38, -23], [-23, -2]], [[1040, 28757], [0, 699], [1, 373], [-1, 664], [0, 272], [1, 366], [5, 86], [-2, 140], [-4, 7], [1, 376], [0, 669], [0, 626], [1, 443], [-1, 231], [0, 340], [1, 594], [0, 719], [0, 425], [-2, 203], [0, 382], [0, 919], [0, 810], [0, 911], [0, 901], [0, 858], [0, 411], [0, 1], [0, 443], [-2, 132], [-2, 232], [2, 516], [3, 605], [-1, 177], [1, 147], [5, 613], [3, 697], [-35, 74], [-54, 106], [-186, 300], [-13, 250], [18, 185], [69, 140], [87, 110], [145, 142], [177, 136], [176, 82], [209, 80], [137, 7], [164, -3], [123, -39], [109, -90], [99, -122], [145, -182], [56, -231], [173, -215], [272, -158], [128, -117], [91, -150], [85, -130], [111, -187], [439, -49], [125, 121], [-13, 157], [-67, 82], [-70, 578], [-87, 178], [-99, 119], [-93, 42], [-74, 65], [-86, 184], [-184, 182], [-50, 171], [-143, 184], [-6, 124], [67, 117], [105, 94], [125, 91], [81, 31], [172, 181], [41, 182], [42, 131], [-19, 122], [24, 118], [22, 140], [27, 117], [71, 6], [114, -92], [176, 112], [32, 67], [106, 54], [46, 56], [21, 53], [7, 63], [-6, 74], [22, 88], [7, 20], [42, 53], [12, 19], [38, 72], [29, 20], [76, 45], [77, 70], [29, 83], [187, 199], [159, 236], [25, 190], [1, 137], [-27, 300], [-10, 176], [34, 183], [65, 88], [146, 105], [47, 100], [-100, 182], [-27, 139], [22, 101], [-1, 94], [-42, 216], [-37, 51], [-52, 14], [-134, 5], [-61, 45], [1, 48], [24, 151], [108, 116], [-3, 14], [-95, 16], [-128, -6], [-89, 20], [-37, 34], [-22, 43], [-35, 1], [-28, -19], [-45, -14], [-46, 1], [-50, 82], [-64, 88], [-69, 0], [-18, 8], [-2, 74], [7, 44], [2, 48], [27, 13], [15, 17], [16, 29], [31, 34], [68, 45], [8, 12], [-2, 18], [-18, 27], [-8, 24], [-5, 29], [1, 70], [-5, 25], [-15, 18], [-20, 16], [-24, 6], [-89, -33], [-46, 13], [-82, 55], [10, 39], [-54, 81], [108, 97], [30, 17], [58, -37], [47, 12], [71, 48], [47, 39], [-17, 7], [5, 16], [-16, 20], [-44, 42], [-20, 8], [-291, -26], [-32, 5], [-15, 193], [180, 12], [-14, 46], [-70, 22], [-93, 66], [-118, 74], [-80, 33], [25, 78], [62, 40], [51, 48], [5, 31], [29, 85], [31, 15], [225, -12], [27, 8], [-2, 38], [-39, 35], [-64, 73], [-32, 42], [17, 40], [49, 54], [90, 104], [28, 35], [-31, 51], [-27, -12], [-42, -2], [-41, 11], [-48, -16], [-24, 13], [-44, 3], [-28, -7], [-17, -1], [-10, 7], [-31, 46], [-11, 5], [-28, -5], [-43, 9], [-25, -9], [-11, 2], [-22, 26], [-3, 24], [18, 29], [-23, 7], [-16, 41], [-20, 21], [-44, 28], [13, 26], [18, 21], [27, 51], [-10, 27], [-24, -4], [-36, -11], [-34, 20], [-20, 20], [-10, 31], [-16, 6]], [[3338, 56130], [1, 14], [-57, -13], [11, 39], [51, 68], [-41, -10], [-37, 16], [101, 93], [24, 24], [-31, 44], [8, 41], [30, 59], [-18, 30], [-58, 24], [-50, -1], [-6, 9], [69, 130], [124, 36], [60, 32], [-14, 21], [-79, 13], [-28, 55], [37, 51], [37, 33], [72, -35], [3, 63], [-65, 8], [-34, 31], [-12, 29], [-44, -17], [-31, -18], [3, 36], [52, 46], [51, 53], [8, 29], [-22, 22], [-45, 13], [-82, 25], [-90, 20], [-25, 19], [17, 37], [70, 46], [10, 9], [-8, 26], [17, 72], [1, 53], [13, 24], [6, 54], [-10, 16], [-33, 10], [-65, -5], [-51, 5], [-23, 23], [-9, 44], [12, 69], [60, 77], [-21, 41], [6, 55], [-5, 161], [-27, 33], [-50, 55], [-41, 18], [-90, -28], [-79, 40], [-14, 24], [18, 36], [53, 18], [19, 13], [17, 40], [2, 44], [-9, 41], [-17, 11], [-19, -5], [-78, -75], [-10, 22], [0, 20], [-20, 23], [-34, 59], [11, 30], [-4, 17], [-15, 17], [-9, 1], [-27, -12], [-19, 45], [-60, 46], [-25, 47], [29, 20], [10, 19], [19, 12], [4, 25], [-5, 13], [-24, 20], [-31, 19], [-50, 40], [-22, 26], [13, 28], [32, 32], [98, 65], [60, 28], [77, 6], [24, 16], [24, 35], [79, 14], [24, 13], [3, 19], [2, 59], [-3, 43], [-9, 13], [-21, -7], [-17, 12], [8, 24], [47, 45], [9, 34], [-14, 21]], [[2935, 61113], [-7, 97], [-12, 10], [-13, 55], [-31, 33], [-19, 3], [-4, 31], [-24, 16], [1, 18], [22, 7], [-16, 31], [25, -1], [20, -18], [0, -29], [20, 5], [4, 39], [-25, 6], [3, 9], [20, 9], [31, -4], [-1, 37], [-18, -6], [-37, 2], [-23, 11], [-64, 0], [-14, 14], [16, 16], [43, 11], [10, -5], [36, 3], [-16, 12], [-24, 0], [-37, 5], [-10, 20], [-17, 1], [-19, 14], [-22, -2], [0, -12], [-15, -4], [-15, 15], [17, 7], [33, 0], [-3, 33], [-14, 10], [10, 18], [17, -3], [10, -13], [27, 1], [10, -17], [22, -2], [20, -12], [19, 9], [25, 4], [20, -7], [33, 34], [20, -1], [25, 11], [31, -2], [-10, -26], [11, -16], [31, -22], [34, -2], [36, -16], [23, -3], [21, 9], [24, 21], [10, 15], [15, -4], [-1, 35], [-13, 24], [-26, 10], [-5, -6], [-27, 6], [-19, 14], [-18, 4], [14, 23], [27, 16], [0, 12], [-47, 6], [-14, 7], [-12, 14], [-27, 3], [-20, 17], [-46, 19], [-8, -9], [-39, 5], [-22, -1], [-1, -11], [-22, 4], [9, 16], [-29, 6], [-16, 0], [-24, 12], [-13, 13], [-32, 0], [2, 15], [10, 10], [-1, 18], [-15, 3], [-11, 13], [-27, 6], [-28, 13], [-12, 13], [-42, 8], [-12, -13], [-32, 3], [-13, 9], [-28, 0], [-32, 8], [-14, 13], [9, 23], [21, 2], [10, -9], [32, -15], [4, -17], [12, -13], [18, 32], [14, -1], [20, 5], [22, -3], [31, -17], [52, -12], [8, -5], [55, -6], [65, -30], [28, -1], [22, -5], [46, -18], [1, 11], [-19, 21], [-26, 17], [-28, -9], [-20, -2], [-17, 11], [-4, 24], [-24, 5], [-25, 13], [-19, -14], [-17, 3], [-4, 11], [-33, 13], [-16, -7], [-12, 7], [6, 15], [25, 5], [20, -6], [21, 14], [32, -4], [16, -14], [34, 16], [22, -12], [18, 1], [12, -7], [42, 18], [32, 2], [-13, 11], [2, 18], [8, 14], [-11, 26], [9, 19], [-48, 8], [-14, 15], [-20, 1], [-26, -5], [-24, 2], [-21, -5], [-23, 7], [-17, -5], [-35, 0], [-9, -5], [-29, 0], [3, 10], [28, 3], [3, 9], [23, 17], [19, 4], [47, -6], [40, 25], [22, -11], [20, 15], [-36, 24], [-10, -6], [-11, 13], [15, 12], [18, 0], [9, 17], [-31, 1], [-19, 13], [1, 16], [-16, 21], [16, 12], [39, 5], [20, -9], [20, -2], [12, 12], [32, -3], [18, -9], [28, 2], [35, 19], [11, -13], [30, 8], [10, -7], [18, 7], [19, -15], [30, -32], [32, 3], [12, 5], [3, 16], [27, -9], [17, 13], [6, 21], [-3, 13], [15, 40], [-23, 17], [-30, -2], [-20, 8], [-41, 35], [-42, -5], [-60, 4], [-34, 5], [-125, 30], [-173, 38], [-98, 26], [-93, 34], [-185, 48], [-450, 149], [-210, 86], [-198, 102], [-23, 19], [-6, 12], [-7, 46], [-15, 27], [-22, 28], [-184, 89], [-58, 50], [-144, 81], [-31, 24], [-18, 47], [67, 534], [22, 162], [6, 108], [44, 160], [-4, 17], [-8, 92], [17, 27], [-8, 12], [-22, 218], [0, 75], [-6, 18], [-24, 25], [-26, 18], [-24, 13], [-13, 12], [-1, 11], [36, 88], [-16, 71], [-29, 95], [0, 8], [20, 61], [11, 77], [-34, 52], [-17, 46], [-38, 58], [-14, 16], [2, 19], [-12, 21], [-25, 28], [-5, 31], [-41, 30], [-18, 6], [-72, 17], [-37, 4], [-13, 5], [-19, 19], [-63, 89], [-49, 82], [-53, 147], [-146, 201], [-288, 253], [-9, 16], [-5, 54], [6, 47], [0, 23], [-17, 10], [-49, 15], [-27, 12], [-14, 24], [-16, 70], [3, 11], [41, 51], [11, -2], [22, 11], [9, 21], [-4, 41], [9, 19], [13, -16], [-8, -7], [-5, -22], [17, 4], [15, -3], [2, -16], [16, -8], [21, -21], [7, 18], [27, 20], [23, 39], [-4, 14], [17, 25], [-6, 14], [13, 5], [10, -14], [19, 15], [14, -11], [24, 21], [11, -9], [11, 8], [-10, 13], [-5, 19], [24, -11], [17, -2], [19, 19], [17, -1], [7, 9], [-2, 17], [11, 10], [11, 40], [31, 12], [26, 38], [0, 8], [32, 15], [14, -6], [51, 39], [29, 13], [21, 22], [-1, 38], [15, -16], [11, 9], [22, 5], [15, 11], [21, 2], [79, 76], [-5, 17], [17, 25], [32, 28], [17, 11], [41, 16], [23, -17], [35, -5], [17, -6], [16, 1], [25, 10], [33, 17], [17, 15], [15, 3], [18, 12], [28, 12], [16, 12], [36, 8], [14, 15], [17, -1], [13, 14], [6, 17], [16, 28], [17, 12], [17, 27], [12, 9], [6, -30], [-15, -17], [-3, -17], [20, -18], [66, -4], [30, 10], [23, 17], [21, 22], [16, 8], [6, 11], [38, 10], [13, 10], [22, 32], [11, 8], [15, 23], [27, 24], [7, -7], [20, 2], [5, -29], [21, -16], [67, -1], [32, 13], [8, -9], [23, 9], [9, -6], [18, 17], [34, 20], [11, 17], [24, 15], [19, 3], [20, 9], [18, -9], [48, 30], [9, -2], [22, 19], [11, 17], [0, 15], [10, 17], [34, 11], [13, -1], [6, -16], [36, 16], [21, 6], [34, 26], [9, 1], [39, 37], [12, 4], [27, 22], [10, -3], [34, 6], [25, -9], [57, 8], [25, -1], [22, 10], [31, 7], [93, 36], [20, 12], [15, -1], [53, 29], [38, 8], [21, -4], [55, 29], [14, 14], [29, 14], [23, -11], [17, 1], [24, 16], [25, 1], [7, -8], [36, 4], [8, 15], [32, 11], [34, -3], [25, 9], [6, 10], [42, 20], [21, 26], [25, 26], [22, 9], [24, -3], [6, -11], [18, -8], [12, -20], [19, -3], [46, 9], [9, 14], [41, 32], [4, 15], [46, 14], [-1, 20], [31, 16], [-10, 18], [24, 11], [20, 5], [5, 14], [-10, 14], [17, 31], [-3, 6], [6, 49], [-19, 0], [-3, 11], [35, 16], [42, 30], [35, 13], [15, 12], [13, 0], [16, 11], [4, -12], [16, -4], [22, 7], [17, 18], [4, 16], [-18, 16], [-5, 27], [9, 11], [38, -1], [20, -6], [1, 21], [34, 24], [16, -10], [-1, -14], [16, -3], [54, 21], [2, 16], [15, 22], [26, 25], [8, 21], [13, 4], [4, -20], [20, -4], [5, -11], [38, -5], [11, -6], [17, 6], [23, -1], [19, 5], [26, -7], [22, 2], [24, -6], [34, 28], [17, -9], [12, 1], [16, 34], [22, -2], [11, 9], [19, 1], [17, 11], [14, 24], [27, -4], [12, 9], [17, 26], [34, 16], [-2, 10], [22, 16], [-4, 13], [15, 11], [24, 0], [14, 7], [7, -12], [29, -6], [10, 10], [11, -5], [17, 6], [26, 0], [33, 23], [20, 2], [9, 20], [20, 19], [54, 29], [31, 7], [47, 3], [-16, 13], [3, 18], [13, 5], [41, -11], [34, 12], [17, 14], [-14, 24], [15, 6], [59, 37], [12, 0], [0, -18], [7, -15], [23, -6], [8, 17], [21, 5], [17, 25], [21, 3], [10, 9], [5, 27], [-13, 5], [-3, 14], [26, 25], [51, 14], [-6, 28], [-33, 12], [10, 22], [24, 11], [6, -22], [36, 7], [42, 17], [6, 8], [28, 2], [18, 17], [4, 11], [22, -5], [17, 25], [21, 0], [0, 10], [49, 16], [19, -18], [31, 7], [17, 21], [30, 13], [6, 11], [34, 5], [10, -3], [17, 11], [25, 7], [48, 39], [5, 14], [11, 7], [20, -18], [21, -6], [22, 3], [12, -9], [9, 14], [19, 7], [-1, 12], [30, 1], [8, -10], [15, 5], [-1, 20], [36, 23], [64, 15], [-2, 14], [38, 2], [42, 25], [12, 13], [14, 0], [22, 27], [37, 12], [31, -1], [31, 36], [17, 44], [11, 7], [33, 0], [8, 19], [29, 18], [21, 29], [-4, 17], [44, 5], [18, 47], [7, 6], [0, 18], [-13, 15], [-22, 6], [30, 28], [18, 11], [14, -8], [-7, -15], [17, -16], [23, 7], [20, 12], [9, 12], [-15, 38], [27, 18], [8, -10], [-2, -27], [41, 37], [3, 11], [-8, 15], [2, 17], [39, 32], [24, -1], [32, 13], [4, 13], [25, 25], [-2, 5], [38, 32], [-13, 12], [13, 30], [37, 30], [37, 7], [-30, -31], [4, -15], [25, 17], [8, 11], [16, 2], [24, 12], [13, 54], [31, 27], [9, 1], [86, 72], [17, 0], [-19, -22], [-9, -45], [6, -2], [31, 30], [-1, 14], [10, 23], [25, 9], [24, 3], [-5, 18], [45, 15], [20, 14], [31, 13], [-6, 13], [38, 25], [4, -18], [39, 36], [31, 15], [7, -16], [35, 29], [23, 11], [16, 13], [16, -3], [14, 10], [21, 32], [22, 14], [25, 22], [20, 6], [30, 21], [12, 15], [21, 14], [3, 13], [28, 20], [33, 20], [33, 26], [16, -1], [23, 12], [22, 1], [31, 29], [11, -11], [10, 10], [18, -3], [42, 39], [14, -6], [45, 16], [32, 38], [13, 11], [28, 43], [-18, 10], [16, 15], [12, -1], [8, -18], [14, -3], [7, 20], [18, 9], [6, 13], [20, 1], [-3, 15], [9, 18], [25, 5], [22, 21], [-17, 7], [2, 12], [20, -5], [17, 7], [35, 22]], [[7934, 71010], [220, 75]], [[8679, 71742], [7, 2], [17, 29], [14, 8], [16, 0], [9, 10], [-2, 13], [35, 36], [19, 10], [35, 31], [7, -16], [-26, -14], [-18, -26], [8, -5], [16, 21], [20, -8], [28, 2], [31, 28], [7, 26], [11, 6], [16, -13], [18, 7], [12, 11], [13, -1], [1, -23], [10, -11], [27, 6], [19, 27], [4, 18], [20, 2], [18, 17], [17, 30], [19, 3], [7, 13], [22, 0], [4, 13], [-6, 22], [21, 13], [-1, 21], [35, 29], [1, 9], [34, 25], [13, 1], [14, 22], [-3, 12], [32, 13], [27, 21], [5, 16], [22, 27], [11, 0], [9, 13], [30, 18], [-5, 17], [23, 13], [19, 30], [3, 11], [23, 18], [14, 1], [32, 45], [13, 10], [-8, 34], [19, 24], [21, 5], [52, 36], [-2, 10], [53, 26], [-4, 10], [6, 17], [-8, 14], [14, 13], [14, 2], [20, 18], [-12, 14], [12, 8], [27, -12], [22, 7], [-1, 17], [14, 14], [9, 25], [32, 15], [15, -5], [13, 6], [18, 30], [25, -2], [33, 28], [3, 27], [60, 23], [11, -2], [14, 17], [10, 28], [-2, 33], [32, 6], [11, 13], [21, 7], [46, 58], [3, 22], [-9, 8], [5, 18], [38, 29], [6, 26], [15, 39], [26, 7], [4, 12], [44, 12], [72, 48], [12, 10], [16, 0], [31, 24], [7, 28], [13, 1], [11, 27], [34, 9], [8, 36], [27, 14], [-24, 31], [2, 12], [26, 12], [23, 4], [37, 27], [13, -1], [15, 21], [22, 14], [13, 21], [-3, 28], [12, 18], [-8, 8], [30, 14], [14, 34], [-5, 8], [38, 29], [-4, 19], [21, 16], [32, 58], [15, -7], [-15, 35], [11, 4], [19, 26], [24, 11], [16, -1], [18, 9], [35, -7], [26, 6], [28, 17], [14, 19], [22, 22], [-5, 28], [10, 21], [-5, 30], [-7, 9], [16, 31], [2, 10], [21, 18], [-1, 8], [18, 14], [12, 21], [1, 17], [21, 20], [3, 16], [13, 12], [16, 36], [18, -4], [-2, 18], [7, 25], [16, 27], [-24, 12], [-28, -16], [-6, -8], [-18, -4], [-16, 4], [-13, 13], [-11, -18], [5, -42], [-3, -19], [-19, -23], [-25, -23], [-33, -13], [-25, -4], [-10, -16], [-42, -21], [-7, -11], [8, -18], [-22, -28], [-44, -26], [-31, -6], [-11, -13], [-16, -8], [3, -14], [-12, -14], [-20, -3], [-37, -33], [-35, -9], [1, 22], [14, 23], [24, 20], [-3, 20], [16, 16], [44, 17], [22, 46], [27, 23], [42, 32], [52, 51], [16, 21], [14, 10], [1, 11], [23, 27], [1, 12], [14, 11], [8, 23], [20, 17], [14, -4], [18, 11], [16, 51], [25, 35], [21, 43], [29, 27], [24, -9], [10, 10], [20, -9], [24, 9], [-3, 21], [-27, 12], [25, 52], [20, -10], [25, 33], [15, 29], [19, 13], [1, 9], [31, 40], [6, 25], [16, -2], [2, 28], [34, 2], [-8, 15], [20, 28], [31, 23], [19, 30], [14, 4], [15, 13], [24, 32], [1, 19], [9, 25], [16, 19], [-5, 9], [-1, 44], [29, 8], [32, -6], [17, 9], [13, -11], [22, 2], [-25, 27], [-26, 1], [27, 36], [10, 22], [19, -16], [8, 13], [30, 3], [2, 18], [-10, 21], [-13, 44], [14, 6], [17, 32], [21, 12], [3, 12], [15, 11], [3, 18], [17, 2], [-5, 17], [6, 9], [18, -1], [6, 13], [-15, 8], [17, 30], [15, -10], [12, 6], [13, 21], [0, 23], [27, 6], [21, 26], [19, 16], [25, 26], [7, 15], [19, 6], [1, 22], [15, 18], [3, 12], [14, 12], [8, 39], [-2, 26], [11, 22], [31, 17], [16, -3], [20, 13], [18, 1], [0, 34], [8, 17], [24, 0], [19, 10], [24, -1], [26, 9], [26, 14], [13, 35], [1, 29], [17, 17], [-4, 9], [9, 31], [-4, 14], [13, 9], [28, 40], [20, 13], [-14, 27], [11, 14], [7, 50], [13, -1], [3, 18], [-7, 17], [15, 11], [-7, 13], [-13, -7], [-5, 24], [17, -3], [19, 9], [10, 25], [-7, 5], [3, 37], [-9, 27], [6, 15], [-3, 15], [56, 11], [18, -8], [28, 16], [4, 18], [-22, 7], [0, 19], [36, 11], [22, 1], [10, -11], [25, 13], [24, 3], [21, -3], [25, 7], [41, 27], [15, 21], [20, 15], [35, 70], [16, 5], [12, 36], [13, 7], [6, 29], [19, 28], [20, 4], [7, 24], [2, 42], [17, 27], [-3, 51], [11, 36], [-1, 45]], [[12812, 77283], [12, 21]], [[13322, 80554], [10, 41], [-1, 36], [-8, 21], [-32, 41], [9, 60], [-3, 21], [6, 37], [6, 8], [-2, 40], [4, 16], [0, 42], [-5, 17], [8, 18], [-4, 27], [6, 33], [1, 41], [-11, 27], [-1, 21], [20, 7], [2, 22], [-8, 31], [-13, 32], [-3, 85], [15, 13], [-1, 28], [13, 28], [-9, 72], [-16, 32], [9, 75], [-5, 19], [9, 42], [-10, 13], [4, 31], [10, 34], [-7, 6], [6, 18], [-7, 30], [6, 20], [-4, 32], [2, 68], [-6, 22], [-4, 51], [-15, 23], [-10, 3], [12, 28], [-10, 19], [4, 14], [-10, 32], [2, 17], [-15, 18], [17, 5], [1, 23], [-4, 16], [0, 24], [-11, 84], [-9, 32], [-1, 32], [-18, 51], [15, 10], [0, 24], [-10, 51], [10, 7], [21, 2], [-5, 18], [-18, 18], [-12, 0], [-8, 13], [-25, 58], [-28, -5], [-10, 5], [2, 25], [14, 15], [0, 16], [-9, 42], [-8, 7], [5, 19], [4, 39], [12, 22], [-5, 45], [8, 6], [-7, 36], [-9, 10], [0, 44], [8, 2], [-13, 37], [10, 4], [0, 23], [13, 23], [-3, 17], [20, 8], [-4, 26], [-13, 28], [-52, 29], [-6, 58], [-22, 151], [2, 147], [19, 131], [13, 70], [-11, 98], [-120, 657], [-63, 259], [-52, 226], [-43, 130], [-102, 330], [-52, 161], [-79, 203], [-44, 86], [-17, 89], [-134, 254], [-150, 223], [-70, 121], [-21, 90], [-21, 118], [-35, 128], [-67, 150], [-60, 128], [-24, 73], [-56, 158], [-72, 153], [-4, 121], [-26, 204], [-36, 162], [-79, 141], [-121, 203], [-141, 264], [-40, 69], [-39, 54], [-41, 68], [-44, 81], [-160, 237], [-60, 67], [-43, 80], [-120, 191], [-38, 64], [-79, 110], [-43, 80], [-108, 148], [-67, 105], [-44, 55], [0, 38], [28, 44], [48, 34], [9, 17], [-6, 26], [-20, 5], [-42, -4], [-42, -1], [-71, 49], [-92, 75], [-98, 77], [-56, 47], [-75, 59], [-53, 86], [-71, 51], [-72, 22], [-41, 5], [-64, 16], [-54, 56], [-84, 101], [-91, 117], [-46, 32], [-165, 87], [-203, 80], [-8, 27], [33, 38], [32, 18], [4, 47], [-26, 46], [-65, 59], [-390, 296], [-299, 211], [-121, 53], [-103, 55], [-144, 117], [-177, 77], [-155, 76], [-104, 47], [-98, 31], [-182, 68], [-75, 46], [-83, 44], [-107, 60], [-68, 79], [-34, 52], [-19, 62], [-124, 116], [-149, 146], [-130, 85], [-206, 126], [-49, 27], [-180, 107], [-312, 191], [-583, 347], [-133, 85], [-144, 81], [-70, 56], [-43, 27], [-63, 25], [-11, 10], [-53, 110], [-3, 31], [12, 35], [4, 54], [23, 55], [20, 205], [-25, 228], [-14, 134], [-18, 23], [-72, 67], [-9, 12], [-3, 24], [9, 73], [-2, 105], [7, 25], [1, 41], [26, 27], [10, 23], [21, 10], [17, 14], [-5, 42], [-8, 40], [-11, 13], [-34, 21], [-55, 46], [-8, 25], [8, 71], [7, 3], [55, 46], [103, 54], [133, 108], [69, 69], [-25, 22], [4, 29], [-9, 7], [-11, 32], [8, 12], [-4, 26], [19, 8], [33, 46], [-2, 14], [5, 32], [-9, 8], [-13, -18], [-49, -3], [-9, 17], [-24, 13], [9, 26], [-15, 16], [9, 10], [2, 55], [13, 36], [21, 0], [21, -18], [28, -12], [41, 10], [10, 27], [4, 43], [-13, 11], [-13, 23], [14, 7], [15, 20], [12, -5], [-1, 48], [18, 12], [3, 26], [-13, 43], [270, 160], [192, 163], [373, 320], [-43, 89], [74, 32], [136, 66], [83, 270], [84, 52], [80, 34], [193, 355], [-38, 120], [110, 103], [93, 68], [77, 49], [110, 17], [133, 10], [72, 37], [68, 15], [26, 61], [-33, 31], [-27, 46], [-10, 78], [42, 99], [258, 241], [152, 181], [8, 75], [-229, 268], [-30, 79], [24, 187], [31, 103], [64, 100], [122, 224], [75, 98], [223, 327], [24, 109], [-103, 335], [19, 194], [22, 210], [8, 188], [90, 172], [94, 95], [161, 86], [85, 39], [108, 33], [124, 15], [93, -1], [241, -46], [152, -24], [13, 16], [414, 832], [29, 30], [56, 26], [11, 13], [1, 21], [-15, 57], [-109, 239], [-278, 442], [-67, 109], [-140, 131], [-6, -1], [-150, 104], [7, 99], [61, 53], [39, 20], [-117, 93], [-13, 23], [14, 55], [52, 98], [119, 118], [111, 23], [91, 155], [-93, 126], [-161, 257], [-86, 149], [-20, 36], [-2, 112], [35, 172], [8, 176], [-54, 106], [-126, 113], [-213, 174], [-182, 137], [-45, 47], [21, 62], [42, 212], [66, 189], [6, 41], [-25, 51], [-136, 218], [-266, 380], [-126, 99], [-57, 79], [-3, 84], [36, 126], [15, 4], [181, 110], [-94, 146], [-2, 22], [33, 93], [-532, 543], [-150, 167], [-77, 96], [-39, 82]], [[6832, 110135], [-66, 68], [258, 301], [106, 106], [155, 112], [112, 168], [149, 161], [205, 119], [116, 53], [23, 258], [34, 299], [127, 165], [57, 139], [6, 60], [9, 33], [-4, 44], [-10, 58], [-32, 53], [-43, 38], [-2, 134], [66, 203], [-18, 195], [-18, 179], [-41, 296], [-103, 225], [-35, 257], [35, 39], [58, 310], [-77, 438], [-104, 302], [-72, 77], [-157, 122], [-143, 132], [-99, 105], [-75, 85], [-41, 116], [-121, 217], [-40, 195], [-25, 141], [-224, 585], [-107, 449], [-139, 391], [-6, 248], [-60, 524], [-77, 334], [-50, 280], [-24, 90], [-9, 80], [46, 164], [13, 87]], [[10100, 121623], [376, -93], [720, -90], [300, -32], [547, -52], [282, -59], [193, -56], [354, -173], [163, -66], [225, -127], [139, -59], [223, -73], [330, -89], [321, -88], [764, -266], [209, -82], [267, -91], [180, -9], [83, -9], [143, -33], [210, -121], [166, -61], [209, -50], [234, -46], [178, -28], [128, -25], [134, -41], [68, -8], [65, 14], [57, -8], [75, -22], [50, -28], [77, 2], [48, 45], [117, 82], [56, 25], [105, 28], [84, 43], [177, 21], [168, -24], [326, -113], [423, -57], [169, -73], [115, -51], [229, -27], [258, -61], [260, -63], [68, -18], [105, -20], [137, -18], [102, 9], [109, 26], [152, 67], [312, 33], [568, -29], [233, 17], [298, 78], [416, 288], [221, 159], [273, 122], [642, 115], [234, 254], [46, 51], [311, 342], [499, 97], [263, 30], [213, -124], [165, -278], [218, -186], [323, -90], [305, -108], [351, -165], [244, -140], [249, -142], [59, -92], [1, -197], [26, -82], [59, -60], [63, -51], [117, -68], [712, -400], [284, -180], [149, -28], [195, 38], [152, 20], [191, -62], [279, -144], [95, -98], [53, -83], [47, -170], [-14, -231], [6, -130], [-9, -50], [-28, -45], [-35, -47], [8, -17], [-15, -9], [1, -34], [-8, -4], [-30, -35], [-21, -18], [66, -4], [23, 8], [1, -14], [-31, -25], [-33, -12], [2, -17], [27, -4], [18, -15], [-29, -25], [41, -110], [55, -6], [31, -27], [-13, -31], [15, -5], [19, -35], [49, -9], [12, -12], [25, -4], [16, -17], [3, -25], [30, -19], [33, 14], [24, 3], [23, 13], [20, -2], [30, 12], [30, -12], [36, -20], [14, -23], [-16, -9], [36, -25], [46, -11], [38, -32], [-12, -5], [-16, -34], [15, -12], [-6, -14], [10, -15], [24, -6], [38, 26], [19, 22], [17, 3], [47, -14], [52, -26], [23, -16], [3, -24], [18, -17], [7, -26], [43, -4], [15, 32], [-11, 16], [8, 15], [19, 3], [19, -13], [21, -2], [40, 7], [21, -14], [31, -12], [14, -28], [18, -6], [11, -14], [14, -1], [15, 13], [-4, 18], [47, 14], [27, -12], [44, -1], [50, 9], [17, -11], [32, 4], [36, -31], [4, -17], [59, -4], [39, -8], [43, -38], [41, 1], [15, -8], [0, -19], [13, -23], [41, -10], [-10, -18], [21, -20], [45, -37], [11, -18], [-7, -40], [8, -7], [-9, -23], [9, -26], [-9, -8], [-17, 11], [-31, -14], [21, -8], [34, -23], [19, -28], [16, -14], [14, 8], [22, -6], [14, -32], [34, -42], [35, -21], [11, -27], [13, -11], [37, -14], [10, -19], [56, -42], [9, -20], [-28, 3], [-31, -7], [-14, 9], [-8, 17], [-28, 6], [-35, 1], [-39, -22], [-27, -2], [-21, -8], [-13, -14], [3, -11], [-16, -10], [-20, 3], [-18, -19], [-32, -17], [2, -26], [38, -13], [31, -24], [-21, -16], [-34, -3], [-26, 14], [-34, -18], [-48, -16], [-13, 3], [-8, -15], [11, -13], [-8, -27], [-41, -30], [24, -19], [5, -17], [32, 2], [20, -6], [17, -12], [-3, -14], [-28, -22], [4, -15], [17, -3], [22, 6], [10, -6], [36, 5], [17, 11], [33, 8], [46, -7], [29, 0], [14, 8], [9, 29], [-17, 19], [4, 11], [39, 12], [8, 6], [7, 32], [25, -1], [29, 32], [39, 9], [33, -2], [30, -21], [63, -20], [27, -2], [11, -11], [-6, -18], [36, 2], [-18, -22], [-2, -23], [-17, -6], [-50, 5], [3, -20], [35, -15], [8, -8], [35, -1], [21, -6], [36, 5], [10, 18], [29, 14], [24, -21], [-11, -22], [0, -14], [29, -24], [23, -33], [-8, -10], [31, -5], [21, -9], [39, 0], [4, -10], [23, -3], [16, -13], [26, -9], [407, -87], [265, -64], [181, -54], [401, -143], [475, -193], [110, -48], [114, -66], [76, -81], [20, -77], [14, -128], [-14, -76], [-28, -41], [-38, -37], [-94, -66], [-27, -43], [-55, -345], [-37, -536], [47, -91], [-8, -48], [-156, -274], [-115, -251], [-99, -102], [-17, -40], [14, -43], [55, -30], [154, -93], [91, -65], [95, -132], [131, -106], [147, -38], [178, -16], [42, -18], [21, -37], [27, -140], [43, -80], [63, -52], [90, -39], [170, -16], [151, -3], [114, 9], [151, -13], [53, -41], [123, -110], [170, -34], [487, -47], [169, -39], [99, -32], [142, -79], [137, -124], [150, -102], [134, -32], [164, 32], [88, 26], [94, 14], [152, -63], [264, -171], [361, 23], [120, 69], [93, 36], [66, -24], [42, -12], [106, 10], [42, 18], [52, 81], [89, 52], [341, 73], [210, -2], [74, -16], [62, -35], [42, -47], [67, 0], [104, 8], [84, 33], [73, 8], [74, -16], [57, -56], [101, -147], [2, -54], [-22, -51], [-176, -169], [-30, -113], [196, -182], [41, -96], [27, -87], [49, -265], [80, -284], [352, -240], [235, -184], [58, 0], [41, 40], [77, 97], [-44, 154], [147, 241], [195, 157], [172, 94], [51, 81], [104, 218], [36, 84], [20, 100], [9, 113], [53, 181], [80, 143], [184, 143], [127, 29], [108, -7], [176, -50], [122, -57], [63, -56], [64, -84], [44, -131], [86, -224], [213, -354], [298, -308], [141, -200], [6, -62], [-11, -92], [-118, -224], [-157, -224], [-174, -149], [-139, -90], [-258, -142], [-502, -212], [-93, -70], [-57, -77], [-31, -77], [-10, -99], [30, -129], [102, -232], [29, -94], [-17, -83], [-31, -114], [-53, -95], [-107, -124], [-128, -207], [-82, -251], [10, -98], [2, -169], [207, -450], [6, -57], [-5, -35], [-28, -73], [-7, -48], [8, -40], [35, -43], [263, -379], [33, -86], [173, -273], [-38, -163], [13, -141], [-27, -112], [0, -93], [77, -298], [-25, -115], [-45, -72], [-34, -64], [-108, -398], [-10, -110], [45, -76], [197, -284], [173, -325], [53, -260], [35, -273], [-22, -155], [-51, -196], [-5, -350], [25, -178], [21, -98], [-1, -69], [-4, -114], [-27, -87], [-31, -71], [-39, -119], [-15, -150], [6, -90], [120, -484], [220, -329], [372, -287], [394, -347], [94, -169], [121, -456], [11, -184], [-107, -98], [180, -286], [139, 14], [74, -102], [329, -551], [104, -256], [111, -109], [238, -384], [219, -188], [265, -55], [243, -1], [272, -2], [328, 32], [247, -39], [134, -5], [363, -142], [393, -280], [242, -333], [54, -212], [-51, -387], [-9, -165], [9, -339], [0, -248], [56, -124], [138, -152], [187, -55], [409, 4], [266, 41], [167, -35], [251, -98], [436, -210], [302, -188], [175, -229], [115, -200], [23, -136], [-167, -567], [-9, -271], [48, -252], [260, -123], [129, 6], [535, 396], [327, 183], [569, 403], [391, 392], [317, 181], [286, 121], [257, 82], [416, 73], [261, 183], [50, 60], [134, 108], [40, 56], [101, 62], [62, 83], [108, 128], [154, 178], [88, 187], [139, 319], [70, 111], [46, 87], [36, 99], [-1, 429], [35, 189], [80, 120], [79, 46], [240, -2], [217, 8], [98, -7], [89, -29], [81, -61], [17, -39], [395, 53], [158, 24], [165, 71], [387, 221], [118, 43], [61, 30], [53, 50], [134, 121], [25, 52], [6, 24], [-7, 21], [-35, 26], [-32, 37], [-26, 37], [-9, 38], [22, 496], [66, 312], [1, 350], [-76, 341], [-94, 410], [50, 320], [289, 377], [1087, 973], [116, 148], [77, 226], [-70, 981], [-24, 126], [-7, 95], [25, 77], [52, 133], [196, 186], [235, 227], [436, 375], [285, 224], [182, 186], [221, 341], [48, 144], [-30, 132], [-17, 66], [25, 106], [94, 116], [118, 10], [83, -16], [69, 0], [28, -10], [24, -25], [13, -25], [13, 5], [19, -8], [42, 44], [10, 41], [-10, 99], [-19, 54], [-7, 63], [74, 125], [43, 35], [77, 26], [62, 6], [18, 19], [-3, 119], [14, 71], [5, 17], [21, 15], [18, 0], [73, -11], [19, 2], [15, 9], [4, 28], [-2, 17], [-14, 21], [-7, 28], [14, 48], [14, 14], [127, 62], [24, 27], [5, 11], [-17, 32], [-12, 7], [-112, 60], [-9, 10], [-16, 56], [11, 148], [22, 70], [93, 118], [82, 61], [113, 17], [54, 36], [41, 56], [37, 15], [44, 61], [36, 83], [-7, 135], [-52, 66], [-20, 72], [20, 66], [54, 28], [72, -3], [126, -26], [135, -79], [96, -47], [18, 11], [-3, 56], [17, 30], [21, -3], [110, -67], [176, -50], [64, -11], [65, -9], [122, -57], [101, -53], [97, -81], [103, -71], [27, -29]], [[9999, 21294], [4, -12], [-23, -24], [0, -22], [14, -18], [-13, -7], [-2, -13], [14, -14], [-37, -8], [3, -16], [-6, -20], [-36, 0], [-2, 165], [81, 2], [3, -13]], [[7358, 25785], [-73, 2], [-150, 1], [-1, -99], [-12, 0], [1, -205], [45, 0], [-2, -15], [0, -84], [-124, -1], [-1, -31], [-6, -69], [-2, -100], [-50, -3], [-167, 0], [-187, -2], [-193, -1], [3, -170], [1, -221], [-72, 0], [-3, -106], [0, -183], [-2, -204], [2, -10], [87, 0], [1, 98], [70, 0], [337, 1], [2, -3], [62, 2], [173, -2], [102, -2], [63, 0], [35, 4], [5, 9], [-2, 100], [-72, -3], [1, 104], [-3, 101], [76, 1], [1, 95], [36, 0], [1, 93], [81, -1], [164, 0], [148, -1], [371, -2], [2, 45], [0, 337], [2, 327], [-206, -1], [1, 101], [-1, 100], [-65, -3], [-242, 3], [-237, -2]], [[2821, 22796], [4, 0], [3, -265], [0, -21]], [[2828, 22510], [-3, -58], [2, -142]], [[2827, 22310], [-1, -20]], [[2826, 22290], [-59, 2], [-4, -47], [-16, -43], [-11, -14], [-22, -2], [-29, -6], [-9, -9], [5, -25], [14, -5], [-19, -27], [-7, -18], [-17, -25], [-147, 13], [-126, 8], [-1, -99], [-101, -1], [-5, -194], [14, -1], [-1, -100], [-114, -2], [-1, -103], [34, -1], [-2, -98], [178, -2], [-1, -202], [304, -1], [-1, -9], [-20, -9], [-6, -19], [6, -13], [-6, -18], [0, -32], [160, -2], [1, 407], [116, -2], [0, 102], [2, 102], [332, 0], [267, 0], [16, -34], [24, -22], [21, -1], [13, 6], [19, 51], [84, 0], [0, -163], [-1, -21], [11, -21], [10, 0], [9, -18], [-3, -17], [9, -29], [-14, -25], [3, -8], [62, -18], [45, -19], [34, -5], [29, 14], [11, -2], [43, -41], [20, -16], [17, -19], [39, -30], [34, -40], [12, -17], [16, -12], [8, -26], [9, -13], [34, -30], [12, -6], [23, -29], [42, -33], [22, -28], [41, -27], [20, -28], [17, -17], [55, -31], [47, -19], [13, -16], [7, -28], [-7, -12], [-2, -65], [-8, -69], [0, -26]], [[6374, 18758], [228, 2], [428, -3], [610, 1], [301, 0], [340, -1], [526, -2], [417, -3], [441, 2], [241, -9], [2, 44], [6, 318], [2, 300], [-2, 100], [-1, 272], [18, -1], [129, 0], [207, -1], [575, 0], [538, -2], [252, 6]], [[7902, 8416], [-54, 10], [-73, 49], [-104, 36], [-85, 17], [-82, 47], [-123, 83], [-46, 25], [-45, 10], [-65, 1], [-55, -15], [-60, -24], [-55, 9], [-45, 20], [-91, 67], [-57, 21], [-60, 29], [-38, 54], [-35, 23], [-144, 11], [-77, -15], [-22, -2], [-75, -26], [-30, -1], [-82, 35], [-86, -8], [-48, -36], [-36, -31], [-35, -33], [-51, -28], [-32, -15], [-21, 7], [-28, 27], [-49, 23], [-43, 33], [-36, 36], [-64, 62], [-24, 25], [-19, 27], [-40, 26], [-62, 12], [-48, 10], [-46, 2], [-64, 2], [-140, 1], [-33, 2], [-56, -9], [-24, 3], [-43, 13], [-81, 46], [-80, 41], [-49, 13], [-132, 52], [-116, 12], [-24, 4], [-71, -3], [-56, -10], [-57, -7], [-89, 10], [-58, 43], [-30, 38], [-29, 59], [-10, 16], [-5, 41], [22, 84], [7, 72], [-8, 60], [-11, 24], [-51, 43], [-77, 30], [-78, 92], [-38, 47], [-103, 90], [-107, 71], [-27, 10], [-36, 19], [-42, 31], [-67, 71], [-56, 42], [-28, 56], [-72, 84], [-63, 102], [-12, 33], [-46, 81], [-37, 23], [-57, 84], [-2, 30], [-21, 19], [-61, 90], [-8, 42], [-22, 76], [0, 51], [6, 121], [-30, 48], [-26, 46], [-17, 114], [-8, 41], [-50, 78], [-70, 56], [-36, 26], [-43, 58], [-34, 40], [-92, 167], [-4, 42], [-7, 33], [-12, 37], [2, 30], [-5, 19], [-12, 19], [-17, 15], [-17, 42], [-38, 82], [-9, 67], [-38, 115], [-38, 114], [-6, 61], [-29, 59], [-19, 71], [-28, 55], [-38, 86], [-142, 48], [-35, 7], [-40, 66], [-62, 138], [-77, 126], [-64, 82], [-16, 17], [-51, 104], [-67, 122], [-58, 115], [-41, 88], [-33, 95], [-1, 93], [-23, 108], [-14, 54], [-28, 46], [-57, 61], [-38, 38], [-78, 123], [-60, 92], [-44, 68], [-58, 100], [-21, 67], [-11, 49], [-2, 45], [5, 215], [5, 80], [15, 105], [15, 59], [7, 43], [-1, 78], [-12, 88], [-10, 58], [0, 47], [14, 51], [31, 71], [4, 66], [-5, 25], [-36, 76], [-13, 20], [-22, 49], [-26, 43]], [[1318, 15811], [66, -7], [97, -4], [159, -2], [-2, 88], [0, 122], [-84, -4], [0, 142], [-2, 112], [2, 249], [1, 257], [-87, 0], [-1, -33], [-195, 14], [-2, -12], [-100, 4], [-120, -33], [-211, -51]], [[839, 16653], [-40, 72], [-18, 40], [-14, 52], [-10, 72], [1, 87], [8, 35], [24, 53], [40, 62], [34, 72], [11, 45], [7, 48], [1, 88], [12, 50], [24, 46], [85, 71], [40, 35], [20, 36], [6, 17], [1, 19], [-30, 102], [0, 156], [2, 102], [-1, 103], [0, 397], [-1, 488], [-1, 20], [0, 277], [1, 143], [0, 329], [0, 156], [0, 137], [1, 113], [0, 609], [-2, 427], [1, 43], [0, 257], [1, 154], [1, 133], [-1, 30], [1, 142], [-2, 137], [1, 235], [-1, 360], [1, 98], [0, 213], [-1, 101], [1, 36], [-1, 85], [1, 62]], [[1042, 23298], [65, -1], [169, -1], [253, 0], [107, -1], [301, -1], [0, -92], [330, -2], [269, 0], [1, -246], [0, -160], [284, 2]], [[4611, 22795], [-394, 1], [-525, 1]], [[3692, 22797], [-230, 0], [2, 96], [-2, 3], [1, 112], [0, 88], [-177, 0]], [[3286, 23096], [0, 99], [-3, 101], [2, 305], [161, 1], [162, 3], [-12, 4], [3, 18], [-14, 7], [-16, 29], [-5, 20], [-8, 2], [5, 52], [-22, 42], [-13, 6], [202, 1], [1, 97], [3, 213], [-6, 289], [-1, 139], [4, 263], [-196, -1], [-271, 4], [-108, -5], [-95, 1], [-1, -95], [-227, 1], [1, -181], [-1, -163], [2, -172], [-1, -91], [0, -80], [0, -223], [-344, -1], [-139, 0], [-623, 5], [-49, 1], [-346, 1], [-288, 7]], [[1043, 23795], [-1, 499], [0, 151], [0, 250], [0, 310], [-1, 434], [1, 559], [0, 73], [0, 121], [0, 191], [-1, 410], [1, 10], [-1, 187], [0, 302], [0, 102], [-1, 176], [0, 157], [0, 55], [0, 130], [0, 487], [0, 358]], [[10164, 18111], [-21, -19], [-7, 8], [5, 24], [-10, 8], [-19, -4], [-8, 13], [-9, -45], [63, -20], [9, 29], [-3, 6]], [[10112, 18139], [27, 2], [9, 14], [3, 18], [13, 17], [13, 5], [-59, 26], [5, -38], [-2, -14], [-13, -16], [4, -14]], [[1940, 26395], [0, -105], [50, 1], [9, -45], [12, -25], [13, -1], [3, -132], [174, 3], [320, 0], [2, 201], [145, 0], [172, 0], [1, 201], [-3, -1], [-184, 0], [-1, 204], [-176, -1], [2, 94], [4, 99], [-136, 2], [-206, 0], [-199, -2], [-3, -99], [2, -289], [-1, -105]], [[32798, 134], [-40, -1], [-193, -9], [-220, -9], [-22, -1], [-66, 3]], [[32549, 3196], [-16, -39], [-17, -29], [-5, -16], [0, -23]], [[32511, 3089], [-44, -8], [-17, -1], [-24, 9], [-42, 27], [-43, 16], [-20, -2], [-32, -10]], [[32289, 3120], [-20, 32], [-10, 12], [-36, -1], [-152, 2]], [[32021, 3653], [16, -41], [1, -46], [19, -29], [52, 78], [21, -21], [43, 84], [74, -67], [52, 75]], [[32689, 3013], [-16, -59], [-21, -32], [-9, -7], [-64, -26], [-2, -19], [-21, -12], [-2, 32], [-27, -6], [1, -30], [-17, 0], [-1, 29], [-47, 1], [-28, -35]], [[32435, 2849], [-15, 28], [-15, 20], [-26, 6]], [[32379, 2903], [-9, 33], [-19, 43], [-13, 48]], [[32338, 3027], [-19, 39], [-6, 28], [-24, 26]], [[32511, 3089], [28, 4], [14, -2], [35, -14], [-3, -25], [9, -71], [34, 24], [32, 14], [29, -6]], [[32767, 2828], [-52, -2], [0, -34], [-77, 9], [-82, -3], [1, -69], [-90, 0]], [[32467, 2729], [-5, 13], [0, 37], [-20, 57], [-7, 13]], [[32689, 3013], [5, 20], [12, 11]], [[32467, 2729], [-11, 0], [6, -36], [12, -2], [4, -136]], [[32248, 2528], [-2, 73], [-2, 21], [-75, 2], [0, 36]], [[32169, 2660], [76, 1], [1, -16], [14, -15], [40, -2], [0, -16], [21, 13], [20, 23], [5, 22], [-1, 33], [8, 0], [2, 19], [-28, 5], [-14, 10], [3, 25], [-11, 11]], [[32305, 2773], [20, 9], [-1, 31], [13, 6], [19, 1], [0, 32], [-7, 22], [-11, 0], [0, 18], [11, -1], [-2, 17], [32, -5]], [[32305, 2773], [-15, 8], [-16, 17], [-24, -10], [-23, 4], [-45, -15], [-1, -18], [-6, -12], [-23, -10]], [[32152, 2737], [-8, 31], [5, 6], [58, 38], [31, 4], [-14, 39], [2, 22], [1, 90], [60, 32], [51, 28]], [[32169, 2660], [-33, 1], [-2, 13]], [[32134, 2674], [-2, 19], [10, 28], [10, 16]], [[32134, 2674], [-8, 12], [11, 32], [-67, 2], [-15, 3], [5, 38], [-24, 3], [-3, 6], [12, 27], [-14, -1]], [[32031, 2796], [1, 95], [32, 51], [6, 75], [1, 110]], [[31794, 2134], [-37, 4], [-235, 9], [9, 138], [1, 78]], [[31532, 2363], [78, 26], [4, 74], [72, 10], [2, 37], [75, -2], [0, 35], [78, 12], [0, 33], [61, 1], [-1, 64], [4, 7], [51, -2], [0, 97], [15, 29], [16, 11], [44, 1]], [[31532, 2363], [4, 363]], [[30519, 5942], [-50, 56], [-98, 92], [-29, 26], [-54, -74], [-89, 77], [-150, 148], [26, 23], [38, 53], [-7, 8]], [[30106, 6351], [-45, 44], [-75, 71], [-30, -43]], [[29956, 6423], [4, 47], [-8, 28], [-39, 36], [-31, 20], [-16, 3], [-37, 36]], [[29829, 6593], [-69, 71], [-21, 54], [-29, 18], [-15, 19], [-2, 36], [-5, 9], [-51, 2], [-28, 26], [-16, 8], [-26, -3]], [[29876, 5820], [70, 102]], [[29946, 5922], [3, 4]], [[29949, 5926], [13, 19], [130, -125], [135, 196], [71, -4], [8, 1], [37, -14], [43, -23], [57, -48], [48, -24]], [[29829, 6593], [-136, -201], [-16, -25], [-147, -210]], [[29635, 6052], [40, 59], [-1, 22], [14, -4], [52, 74], [2, -2]], [[29742, 6201], [-52, -75], [64, -65], [112, -111], [29, -19], [51, -9]], [[29949, 5926], [-46, 8], [-22, 9], [-39, 37], [26, 38], [-9, 9], [4, 14], [25, 24], [10, -6], [37, 53], [12, 6], [-12, 19], [15, 9], [8, 25], [17, -3], [16, 26], [34, -28], [8, -38], [-2, -41], [52, 73], [-21, 20], [6, 9], [-19, 23], [-34, 30], [18, 24], [12, -1], [61, 86]], [[29742, 6201], [61, 89], [8, -4], [5, 23], [31, 45], [27, 10], [19, -7], [35, -4], [25, 52], [3, 18]], [[28938, 2676], [-1, 32], [-25, 7], [-22, -25], [-12, 18], [8, 7], [-3, 18], [-32, -5], [-8, 3], [-9, -19], [-3, -23], [-21, -14], [-18, -16], [9, -31], [-1, -12], [-27, -19], [-3, -16], [-10, -6], [3, 33], [-11, -1], [12, 48], [-20, 3], [-9, -6], [13, 128], [6, 11], [100, -1], [7, 16], [-3, 15], [16, 3], [3, 18], [15, 10], [-38, 39], [9, 45], [2, 21], [24, -7], [9, 6], [24, -2], [8, -6], [4, 29]], [[28934, 2977], [87, 0], [-12, -77], [12, 9], [3, 17], [17, -4], [-5, -28], [9, -5], [9, -18], [-6, -12], [7, -16], [-12, -9], [-6, -16], [-13, -4], [9, -30], [0, -30], [13, -17], [3, -15], [-44, 7], [0, 21], [-21, 1], [-1, -15], [-13, 1], [-3, -43], [-19, 0], [-10, -18]], [[29236, 2970], [0, -92], [-3, -71], [1, -35], [-2, -79], [-3, -99], [0, -49], [-3, -48]], [[29226, 2497], [-2, -99], [-155, 13]], [[29069, 2411], [-9, 23], [-9, -2], [-7, 16], [4, 56], [-104, 5], [4, 32], [6, 14], [4, 38], [-9, 22], [-7, 39], [-12, 3], [-1, 15], [9, 4]], [[28934, 2977], [-34, 0], [-2, 97], [30, -2], [10, 39], [7, 71], [99, -15], [44, -3]], [[29069, 2411], [-211, 9]], [[28340, 1623], [-2, 204], [1, 64]], [[28684, 2134], [-3, -201], [84, -1], [2, 112], [98, -6], [98, -3], [-1, -126], [-3, -84], [197, -14]], [[29226, 2497], [31, -4], [16, -36], [18, -19], [29, -8], [34, -26], [26, -9], [33, -28], [-16, -18], [2, -27], [52, -39], [31, -11], [70, -4], [-1, -81]], [[28475, 4286], [-59, 74], [-29, 9], [-48, 60], [38, 110], [-49, -30], [-35, -24], [-64, -22], [-115, -42], [14, 12], [16, 3], [38, 13], [-4, 33], [9, 11], [-10, 12], [32, 92], [-107, -36]], [[28102, 4561], [-62, -21], [-21, -11], [-36, -27], [-3, -20], [-29, -4], [-41, -26], [-19, -7], [-21, -2], [-3, -33], [34, 3], [24, 17], [18, -22], [-29, -18], [-5, -13], [-2, -33], [-247, -91]], [[28102, 4561], [4, -42], [18, -47], [-4, -15], [-14, -13], [-6, -25], [14, -32], [-4, -18], [-10, -7], [-26, -1], [-23, -10], [-19, -23], [-41, -13], [-10, -14], [4, -36], [0, -30], [-12, -31], [-2, -16], [5, -24], [-7, -25], [-29, -44], [-14, -36], [-2, -50]], [[26829, 2693], [11, -49], [-10, -41], [-7, -65], [-29, -64], [-15, -29], [-3, -27]], [[26776, 2418], [-55, 1], [0, 21], [-27, 0], [-10, -6], [-16, 37], [0, 21], [-14, -5], [15, -35], [1, -48], [8, -14], [-6, -17], [2, -15]], [[26674, 2358], [-44, -15], [8, -73], [-15, -3]], [[26623, 2267], [-7, 33], [-29, 22], [6, 11], [-6, 35], [-12, 24], [4, 11], [-55, 30], [-21, 14], [-62, 32], [-9, 26], [-77, 38], [-15, 6], [7, 13], [-14, 17], [-14, 1], [-1, 35], [10, 5], [-5, 17], [11, 25], [-18, 10], [-57, 46]], [[26259, 2718], [4, 23], [6, 75], [21, 20], [-54, 64], [35, -2], [-6, 21]], [[26265, 2919], [31, -35], [125, -152], [5, 29], [36, -33], [49, -16], [11, 34], [2, 24], [56, 77], [7, 23], [138, -162], [72, -3], [19, 18], [13, -30]], [[26849, 1852], [4, 75], [-3, 102], [-13, 43], [3, 66], [3, 13], [-3, 41], [-10, 28], [-8, 38], [-25, 33], [-9, 31]], [[26788, 2322], [-11, 41], [-1, 55]], [[26829, 2693], [10, 7], [111, -135], [4, 25], [-9, 54], [16, 17], [32, -36]], [[26623, 2267], [1, -38], [-7, -24], [-14, -2], [-30, -42], [2, -45], [5, -1], [1, -85], [-44, -2], [4, -210]], [[26250, 2519], [11, 22], [-19, 11], [-10, 85], [-14, 9], [41, 72]], [[26788, 2322], [-84, 0], [-17, 5], [-8, 10], [-5, 21]], [[26690, 4341], [5, -7], [-43, -87], [66, -82], [-19, -12], [-42, -38], [3, -4], [-27, -32], [34, -40]], [[26667, 4039], [-11, -116], [-4, -36]], [[26652, 3887], [-80, 101], [-3, -35], [-7, -38], [-18, 2], [-13, 17], [-7, -7], [-40, 56], [-21, -24], [-43, 52], [-1, -27], [-26, 31], [-26, 13]], [[26367, 4028], [-1, 2], [10, 87], [-2, 25], [-96, 127]], [[26278, 4269], [32, 72], [-5, 18], [10, 11], [16, -6], [2, 23], [-8, 10], [-12, 36], [27, 23], [11, -2], [34, -42], [4, 13], [-5, 48], [32, -41], [42, 92], [-25, 32], [3, 6]], [[27096, 4357], [-10, -86], [-1, -70], [-9, -50], [-1, -27], [-22, -94], [-11, -34], [-17, -46], [-19, -61], [-18, -47], [-36, -18], [-31, -26], [-19, -36]], [[26902, 3762], [-44, 52], [-191, 225]], [[27048, 3593], [-71, 80], [-75, 89]], [[27164, 3453], [-2, -13], [-12, -17], [8, -12], [4, -27], [-7, -39], [-18, -12], [-4, -11], [-32, 13], [-8, -2], [-14, -16], [-28, -1], [-5, -43], [-15, -19], [11, -6], [-26, -44], [22, -19], [-15, -51], [-15, -2], [3, -17], [13, -24], [0, -36], [-4, -74], [-33, -6], [60, -69], [16, -49], [-24, -14], [-4, -170]], [[26265, 2919], [13, 18], [-3, 24], [14, 23], [-26, 34], [14, 16], [24, -16], [6, 10], [-19, 22], [4, 6]], [[26292, 3056], [11, 25], [17, 12], [-10, 25], [18, 13], [19, 22], [15, -16], [11, 28], [51, 115]], [[26424, 3280], [7, 11]], [[26431, 3291], [31, 104]], [[26462, 3395], [14, -19], [15, 58], [22, 115], [-24, 30], [22, 22], [18, 13]], [[26529, 3614], [95, -112], [-14, -15], [54, -71], [4, 23], [39, -48], [16, 3], [32, 14], [5, 23], [33, 58], [8, 28], [23, 48], [23, 36], [16, 39], [5, 21], [21, 65], [13, 36]], [[26529, 3614], [24, 13], [15, 29], [4, 14], [9, 6], [36, 81], [27, 42], [8, 88]], [[27258, 6948], [6, 28], [12, 29], [45, 56], [4, 20], [-2, 16], [14, 7], [-24, 22], [-2, 12], [13, 31], [-17, 19], [16, 31], [12, 41], [33, 2], [-6, 39], [-17, 58]], [[26462, 3395], [-49, 66], [-88, 113], [-21, -74], [-16, 13], [-25, 34]], [[26263, 3547], [-29, 39], [2, 3]], [[26236, 3589], [32, 59], [34, 52], [2, 10], [-54, 68]], [[26250, 3778], [13, 30], [49, -61], [11, 39], [3, 70], [0, 51], [21, 89], [20, 32]], [[26278, 4269], [-134, 177], [-79, 106], [-26, 33], [-14, 22], [-21, 7], [-12, -29], [-13, -24], [-21, -24], [-49, -36]], [[25907, 4906], [31, 18], [24, 8], [12, 17], [33, 70], [30, 34], [21, 30], [27, 48], [36, 85]], [[26230, 3535], [-36, -5], [-11, -23], [46, -34], [1, 18], [-12, 10], [9, 14], [3, 20]], [[26230, 3535], [26, -1], [7, 13]], [[26431, 3291], [-46, 51], [-25, 18], [-59, 55], [-45, 37], [-18, -47], [55, -47], [8, -22], [28, -1], [74, -48], [21, -7]], [[26292, 3056], [-18, 19], [-220, 245], [-61, 69]], [[25993, 3389], [69, 70], [-41, 39]], [[26021, 3498], [-68, 62]], [[25953, 3560], [5, 3], [76, 8], [3, 11], [19, 40], [16, 53]], [[26072, 3675], [11, 38], [4, 48], [-27, 9], [10, 16]], [[26070, 3786], [21, 36], [18, 35]], [[26109, 3857], [17, -19], [40, 46], [52, -64], [32, -42]], [[26236, 3589], [-24, -3], [2, -19], [13, 1], [3, -33]], [[26109, 3857], [-104, 138]], [[26005, 3995], [-85, 111], [-25, 25], [-11, -12], [-27, -7], [-61, 19]], [[25927, 3913], [-9, 10], [-20, -22], [-40, -34], [-28, -31]], [[25830, 3836], [-23, 29], [-18, 6], [-46, 26]], [[26005, 3995], [-2, -48], [-47, -1], [-4, -46], [-8, -10], [-17, 23]], [[25830, 3836], [6, -14], [-2, -18], [-22, -37], [24, -17], [-22, -49], [-31, 18], [-6, -16]], [[25777, 3703], [-21, 11], [0, -19], [-24, -1], [-5, 16], [-25, 31], [-24, 18]], [[25926, 3776], [6, -5], [-18, -57], [-3, -17], [-23, -55]], [[25888, 3642], [-15, 4], [-96, 57]], [[25927, 3913], [-6, -13], [-7, -37], [0, -18], [-8, -26], [23, -22], [-3, -21]], [[25888, 3642], [-7, -20], [39, -22], [4, -6], [-11, -21], [-18, -9], [-6, -9], [-17, -2]], [[25872, 3553], [-27, -4]], [[25845, 3549], [-10, 26], [-12, 18], [-43, 24], [4, -17], [-60, 36], [-31, 14]], [[25953, 3560], [-63, -8], [-18, 1]], [[25926, 3776], [9, -6], [22, -27]], [[25957, 3743], [67, -46], [48, -22]], [[25957, 3743], [17, 27], [8, 44], [32, 34], [15, -11], [41, -51]], [[25845, 3549], [1, -21]], [[25846, 3528], [-21, 15], [-53, -28], [-22, 0], [-14, -7], [8, -28], [-22, -7], [-9, 3]], [[25852, 3421], [-9, 4], [-52, 0], [-32, 3], [-63, -3]], [[25846, 3528], [3, -1]], [[25849, 3527], [0, -4], [-36, -56], [39, -46]], [[25901, 3361], [-11, -3], [-36, 4], [-101, 5], [-52, 0]], [[25852, 3421], [49, -60]], [[26021, 3498], [-59, -59], [-14, -6], [-13, -14], [-51, 56], [3, 4], [-20, 23], [-18, 25]], [[25993, 3389], [-28, 31], [-21, -25]], [[25944, 3395], [-3, -9], [-28, -32], [-12, 7]], [[25938, 3277], [5, -51], [-1, -17]], [[25942, 3209], [-19, 9], [-89, 5], [-5, -11], [-11, 1], [-22, -17], [-12, -3], [-63, -5]], [[25944, 3395], [-13, -78], [7, -40]], [[25884, 3039], [-13, -3], [-8, 14], [-39, -6], [-32, 17], [-82, 27]], [[25942, 3209], [-3, -12], [-24, -63], [-7, -33], [-24, -62]], [[26007, 2980], [-25, 2], [-4, -8], [-22, 3], [-12, 12], [-40, 24], [-20, 26]], [[25938, 3277], [21, -1], [22, -13], [93, -112], [19, -19], [-52, -61], [-11, -22], [-23, -69]], [[26265, 2919], [-7, 8], [-133, 11], [-73, 7], [2, 34], [-47, 1]], [[25577, 2736], [8, -16], [-3, -14], [7, -10], [-2, -16], [-36, -2], [-10, -31], [-18, 8], [-7, -10], [44, -18], [-5, -13], [76, -34], [9, -7], [5, -28], [52, -41], [-5, -10], [23, -17], [2, 30]], [[25717, 2507], [-1, -56], [3, -17], [12, -40]], [[25064, 2451], [-129, 161]], [[24935, 2612], [-58, 68], [-18, 24], [-99, 121], [-1, 125]], [[25391, 2908], [-16, -53], [-37, -132], [46, 2], [21, 70], [28, -1], [15, -5], [71, -43], [12, -4], [46, -6]], [[25650, 2834], [-4, -24], [11, 2], [-3, -39], [-12, -17], [15, -14], [-4, -27], [-3, -50], [62, -52], [-13, -17], [2, -7], [16, -14], [0, -68]], [[25577, 2736], [24, 6], [27, 88], [14, 18], [8, -14]], [[25629, 2972], [47, -40], [-6, -13], [-20, -85]], [[24536, 5738], [-71, -27]], [[24103, 5360], [-35, 36], [-111, 125]], [[23957, 5521], [-52, 67], [-51, 57]], [[23854, 5645], [-44, 45], [-163, 187]], [[23606, 5926], [11, 8], [84, 38], [48, 24], [158, 72], [66, 32], [59, 26], [114, 59]], [[24146, 6185], [102, -112], [189, -218], [99, -117]], [[23248, 5461], [108, -39], [67, -23], [82, -30], [75, -26], [-53, -40]], [[23527, 5303], [-88, -67], [68, -77], [-4, -12], [2, -29], [-22, -1], [-12, 10], [-42, -43], [-14, -2], [-5, -14], [-18, -8], [-7, -16], [-15, -16], [-6, -43], [-33, -33], [-18, -10], [-11, -16], [-27, -23], [-16, -6], [-22, 5], [-19, -15], [-6, 16], [-12, 3], [-64, -29], [-24, -21], [-28, -11], [-29, -22], [-27, 6], [-32, 11], [-16, -11], [-8, -31], [-14, 19], [-10, 1], [-19, -14], [-11, -27], [-21, 6], [-3, -12], [12, -9], [4, -18], [-6, -16], [-21, -21], [-14, -4], [14, 99], [1, 10]], [[22884, 4812], [19, 126]], [[23536, 5717], [4, -14], [20, -10], [19, -41], [51, -74], [19, -20], [7, -14], [2, -34], [11, 9], [24, 0], [0, -19], [-17, 10], [-10, -11], [0, -18], [10, -28], [-56, -8], [1, -37], [-10, -2], [-4, -18], [6, -14], [16, -11], [16, -18], [11, 4], [0, -36], [3, -14], [-24, -45], [-34, -33]], [[23601, 5221], [-74, 82]], [[24982, 5626], [-179, 10], [-19, 15], [-7, 12], [-30, 6], [1, 18], [-56, 22], [-7, -46], [-25, -1], [-15, 41], [-69, 77], [-40, -42]], [[24146, 6185], [34, 11], [41, 17]], [[26747, 5990], [-10, 6], [-19, -6], [-23, -14], [-41, -16], [-62, -30], [-22, -6], [-66, 85], [-185, 217], [-76, 96]], [[26233, 5460], [-53, 58], [-37, 47], [-22, 13], [-10, -18], [-7, -34], [5, -48], [-60, 42], [-17, -31], [-21, -7], [-9, -10], [3, -57]], [[26005, 5415], [-34, 50], [-66, 82], [-83, 116], [-13, 22]], [[25809, 5685], [35, 6], [38, -44], [6, 6], [-46, 58], [21, 30], [45, 40], [-2, 7], [18, 19], [-25, 33], [3, 8], [-21, 24], [13, 18], [39, 36], [6, -1], [17, 26], [26, -5], [10, -11], [21, -7], [10, -8], [6, -33], [13, 25], [1, 23], [-16, 17], [-4, 43], [10, 22], [-16, 11], [-7, -5], [-25, -1], [2, -13], [-13, -8], [1, 21], [-18, 4], [10, 15], [47, 55], [-2, 5], [-138, 160]], [[25809, 5685], [-26, 33], [-19, 10], [-12, -32], [6, -13], [-14, -13], [-11, 17], [-34, 4], [-8, -140]], [[25691, 5551], [-74, -4], [-26, 2], [4, 158], [-120, 35]], [[26148, 5307], [-35, 22], [-22, -41], [-25, 22], [16, 29], [-30, 22], [-22, 5], [-27, 19]], [[26003, 5385], [2, 30]], [[26003, 5385], [-15, -35], [-27, -52], [-32, -43], [-16, -28], [-20, -19], [-15, -36], [-5, -45], [-7, -20], [9, -51], [-1, -33], [2, -21], [-9, -10], [-16, -4]], [[25851, 4988], [-5, 36], [-17, 20], [-2, -13], [-18, 21], [2, 29], [-14, 22], [-6, 52], [-57, 48], [-4, 14], [-10, 9], [-4, 16], [-39, 36]], [[25677, 5278], [14, 160], [0, 113]], [[25810, 4935], [9, 28], [32, 25]], [[24685, 2527], [5, 4], [-18, 42], [11, 31], [-6, 23], [-20, 5], [-129, 159]], [[24528, 2791], [15, 26]], [[24935, 2612], [-25, -71], [-116, 22], [-8, 0], [-18, -18], [-13, -1], [-67, -28], [-3, 11]], [[25026, 2390], [-63, 31], [-10, 3], [-79, 15], [-44, 5], [-62, 11], [-4, -18], [-16, -22], [-6, -18], [-15, -24], [-14, -39], [-25, -13], [-14, -26], [-28, -11], [-15, -11], [-33, -9], [-13, -33], [-5, -19], [2, -16], [-11, -34]], [[24518, 2231], [8, 11], [4, 48], [28, 49], [21, 4], [1, 20], [13, 30], [15, -14], [33, 52], [-11, 10], [39, 32], [1, 26], [-6, 10], [21, 18]], [[23941, 1840], [-24, 143], [-28, 181], [-31, 57], [-18, 44]], [[24081, 2390], [29, -1], [49, 14], [49, 18], [31, 16], [56, 41], [72, 71], [35, 42], [56, 81], [70, 119]], [[23265, 1608], [8, 32], [0, 18], [52, 144], [0, 21], [-49, 26], [-19, 1], [-25, -5], [-25, -10], [-41, -2], [-36, 1], [-1, 11], [-17, 1], [-16, 7], [4, 20], [-18, 43], [-15, 7], [-62, 20]], [[23229, 2132], [50, 19], [29, 6], [20, 0], [37, -14], [25, -31], [26, -16], [27, 3], [10, 10], [31, 4], [10, -18], [15, -4], [11, 12], [-3, 11], [42, -11], [23, 14], [27, 39], [13, 9], [21, 1], [20, 7], [24, 16], [37, 11], [30, 4], [73, 51]], [[22962, 1722], [17, 29]], [[25472, 4866], [6, 29], [7, 148]], [[25485, 5043], [9, -2], [41, 12], [8, 17], [1, 28], [22, -5], [6, 188], [105, -3]], [[25149, 4842], [-12, 8]], [[25137, 4850], [-4, 29], [13, 26], [10, 5], [5, 35], [24, 50], [17, 10], [13, 13], [1, 12], [-19, 9], [8, 12], [-18, 18], [-36, 7], [0, 4]], [[25151, 5080], [67, -16]], [[25218, 5064], [129, -26], [84, -16], [25, -8], [8, 21], [9, -5], [12, 13]], [[25137, 4850], [-36, 11], [-17, 2], [0, 85], [-6, 0], [-1, 30], [12, 25], [-26, -3], [-4, -13], [-15, -3], [-12, 10], [-15, -4], [-7, 8], [-56, -19], [-25, 0], [-2, 18], [45, 38], [-12, 12], [-75, -43], [-141, -11], [-19, 8]], [[24849, 5278], [65, 22], [64, -72]], [[24978, 5228], [39, -44]], [[25017, 5184], [85, -96], [49, -8]], [[24790, 4685], [-42, 77], [-12, 1], [-36, 41], [-22, -27], [-20, 9], [-6, -11], [-19, -8], [-23, 25]], [[24610, 4792], [-71, 80], [-166, 181]], [[24697, 4548], [-25, 26], [-8, 4], [-73, 80], [-12, -15]], [[24579, 4643], [-45, 51]], [[24534, 4694], [76, 98]], [[24532, 4285], [-1, 37], [-17, 24], [-67, 74]], [[24447, 4420], [17, 6], [16, 15], [34, 48], [-3, 19]], [[24511, 4508], [1, 13], [29, 37], [14, 7], [23, -2], [14, 5], [-38, 48], [25, 27]], [[24511, 4508], [-112, 125]], [[24399, 4633], [59, 76], [31, 35], [45, -50]], [[24399, 4633], [-10, -12], [36, -40], [-18, -20], [-9, 8], [-20, -33], [-14, 17], [-48, 50], [-39, 45], [-45, -55]], [[24232, 4593], [-102, 112], [-48, 57], [-35, 39], [52, 66], [-11, 12], [32, 40], [26, 15], [11, 25], [17, 20], [12, -1], [4, 24], [21, -4], [41, 20], [0, 16], [27, 13], [47, 11], [20, 16], [13, -5]], [[24447, 4420], [-31, -8]], [[24416, 4412], [-29, 8], [-15, 12], [-21, 23], [-61, -4], [-24, 28], [-24, -12], [-3, 6], [-33, -20], [-30, -14], [-19, -18], [-24, -31], [-19, -5]], [[24114, 4385], [-90, 99]], [[24024, 4484], [4, 5], [41, -44], [29, 2], [37, 12], [7, -1], [24, 10], [8, 12], [27, 15], [11, -18], [7, 5], [15, -4], [4, 9], [30, 13], [-38, 51], [16, 2], [42, -48], [13, 9], [-69, 79]], [[24285, 4268], [-37, 47], [18, 21], [32, -39], [-13, -29]], [[24387, 4065], [0, 15], [10, 14], [-29, 42], [-8, -10], [-16, 14], [-47, 49]], [[24297, 4189], [37, 76], [21, 55], [5, 29], [6, 14], [24, 26], [26, 23]], [[24297, 4189], [-18, 17], [-18, -12], [-25, 29], [0, 31], [-70, 77]], [[24166, 4331], [-52, 54]], [[24024, 4484], [-224, 243], [125, 169], [17, 21], [-67, 74], [-9, 16], [-3, 27], [2, 22], [-5, 27], [-6, 12], [-45, 48], [-52, 45], [-77, 84]], [[23680, 5272], [22, -10], [18, -20], [20, 2], [-1, 23], [11, 17]], [[23750, 5284], [14, -15], [53, -50], [18, 26], [-6, 8], [43, 56], [-34, 39], [19, 8], [-3, 18], [31, 52], [19, 29], [53, 66]], [[25218, 5064], [71, 150], [4, 5], [23, 50], [-32, 12], [-34, 22], [-12, 23], [-9, 7], [-32, 8], [-30, 4], [-37, 16], [-13, 11], [-13, -27], [-9, -6], [2, -13], [-22, -26], [8, -53], [-25, -39], [-41, -24]], [[24978, 5228], [37, 124], [-36, 18], [-8, 7], [57, 181]], [[24166, 4331], [4, -75], [-19, 4], [-1, 22], [-10, 0], [-9, 18], [-36, -48], [-10, -1], [-67, 75], [-1, 23], [-46, -9], [-1, 21], [-28, -36], [3, -97], [-10, 20], [-15, -4], [-12, 10], [-6, -7], [-83, -22], [-7, -15], [20, -127], [-39, -56], [-18, 27], [-26, -8], [-2, 13], [-19, -5], [-12, 9], [-21, 7], [6, -20], [-22, -4], [-21, 10], [-23, -70]], [[22797, 4215], [28, 176], [-92, 20], [-85, 20], [-7, 3], [13, 75], [6, 44], [72, -17], [-14, 112], [-13, 7], [-14, 44], [-9, 13], [-33, 64], [49, 45], [18, -34], [38, 27], [-9, 22], [11, 11], [-10, 30], [28, 4], [37, -66], [11, 83], [48, 8], [-11, -94], [18, 6], [7, -6]], [[23601, 5221], [14, -17], [13, -1], [14, 28], [21, 16], [17, 25]], [[24217, 3925], [-21, 19], [-11, 4], [-25, -7], [-18, 8], [-22, 38], [-2, 14], [-10, 6], [-47, 79], [18, 2], [11, 12], [25, 7], [53, -2], [4, 7], [17, -33], [13, 9], [29, -2], [6, -11], [15, 22], [45, 92]], [[22796, 3048], [43, -11], [6, 34], [100, -46], [5, 12], [17, 57], [27, 82]], [[23089, 3131], [20, -11], [-5, -20], [37, -22], [39, -52], [11, 9], [30, -46], [25, -36], [35, 32], [31, -49], [-11, -9], [35, -41], [23, -34], [47, -75], [-11, -10], [50, -88], [-23, -15], [-20, 14], [-9, -6], [-45, -40], [48, -31], [124, -84], [133, -87], [90, -53], [26, -2]], [[23750, 2568], [3, -10], [23, -40], [26, -20], [31, -28], [43, -23], [-38, 212], [71, 27], [5, 26], [-17, -4], [-58, 54], [-31, -15], [-31, -8], [-40, -3], [-3, -31], [7, -14], [0, -24], [-4, -7], [1, -62], [12, -30]], [[23854, 5645], [-50, -14], [-1, -14], [19, -17], [-12, -26], [-115, -23], [7, -37], [13, -25], [8, -7], [-11, -47], [-11, -20], [19, 2], [-5, -14], [7, -14], [31, -33], [-11, -36], [10, -22], [-2, -14]], [[23359, 6544], [17, 21], [80, 78], [5, -5], [17, 19], [45, 48], [76, 96], [113, 135], [21, 26]], [[22107, 4007], [-84, 2], [-60, 10], [-24, 9], [-21, 19], [-72, 86], [-28, 22], [-20, 13], [-41, 12], [-29, -1], [-42, -14], [-43, -8], [-38, -2], [-28, 5], [-37, 15], [-18, 11], [-67, 47]], [[21931, 5267], [203, -45], [188, -35], [48, -7], [22, -9]], [[22392, 5171], [-16, -94], [-5, -42], [-59, -356], [-34, 5], [-47, 13], [-3, -24], [-26, -138], [-24, -121], [46, -12]], [[18166, 4191], [-158, -17], [15, -218], [-124, -22], [-2, 15], [-85, -8], [10, -101], [-43, -5], [-37, -3], [-74, -9], [-54, -8], [-35, -1], [-140, -18]], [[17439, 3796], [-14, 173], [-7, 76]], [[17418, 4045], [-9, 122], [-14, 68], [-15, 207], [-10, 115], [-15, 148], [-2, 10], [-7, 98], [-9, 100], [78, 11], [35, 8]], [[18207, 3774], [-157, -66], [-31, -21], [-25, -6], [-40, 0], [-10, 6], [-25, -8], [-6, -12], [-28, -10], [-65, 3], [-25, 5], [-47, -11], [-18, -8], [-31, -20], [-38, -13], [-55, -30], [-84, -52], [-57, -34]], [[17465, 3497], [-26, 299]], [[17418, 4045], [-27, -4], [6, -89], [-111, -17], [-25, -2], [-112, -20], [-152, -17], [-81, -12], [-12, -4], [-89, -11]], [[16815, 3869], [-4, 47], [-7, 32], [-3, 50], [-16, 61], [9, 109], [-14, 65], [-27, 248], [-149, -18], [0, -61], [-114, -14], [-16, -3], [-112, -10], [-92, -12]], [[17396, 3447], [-26, -22], [-31, -13], [-31, -26], [-27, -28], [-21, -13], [-65, -14], [-114, -9], [-34, -18], [-50, -21], [-51, -6], [-54, -11], [-52, -17]], [[16840, 3249], [-1, 24], [21, 46], [-13, 161]], [[16847, 3480], [24, 18], [24, 3], [11, 12], [23, 11], [30, 3], [15, -3], [36, 5], [44, 21], [8, 0], [-2, 46], [57, 0], [3, -30], [15, 1], [1, -16], [16, 0], [4, 18], [49, 4], [2, -18], [27, 4], [0, -12], [83, 35], [2, -31], [4, -11], [23, 8], [12, -1], [-4, -20], [16, -11], [1, -17], [9, -18], [17, -1], [-1, -33]], [[17243, 3548], [-8, -4], [2, -22], [16, 11], [10, -5], [-2, 26], [-18, -6]], [[17465, 3497], [-8, -5], [-61, -45]], [[16847, 3480], [-22, -11], [-32, -4]], [[16793, 3465], [-4, 33], [10, 4], [18, 24], [-4, 15], [-19, -4], [-3, 10], [-16, 1]], [[16775, 3548], [44, 6], [12, -12], [11, 1], [-2, 27], [-111, -24], [-28, -15], [-14, -20], [-4, -14]], [[16683, 3497], [-6, 3], [-6, 97], [-7, 95], [-13, 153], [61, 7], [103, 17]], [[16775, 3548], [-39, -8], [-8, -12], [7, -64], [26, 3], [-5, -18], [37, 16]], [[16840, 3249], [-23, -12], [-24, -23], [-14, -20]], [[16779, 3194], [-50, 36], [-22, 0], [-11, -6], [-23, 6], [-10, 8], [-19, 27]], [[16644, 3265], [-11, 56], [-9, 13], [-39, 30], [-16, -2]], [[16569, 3362], [-9, 19], [-21, 19], [-1, 18], [9, 12]], [[16547, 3430], [36, 25], [15, 14], [7, 0], [80, -30], [-3, 34], [1, 24]], [[16547, 3430], [-14, 27], [-13, 0], [-10, 11], [-22, 12], [-2, 41], [-8, 26], [-9, 13], [-33, 32], [-17, 32], [-30, 6], [-2, 4], [6, 62], [-25, 37], [-36, 61], [-31, 26], [-17, 28], [-14, 14], [-12, 42], [-19, 34], [-42, 44], [-52, 36], [-21, 18], [-17, 25], [-35, 20], [-11, 49], [-8, 23], [-11, 15], [-34, 24], [-11, 31], [-29, 27], [-29, 33], [-2, 38]], [[16779, 3194], [-15, -24], [-15, -36], [-12, -46], [-5, -54], [-4, -36], [-15, -9], [-41, -14]], [[16672, 2975], [-6, 24], [-19, -3]], [[16647, 2996], [-11, 33], [5, 23], [10, 0], [6, 15], [-3, 35], [-22, 6], [2, 37], [-11, 70], [1, 15]], [[16624, 3230], [10, 23], [10, 12]], [[16647, 2996], [-41, -7], [-4, 11], [-24, 29], [-19, 34], [-18, 38], [-3, 46], [-30, 38], [-3, 16], [-31, 25], [-4, 20]], [[16470, 3246], [12, -6], [10, 10], [78, 8], [49, -20], [5, -8]], [[16470, 3246], [-39, 49], [-24, 40]], [[16407, 3335], [-33, 32], [-18, 13], [-7, 18], [19, 18], [12, -7], [16, -2], [5, -10], [27, 4], [-6, 51], [8, 1], [8, -26], [15, -15], [3, -11], [23, -28], [22, -10], [17, 0], [14, 24], [18, -27], [19, 2]], [[16672, 2975], [-16, 3], [3, -19], [-5, -17], [-25, 3], [-10, -1], [-44, -19], [-38, -5], [-21, -7]], [[16516, 2913], [-23, 30]], [[16493, 2943], [-5, 8], [-2, 36], [-46, -4], [-5, 55], [-49, -2], [-15, 23], [2, 23], [-4, 47], [-11, 105], [4, 1]], [[16362, 3235], [52, 7], [-7, 93]], [[16362, 3235], [-11, 100], [-131, -16], [-36, -7], [-10, 109], [-76, -9], [-209, -27]], [[16562, 10009], [162, 0]], [[16516, 2913], [-14, -17], [-27, -54], [-26, -43], [-26, -38], [-52, -63], [-23, -20], [-30, -16], [-55, -23], [-49, 3], [-53, 20], [-60, 46], [-81, 62]], [[16020, 2770], [-1, 102], [4, 7], [36, 9], [117, 13], [11, -1], [8, -103], [76, 10], [5, 2], [101, 60], [-4, 12], [-3, 41], [37, 4], [35, 11], [11, 1], [25, -9], [15, 14]], [[16020, 2770], [-29, 23], [-46, 46]], [[1318, 15811], [-12, 13], [-53, 66], [-34, 45], [-14, 23], [-21, 88], [-21, 42], [-19, 22], [-37, 52], [-53, 107], [-38, 61], [-35, 48], [-32, 48], [-34, 66], [-76, 161]], [[3692, 22797], [9, -17], [12, -43], [3, -49], [-9, -15], [-15, -14], [-10, -17], [-20, -15], [-19, -32], [-14, -40], [-14, -22], [-36, -31], [-50, -26], [-30, -1], [-18, -33], [-111, 2], [0, -48], [-6, -9], [-29, -14], [-13, 0], [-18, -13], [-18, -19], [-105, 0], [-10, 7], [-11, -9], [-22, -6], [-63, -5], [-11, -9], [-1, -81], [-43, 32], [-2, 24], [-24, 1], [-1, -30], [-35, 1], [-2, 25], [-22, 0], [-1, -32], [-23, -9], [-2, 25], [-32, -3], [-14, 27], [-36, -9]], [[2827, 22310], [40, -5], [16, 2], [32, 19], [15, 14], [45, 64], [14, 12], [51, -2], [-1, 13], [7, 27], [-3, 14], [-19, 6], [-6, 13], [-14, 8], [-40, 38], [-16, 5], [-70, -23], [-5, 4], [-28, -1], [-17, -8]], [[2821, 22796], [17, 16], [16, 6], [26, 17], [34, -1], [8, -15], [22, 3], [27, 11], [25, 1], [18, -6], [5, -31], [59, -1], [59, 84], [32, 81], [117, 46], [0, 89]], [[1042, 23298], [0, 249], [1, 248]]], "transform": {"scale": [0.00024306722131526022, 0.00014458575565726872], "translate": [-79.77077558606891, 44.991143167678]}, "objects": {"lfsa000a21a_e": {"type": "GeometryCollection", "geometries": [{"arcs": [[[0, 1, 2, 3, 4]], [[5, 6]], [[7, 8, 9]], [[10]], [[11, 12, 13, 14]], [[15, 16, 17, 18, 19, 20, 21, 22, 23]], [[24, 25, 26, 27, 28, 29, 30, 31, 32, 33, 34, 35, 36, 37, 38], [39]]], "type": "MultiPolygon", "properties": {"CFSAUID": "G0A", "DGUID": "2021A0011G0A", "PRUID": "24", "PRNAME": "Quebec / Qu\u00e9bec", "LANDAREA": 11122.098, "Somme": 70127.81, "Nombre de donateurs": 837, "Moyenne": 83.78471923536439, "age_total": 83410.0, "median_income_hh": 36335.0, "pct_income_0_30k": 11.655428650061925, "pct_income_30_60k": 16.017613870923352, "pct_income_60_100k": 28.154671804045684, "pct_income_100k_plus": 38.10375670840787, "pct_age_15_24": 8.038604483874835, "pct_age_25_34": 10.59824961035847, "pct_age_35_44": 13.289773408464212, "pct_age_45_54": 11.737201774367582, "pct_age_55_64": 16.364944251288815, "pct_age_65_74": 13.787315669583982, "pct_age_75_plus": 8.68600887183791, "pct_edu_none": 16.170878997987028, "pct_edu_secondary": 21.49407291433684, "pct_edu_college": 19.085961380750017, "pct_edu_university": 17.490494296577946, "pct_french": 97.97673855100555, "pct_owners": 81.36363636363636}}, {"arcs": [[40, 41, 42, 43, 44]], "type": "Polygon", "properties": {"CFSAUID": "G0C", "DGUID": "2021A0011G0C", "PRUID": "24", "PRNAME": "Quebec / Qu\u00e9bec", "LANDAREA": 8551.1387, "Somme": 53550.0, "Nombre de donateurs": 654, "Moyenne": 81.88073394495413, "age_total": 45955.0, "median_income_hh": 21675.0, "pct_income_0_30k": 18.33910034602076, "pct_income_30_60k": 21.33794694348328, "pct_income_60_100k": 30.357554786620533, "pct_income_100k_plus": 24.77508650519031, "pct_age_15_24": 7.583505603307583, "pct_age_25_34": 8.987052551408988, "pct_age_35_44": 9.955391143509956, "pct_age_45_54": 12.087912087912088, "pct_age_55_64": 18.626917636818625, "pct_age_65_74": 17.81090196931781, "pct_age_75_plus": 12.436078772712436, "pct_edu_none": 27.92735585471171, "pct_edu_secondary": 21.056642113284227, "pct_edu_college": 16.02743205486411, "pct_edu_university": 11.379222758445518, "pct_french": 88.51559068950372, "pct_owners": 72.04152249134948}}, {"arcs": [[[45]], [[46, 47, 48]]], "type": "MultiPolygon", "properties": {"CFSAUID": "G0E", "DGUID": "2021A0011G0E", "PRUID": "24", "PRNAME": "Quebec / Qu\u00e9bec", "LANDAREA": 1463.3106, "Somme": 3000.0, "Nombre de donateurs": 45, "Moyenne": 66.66666666666667, "age_total": 4630.0, "median_income_hh": 2320.0, "pct_income_0_30k": 21.551724137931032, "pct_income_30_60k": 24.568965517241377, "pct_income_60_100k": 30.38793103448276, "pct_income_100k_plus": 19.181034482758623, "pct_age_15_24": 6.047516198704104, "pct_age_25_34": 6.695464362850973, "pct_age_35_44": 8.855291576673865, "pct_age_45_54": 11.123110151187904, "pct_age_55_64": 21.382289416846653, "pct_age_65_74": 23.002159827213823, "pct_age_75_plus": 13.2829373650108, "pct_edu_none": 32.76492082825822, "pct_edu_secondary": 25.213154689403165, "pct_edu_college": 13.520097442143728, "pct_edu_university": 8.038976857490866, "pct_french": 98.59611231101512, "pct_owners": 81.89655172413794}}, {"arcs": [[[49, 50, 51, 52, 53, 54]], [[55, 56, 57, 58, 59]], [[60, 61]]], "type": "MultiPolygon", "properties": {"CFSAUID": "G0G", "DGUID": "2021A0011G0G", "PRUID": "24", "PRNAME": "Quebec / Qu\u00e9bec", "LANDAREA": 127524.3928, "Somme": 6605.0, "Nombre de donateurs": 107, "Moyenne": 61.728971962616825, "age_total": 16315.0, "median_income_hh": 6960.0, "pct_income_0_30k": 9.195402298850574, "pct_income_30_60k": 13.07471264367816, "pct_income_60_100k": 25.86206896551724, "pct_income_100k_plus": 46.26436781609196, "pct_age_15_24": 9.776279497395034, "pct_age_25_34": 11.95219123505976, "pct_age_35_44": 12.166717744406988, "pct_age_45_54": 13.729696598222493, "pct_age_55_64": 16.641127796506282, "pct_age_65_74": 11.124731841863316, "pct_age_75_plus": 6.497088568801717, "pct_edu_none": 31.62719633307869, "pct_edu_secondary": 20.206264323911384, "pct_edu_college": 14.36210847975554, "pct_edu_university": 8.823529411764707, "pct_french": 62.78277037496126, "pct_owners": 70.38102084831057}}, {"arcs": [[[62, 63, 64, 65, 66, -51], [75]], [[67, 68, 69, 70, 71, 72, 73, 74]]], "type": "MultiPolygon", "properties": {"CFSAUID": "G0H", "DGUID": "2021A0011G0H", "PRUID": "24", "PRNAME": "Quebec / Qu\u00e9bec", "LANDAREA": 3019.2551, "Somme": 4709.0, "Nombre de donateurs": 68, "Moyenne": 69.25, "age_total": 10540.0, "median_income_hh": 4760.0, "pct_income_0_30k": 15.546218487394958, "pct_income_30_60k": 20.903361344537817, "pct_income_60_100k": 29.096638655462183, "pct_income_100k_plus": 28.886554621848735, "pct_age_15_24": 8.49146110056926, "pct_age_25_34": 9.155597722960152, "pct_age_35_44": 11.385199240986717, "pct_age_45_54": 12.855787476280836, "pct_age_55_64": 19.686907020872862, "pct_age_65_74": 15.227703984819737, "pct_age_75_plus": 7.874762808349146, "pct_edu_none": 35.70627802690583, "pct_edu_secondary": 20.964125560538115, "pct_edu_college": 12.219730941704036, "pct_edu_university": 6.278026905829597, "pct_french": 80.61904761904762, "pct_owners": 77.27748691099477}}, {"arcs": [[-42, 76, 77, 78, 79, -69, 80, -64, 81, 82], [83], [84]], "type": "Polygon", "properties": {"CFSAUID": "G0J", "DGUID": "2021A0011G0J", "PRUID": "24", "PRNAME": "Quebec / Qu\u00e9bec", "LANDAREA": 11515.5635, "Somme": 46870.0, "Nombre de donateurs": 596, "Moyenne": 78.64093959731544, "age_total": 29005.0, "median_income_hh": 13805.0, "pct_income_0_30k": 20.463600144875045, "pct_income_30_60k": 24.809851503078598, "pct_income_60_100k": 29.55450923578414, "pct_income_100k_plus": 19.992756247736327, "pct_age_15_24": 7.4987071194621615, "pct_age_25_34": 8.56748836407516, "pct_age_35_44": 10.032752973625238, "pct_age_45_54": 10.687812446129978, "pct_age_55_64": 19.91036028270988, "pct_age_65_74": 18.427857265988624, "pct_age_75_plus": 11.118772625409411, "pct_edu_none": 29.809465273509527, "pct_edu_secondary": 21.79881171891006, "pct_edu_college": 13.870108584306497, "pct_edu_university": 7.62138905961893, "pct_french": 98.3251919050942, "pct_owners": 80.58568329718004}}, {"arcs": [[-78, 85, 86, 87, 88, 89, 90, -70, -80, 91]], "type": "Polygon", "properties": {"CFSAUID": "G0K", "DGUID": "2021A0011G0K", "PRUID": "24", "PRNAME": "Quebec / Qu\u00e9bec", "LANDAREA": 3827.3675, "Somme": 14097.0, "Nombre de donateurs": 192, "Moyenne": 73.421875, "age_total": 11725.0, "median_income_hh": 5400.0, "pct_income_0_30k": 16.11111111111111, "pct_income_30_60k": 20.833333333333336, "pct_income_60_100k": 30.27777777777777, "pct_income_100k_plus": 26.666666666666668, "pct_age_15_24": 8.059701492537313, "pct_age_25_34": 10.362473347547976, "pct_age_35_44": 12.366737739872068, "pct_age_45_54": 11.641791044776118, "pct_age_55_64": 18.03837953091685, "pct_age_65_74": 15.863539445629, "pct_age_75_plus": 7.377398720682303, "pct_edu_none": 22.835051546391757, "pct_edu_secondary": 18.8659793814433, "pct_edu_college": 18.298969072164947, "pct_edu_university": 12.68041237113402, "pct_french": 99.35897435897436, "pct_owners": 82.71028037383178}}, {"arcs": [[92, -87, 93, 94, 95, 96, -28, 97, 98, 99, 100, 101, 102]], "type": "Polygon", "properties": {"CFSAUID": "G0L", "DGUID": "2021A0011G0L", "PRUID": "24", "PRNAME": "Quebec / Qu\u00e9bec", "LANDAREA": 7984.214, "Somme": 39371.26, "Nombre de donateurs": 533, "Moyenne": 73.86727954971857, "age_total": 60940.0, "median_income_hh": 27385.0, "pct_income_0_30k": 16.70622603615118, "pct_income_30_60k": 21.617673909074316, "pct_income_60_100k": 30.363337593573124, "pct_income_100k_plus": 25.78053679021362, "pct_age_15_24": 8.180177223498523, "pct_age_25_34": 9.148342632097146, "pct_age_35_44": 11.060059074499508, "pct_age_45_54": 10.92057761732852, "pct_age_55_64": 17.615687561535935, "pct_age_65_74": 16.475221529373155, "pct_age_75_plus": 11.609780111585168, "pct_edu_none": 24.04476257687267, "pct_edu_secondary": 20.02217965520718, "pct_edu_college": 16.05000504083073, "pct_edu_university": 11.7350539368888, "pct_french": 99.07630856286926, "pct_owners": 78.9531278497173}}, {"arcs": [[103, 104, 105, 106, 107, 108, 109, 110, 111, 112, 113, 114]], "type": "Polygon", "properties": {"CFSAUID": "G0M", "DGUID": "2021A0011G0M", "PRUID": "24", "PRNAME": "Quebec / Qu\u00e9bec", "LANDAREA": 3126.5538, "Somme": 7842.0, "Nombre de donateurs": 91, "Moyenne": 86.17582417582418, "age_total": 34400.0, "median_income_hh": 14955.0, "pct_income_0_30k": 14.510197258441991, "pct_income_30_60k": 20.52825142092945, "pct_income_60_100k": 31.728518890003343, "pct_income_100k_plus": 27.181544633901705, "pct_age_15_24": 9.44767441860465, "pct_age_25_34": 10.71220930232558, "pct_age_35_44": 12.034883720930232, "pct_age_45_54": 11.671511627906977, "pct_age_55_64": 16.468023255813954, "pct_age_65_74": 13.125, "pct_age_75_plus": 8.997093023255815, "pct_edu_none": 30.96693026599569, "pct_edu_secondary": 20.578720345075485, "pct_edu_college": 13.910855499640546, "pct_edu_university": 7.494608195542775, "pct_french": 98.02139821193023, "pct_owners": 80.64839572192514}}, {"arcs": [[115, -106, 116, 117, 118, 119, 120, 121, 122, 123, 124, 125, 126]], "type": "Polygon", "properties": {"CFSAUID": "G0N", "DGUID": "2021A0011G0N", "PRUID": "24", "PRNAME": "Quebec / Qu\u00e9bec", "LANDAREA": 1560.109, "Somme": 4961.7, "Nombre de donateurs": 77, "Moyenne": 64.43766233766233, "age_total": 19995.0, "median_income_hh": 9100.0, "pct_income_0_30k": 17.087912087912088, "pct_income_30_60k": 21.428571428571427, "pct_income_60_100k": 30.714285714285715, "pct_income_100k_plus": 24.945054945054945, "pct_age_15_24": 8.30207551887972, "pct_age_25_34": 9.152288072018004, "pct_age_35_44": 11.45286321580395, "pct_age_45_54": 10.877719429857464, "pct_age_55_64": 16.804201050262566, "pct_age_65_74": 16.90422605651413, "pct_age_75_plus": 10.677669417354338, "pct_edu_none": 25.692541856925416, "pct_edu_secondary": 20.669710806697108, "pct_edu_college": 16.19482496194825, "pct_edu_university": 10.076103500761036, "pct_french": 98.11083123425692, "pct_owners": 80.5739514348786}}, {"arcs": [[[-118, 127, 128, 129, 130, 131, 132, 133]], [[134, 135, 136]]], "type": "MultiPolygon", "properties": {"CFSAUID": "G0P", "DGUID": "2021A0011G0P", "PRUID": "24", "PRNAME": "Quebec / Qu\u00e9bec", "LANDAREA": 907.9263, "Somme": 11125.0, "Nombre de donateurs": 124, "Moyenne": 89.71774193548387, "age_total": 6790.0, "median_income_hh": 2925.0, "pct_income_0_30k": 15.384615384615383, "pct_income_30_60k": 21.53846153846154, "pct_income_60_100k": 30.76923076923077, "pct_income_100k_plus": 26.324786324786327, "pct_age_15_24": 8.541973490427099, "pct_age_25_34": 9.941089837997056, "pct_age_35_44": 12.665684830633284, "pct_age_45_54": 12.297496318114874, "pct_age_55_64": 16.715758468335785, "pct_age_65_74": 14.948453608247425, "pct_age_75_plus": 7.069219440353461, "pct_edu_none": 25.68644818423384, "pct_edu_secondary": 18.689105403011517, "pct_edu_college": 17.891939769707708, "pct_edu_university": 10.983170947741364, "pct_french": 98.29376854599408, "pct_owners": 84.44816053511705}}, {"arcs": [[137, -115, 138, 139, 140, 141, 142, -29, -97], [143]], "type": "Polygon", "properties": {"CFSAUID": "G0R", "DGUID": "2021A0011G0R", "PRUID": "24", "PRNAME": "Quebec / Qu\u00e9bec", "LANDAREA": 7117.3534, "Somme": 72962.0, "Nombre de donateurs": 882, "Moyenne": 82.7233560090703, "age_total": 84335.0, "median_income_hh": 37730.0, "pct_income_0_30k": 15.610919692552349, "pct_income_30_60k": 20.315398886827456, "pct_income_60_100k": 30.74476543864299, "pct_income_100k_plus": 27.418499867479454, "pct_age_15_24": 8.58481057686607, "pct_age_25_34": 9.527479694077194, "pct_age_35_44": 11.157882255291398, "pct_age_45_54": 11.389102982154505, "pct_age_55_64": 17.28819588545681, "pct_age_65_74": 15.284282919309891, "pct_age_75_plus": 11.187525938222564, "pct_edu_none": 24.69756595248506, "pct_edu_secondary": 20.95175630374581, "pct_edu_college": 17.213234222416556, "pct_edu_university": 11.19370354175776, "pct_french": 98.59672368104071, "pct_owners": 78.35365853658537}}, {"arcs": [[-114, 144, -127, 145, -125, 146, -119, -134, 147, 148, 149, -21, 150, -2, 151, 152, 153, -139]], "type": "Polygon", "properties": {"CFSAUID": "G0S", "DGUID": "2021A0011G0S", "PRUID": "24", "PRNAME": "Quebec / Qu\u00e9bec", "LANDAREA": 3444.0204, "Somme": 48834.88, "Nombre de donateurs": 567, "Moyenne": 86.12853615520282, "age_total": 72495.0, "median_income_hh": 30340.0, "pct_income_0_30k": 11.700725115359262, "pct_income_30_60k": 18.094924192485166, "pct_income_60_100k": 30.355965721819377, "pct_income_100k_plus": 33.02570863546473, "pct_age_15_24": 9.166149389613077, "pct_age_25_34": 12.531898751638042, "pct_age_35_44": 13.049175805227948, "pct_age_45_54": 11.06283191944272, "pct_age_55_64": 14.759638595765226, "pct_age_65_74": 12.028415752810538, "pct_age_75_plus": 8.179874474101661, "pct_edu_none": 21.56003505696757, "pct_edu_secondary": 21.93689745836985, "pct_edu_college": 17.607361963190186, "pct_edu_university": 11.349693251533742, "pct_french": 98.18625741192884, "pct_owners": 79.5027988146197}}, {"arcs": [[[154, 155, -25, 156]], [[-98, -27, 157]], [[158, -100, 159, 160, 161, -72, 162, -102]]], "type": "MultiPolygon", "properties": {"CFSAUID": "G0T", "DGUID": "2021A0011G0T", "PRUID": "24", "PRNAME": "Quebec / Qu\u00e9bec", "LANDAREA": 2297.7322, "Somme": 9816.62, "Nombre de donateurs": 132, "Moyenne": 74.36833333333334, "age_total": 13560.0, "median_income_hh": 6495.0, "pct_income_0_30k": 17.705927636643572, "pct_income_30_60k": 20.70823710546574, "pct_income_60_100k": 30.100076982294077, "pct_income_100k_plus": 26.096997690531172, "pct_age_15_24": 7.300884955752212, "pct_age_25_34": 8.001474926253687, "pct_age_35_44": 10.471976401179942, "pct_age_45_54": 12.020648967551622, "pct_age_55_64": 19.76401179941003, "pct_age_65_74": 17.551622418879056, "pct_age_75_plus": 12.278761061946902, "pct_edu_none": 28.31743278404163, "pct_edu_secondary": 24.111014744145702, "pct_edu_college": 13.616652211621854, "pct_edu_university": 9.106678230702515, "pct_french": 99.29262844378258, "pct_owners": 76.3076923076923}}, {"arcs": [[[163, -161, 164, 165, -157, -39, 166, 167, 168, 169, 170, 171, 172, 173, 174, -58]], [[175]], [[176, 177, 178]]], "type": "MultiPolygon", "properties": {"CFSAUID": "G0V", "DGUID": "2021A0011G0V", "PRUID": "24", "PRNAME": "Quebec / Qu\u00e9bec", "LANDAREA": 38016.179, "Somme": 10705.0, "Nombre de donateurs": 166, "Moyenne": 64.48795180722891, "age_total": 18375.0, "median_income_hh": 8065.0, "pct_income_0_30k": 11.283323000619964, "pct_income_30_60k": 17.296962182269063, "pct_income_60_100k": 31.68009919404836, "pct_income_100k_plus": 33.04401735895846, "pct_age_15_24": 8.108843537414966, "pct_age_25_34": 10.884353741496598, "pct_age_35_44": 13.27891156462585, "pct_age_45_54": 11.020408163265309, "pct_age_55_64": 17.741496598639454, "pct_age_65_74": 14.993197278911566, "pct_age_75_plus": 6.857142857142858, "pct_edu_none": 22.19286657859973, "pct_edu_secondary": 19.48480845442536, "pct_edu_college": 16.974900924702773, "pct_edu_university": 11.261558784676351, "pct_french": 98.25613079019074, "pct_owners": 81.36645962732919}}, {"arcs": [[[-173, 179, -178, 180, 181, 182, 183, 184, 185, 186, 187], [192, 193]], [[188]], [[189, 190, 191]], [[194]], [[195]], [[196]], [[197]], [[198, 199, 200, 201]]], "type": "MultiPolygon", "properties": {"CFSAUID": "G0W", "DGUID": "2021A0011G0W", "PRUID": "24", "PRNAME": "Quebec / Qu\u00e9bec", "LANDAREA": 23303.0543, "Somme": 20100.0, "Nombre de donateurs": 260, "Moyenne": 77.3076923076923, "age_total": 36540.0, "median_income_hh": 15135.0, "pct_income_0_30k": 13.214403700033037, "pct_income_30_60k": 18.401057152296, "pct_income_60_100k": 29.930624380574827, "pct_income_100k_plus": 32.73868516683185, "pct_age_15_24": 10.372194854953475, "pct_age_25_34": 10.727969348659004, "pct_age_35_44": 12.3015873015873, "pct_age_45_54": 10.85112205801861, "pct_age_55_64": 16.59824849480022, "pct_age_65_74": 13.095238095238097, "pct_age_75_plus": 7.224958949096879, "pct_edu_none": 29.76311336717428, "pct_edu_secondary": 18.274111675126903, "pct_edu_college": 15.44839255499154, "pct_edu_university": 9.323181049069373, "pct_french": 82.14236730215335, "pct_owners": 74.21156373193168}}, {"arcs": [[[202, -185, 203, -36, 204, -24, 205, -22, -150, 206, 207, 208, 209, 210, 211, 212, 213, 214, 215, 216, 217, 218, 219], [-189], [222, 223, 224, 225, 226]], [[220]], [[221]]], "type": "MultiPolygon", "properties": {"CFSAUID": "G0X", "DGUID": "2021A0011G0X", "PRUID": "24", "PRNAME": "Quebec / Qu\u00e9bec", "LANDAREA": 31080.7623, "Somme": 54575.52, "Nombre de donateurs": 671, "Moyenne": 81.33460506706408, "age_total": 60485.0, "median_income_hh": 27710.0, "pct_income_0_30k": 16.185492601948756, "pct_income_30_60k": 20.19126669072537, "pct_income_60_100k": 30.999639119451466, "pct_income_100k_plus": 27.156261277517142, "pct_age_15_24": 7.522526246176738, "pct_age_25_34": 9.473423162767627, "pct_age_35_44": 12.110440605108703, "pct_age_45_54": 10.812598164834258, "pct_age_55_64": 18.48392163346284, "pct_age_65_74": 16.012234438290484, "pct_age_75_plus": 9.597420848144168, "pct_edu_none": 21.513904226483284, "pct_edu_secondary": 21.50386507378777, "pct_edu_college": 17.87973095070776, "pct_edu_university": 12.287922899307295, "pct_french": 97.04855337545727, "pct_owners": 80.82291100235636}}, {"arcs": [[227, 228, 229, 230, -128, -117, -105]], "type": "Polygon", "properties": {"CFSAUID": "G0Y", "DGUID": "2021A0011G0Y", "PRUID": "24", "PRNAME": "Quebec / Qu\u00e9bec", "LANDAREA": 1773.644, "Somme": 12217.0, "Nombre de donateurs": 122, "Moyenne": 100.13934426229508, "age_total": 9320.0, "median_income_hh": 4365.0, "pct_income_0_30k": 15.463917525773196, "pct_income_30_60k": 22.33676975945017, "pct_income_60_100k": 33.10423825887743, "pct_income_100k_plus": 22.90950744558992, "pct_age_15_24": 7.027896995708155, "pct_age_25_34": 8.744635193133048, "pct_age_35_44": 9.763948497854075, "pct_age_45_54": 11.051502145922749, "pct_age_55_64": 21.19098712446352, "pct_age_65_74": 18.025751072961373, "pct_age_75_plus": 9.495708154506438, "pct_edu_none": 28.733459357277884, "pct_edu_secondary": 20.478890989287965, "pct_edu_college": 14.933837429111533, "pct_edu_university": 9.073724007561438, "pct_french": 97.85292538915728, "pct_owners": 85.99311136624569}}, {"arcs": [[231, -137, 232, 233, 234, -207, -149, 235]], "type": "Polygon", "properties": {"CFSAUID": "G0Z", "DGUID": "2021A0011G0Z", "PRUID": "24", "PRNAME": "Quebec / Qu\u00e9bec", "LANDAREA": 620.9932, "Somme": 4210.0, "Nombre de donateurs": 44, "Moyenne": 95.6818181818182, "age_total": 8975.0, "median_income_hh": 3920.0, "pct_income_0_30k": 16.198979591836736, "pct_income_30_60k": 21.68367346938776, "pct_income_60_100k": 31.63265306122449, "pct_income_100k_plus": 24.87244897959184, "pct_age_15_24": 8.746518105849582, "pct_age_25_34": 11.420612813370472, "pct_age_35_44": 13.370473537604456, "pct_age_45_54": 11.866295264623956, "pct_age_55_64": 16.26740947075209, "pct_age_65_74": 13.09192200557103, "pct_age_75_plus": 6.685236768802229, "pct_edu_none": 28.379287155346333, "pct_edu_secondary": 22.595830531271016, "pct_edu_college": 15.736381977135173, "pct_edu_university": 7.330195023537324, "pct_french": 97.88182831661094, "pct_owners": 81.27388535031848}}, {"arcs": [[236, 237, 238, -33, 239]], "type": "Polygon", "properties": {"CFSAUID": "G1B", "DGUID": "2021A0011G1B", "PRUID": "24", "PRNAME": "Quebec / Qu\u00e9bec", "LANDAREA": 41.6431, "Somme": 4515.0, "Nombre de donateurs": 62, "Moyenne": 72.8225806451613, "age_total": 16700.0, "median_income_hh": 6625.0, "pct_income_0_30k": 4.981132075471698, "pct_income_30_60k": 10.641509433962264, "pct_income_60_100k": 27.92452830188679, "pct_income_100k_plus": 49.58490566037736, "pct_age_15_24": 10.359281437125748, "pct_age_25_34": 11.107784431137723, "pct_age_35_44": 14.550898203592814, "pct_age_45_54": 14.191616766467066, "pct_age_55_64": 16.46706586826347, "pct_age_65_74": 10.359281437125748, "pct_age_75_plus": 3.892215568862276, "pct_edu_none": 13.812360387192852, "pct_edu_secondary": 21.03499627699181, "pct_edu_college": 22.5614296351452, "pct_edu_university": 17.647058823529413, "pct_french": 97.5997599759976, "pct_owners": 87.43416102332581}}, {"arcs": [[240, 241, 242, -240, -32]], "type": "Polygon", "properties": {"CFSAUID": "G1C", "DGUID": "2021A0011G1C", "PRUID": "24", "PRNAME": "Quebec / Qu\u00e9bec", "LANDAREA": 20.7153, "Somme": 18194.0, "Nombre de donateurs": 231, "Moyenne": 78.76190476190476, "age_total": 36215.0, "median_income_hh": 16395.0, "pct_income_0_30k": 9.484598963098506, "pct_income_30_60k": 16.55992680695334, "pct_income_60_100k": 31.19853613906679, "pct_income_100k_plus": 36.657517535834096, "pct_age_15_24": 9.581665055916057, "pct_age_25_34": 9.333149247549358, "pct_age_35_44": 11.901145934005246, "pct_age_45_54": 12.522435454921991, "pct_age_55_64": 17.86552533480602, "pct_age_65_74": 14.676239127433384, "pct_age_75_plus": 9.788761562888306, "pct_edu_none": 13.13699536730642, "pct_edu_secondary": 23.246194573130374, "pct_edu_college": 22.73328921244209, "pct_edu_university": 19.937127729980144, "pct_french": 97.35806632939854, "pct_owners": 68.23995127892813}}, {"arcs": [[243, 244, 245, 246, -241, -31]], "type": "Polygon", "properties": {"CFSAUID": "G1E", "DGUID": "2021A0011G1E", "PRUID": "24", "PRNAME": "Quebec / Qu\u00e9bec", "LANDAREA": 11.0731, "Somme": 23359.0, "Nombre de donateurs": 277, "Moyenne": 84.32851985559567, "age_total": 27750.0, "median_income_hh": 14030.0, "pct_income_0_30k": 16.67854597291518, "pct_income_30_60k": 23.057733428367783, "pct_income_60_100k": 31.50392017106201, "pct_income_100k_plus": 22.915181753385603, "pct_age_15_24": 8.936936936936938, "pct_age_25_34": 13.567567567567568, "pct_age_35_44": 12.81081081081081, "pct_age_45_54": 10.774774774774777, "pct_age_55_64": 14.342342342342343, "pct_age_65_74": 13.189189189189191, "pct_age_75_plus": 12.054054054054054, "pct_edu_none": 16.721455182993644, "pct_edu_secondary": 23.843962305500767, "pct_edu_college": 19.48279640587333, "pct_edu_university": 19.066403681788294, "pct_french": 94.7136563876652, "pct_owners": 41.437254200929566}}, {"arcs": [[247, 248, 249, 250, 251]], "type": "Polygon", "properties": {"CFSAUID": "G1G", "DGUID": "2021A0011G1G", "PRUID": "24", "PRNAME": "Quebec / Qu\u00e9bec", "LANDAREA": 10.1297, "Somme": 19575.0, "Nombre de donateurs": 255, "Moyenne": 76.76470588235294, "age_total": 24975.0, "median_income_hh": 11210.0, "pct_income_0_30k": 10.927743086529883, "pct_income_30_60k": 16.369313113291703, "pct_income_60_100k": 31.13291703835861, "pct_income_100k_plus": 35.45941123996432, "pct_age_15_24": 9.18918918918919, "pct_age_25_34": 10.57057057057057, "pct_age_35_44": 14.094094094094094, "pct_age_45_54": 11.811811811811811, "pct_age_55_64": 13.873873873873874, "pct_age_65_74": 13.213213213213212, "pct_age_75_plus": 10.61061061061061, "pct_edu_none": 12.3991195891416, "pct_edu_secondary": 22.81731474688188, "pct_edu_college": 21.76571288823673, "pct_edu_university": 22.7439471753485, "pct_french": 95.70527172806838, "pct_owners": 69.61178045515395}}, {"arcs": [[-247, 252, 253, 254, -249, 255, -242]], "type": "Polygon", "properties": {"CFSAUID": "G1H", "DGUID": "2021A0011G1H", "PRUID": "24", "PRNAME": "Quebec / Qu\u00e9bec", "LANDAREA": 8.3869, "Somme": 24960.89, "Nombre de donateurs": 331, "Moyenne": 75.41054380664653, "age_total": 29620.0, "median_income_hh": 14940.0, "pct_income_0_30k": 15.294511378848728, "pct_income_30_60k": 23.32663989290495, "pct_income_60_100k": 33.701472556894245, "pct_income_100k_plus": 22.690763052208837, "pct_age_15_24": 8.25455773126266, "pct_age_25_34": 12.727886563133016, "pct_age_35_44": 12.592842673869006, "pct_age_45_54": 10.212694125590817, "pct_age_55_64": 14.483457123565158, "pct_age_65_74": 13.284942606347064, "pct_age_75_plus": 15.24307900067522, "pct_edu_none": 15.1129363449692, "pct_edu_secondary": 23.24435318275154, "pct_edu_college": 20.0, "pct_edu_university": 20.55441478439425, "pct_french": 93.44626967830251, "pct_owners": 39.93299832495813}}, {"arcs": [[256, 257, -253, -246]], "type": "Polygon", "properties": {"CFSAUID": "G1J", "DGUID": "2021A0011G1J", "PRUID": "24", "PRNAME": "Quebec / Qu\u00e9bec", "LANDAREA": 6.2473, "Somme": 18007.0, "Nombre de donateurs": 208, "Moyenne": 86.57211538461539, "age_total": 23325.0, "median_income_hh": 13230.0, "pct_income_0_30k": 25.321239606953892, "pct_income_30_60k": 26.56840513983371, "pct_income_60_100k": 28.98715041572185, "pct_income_100k_plus": 14.965986394557824, "pct_age_15_24": 10.289389067524116, "pct_age_25_34": 19.39978563772776, "pct_age_35_44": 14.276527331189712, "pct_age_45_54": 9.710610932475884, "pct_age_55_64": 12.604501607717042, "pct_age_65_74": 10.482315112540192, "pct_age_75_plus": 10.39657020364416, "pct_edu_none": 20.448249811130697, "pct_edu_secondary": 20.80080584235709, "pct_edu_college": 18.7358348023168, "pct_edu_university": 22.23621254092168, "pct_french": 91.32519616390584, "pct_owners": 21.550094517958414}}, {"arcs": [[258, 259, 260, 261, 262, 263, -257, -245, 264]], "type": "Polygon", "properties": {"CFSAUID": "G1K", "DGUID": "2021A0011G1K", "PRUID": "24", "PRNAME": "Quebec / Qu\u00e9bec", "LANDAREA": 3.856, "Somme": 23392.0, "Nombre de donateurs": 254, "Moyenne": 92.09448818897638, "age_total": 18910.0, "median_income_hh": 11435.0, "pct_income_0_30k": 26.716222125054657, "pct_income_30_60k": 23.17446436379537, "pct_income_60_100k": 28.858766943594222, "pct_income_100k_plus": 17.09663314385658, "pct_age_15_24": 9.148598625066102, "pct_age_25_34": 23.268112109994718, "pct_age_35_44": 15.57377049180328, "pct_age_45_54": 9.862506610259125, "pct_age_55_64": 13.40560549973559, "pct_age_65_74": 11.422527763088311, "pct_age_75_plus": 7.324167107350608, "pct_edu_none": 14.591618231875191, "pct_edu_secondary": 17.008259406546344, "pct_edu_college": 17.130620985010705, "pct_edu_university": 36.28020801468339, "pct_french": 90.94360086767897, "pct_owners": 26.166593981683384}}, {"arcs": [[-264, 265, 266, -254, -258]], "type": "Polygon", "properties": {"CFSAUID": "G1L", "DGUID": "2021A0011G1L", "PRUID": "24", "PRNAME": "Quebec / Qu\u00e9bec", "LANDAREA": 3.9677, "Somme": 24350.51, "Nombre de donateurs": 275, "Moyenne": 88.54730909090908, "age_total": 22025.0, "median_income_hh": 12770.0, "pct_income_0_30k": 25.17619420516836, "pct_income_30_60k": 25.763508222396243, "pct_income_60_100k": 29.60062646828504, "pct_income_100k_plus": 15.505090054815977, "pct_age_15_24": 9.511918274687854, "pct_age_25_34": 20.72644721906924, "pct_age_35_44": 15.278093076049942, "pct_age_45_54": 9.943246311010215, "pct_age_55_64": 12.849035187287177, "pct_age_65_74": 11.169125993189558, "pct_age_75_plus": 8.467650397275824, "pct_edu_none": 17.572223694672676, "pct_edu_secondary": 20.037105751391465, "pct_edu_college": 17.73124834349324, "pct_edu_university": 26.769149218128813, "pct_french": 93.05045871559632, "pct_owners": 20.078277886497062}}, {"arcs": [[-263, 267, 268, 269, 270, 271, 272, 273, -266]], "type": "Polygon", "properties": {"CFSAUID": "G1M", "DGUID": "2021A0011G1M", "PRUID": "24", "PRNAME": "Quebec / Qu\u00e9bec", "LANDAREA": 10.7409, "Somme": 13478.18, "Nombre de donateurs": 177, "Moyenne": 76.14790960451978, "age_total": 20770.0, "median_income_hh": 10025.0, "pct_income_0_30k": 18.35411471321696, "pct_income_30_60k": 22.443890274314214, "pct_income_60_100k": 31.82044887780549, "pct_income_100k_plus": 22.044887780548628, "pct_age_15_24": 8.907077515647568, "pct_age_25_34": 13.529128550794416, "pct_age_35_44": 12.253249879634089, "pct_age_45_54": 10.471834376504574, "pct_age_55_64": 13.890226287915262, "pct_age_65_74": 13.288396726047184, "pct_age_75_plus": 14.684641309581126, "pct_edu_none": 21.42640364188164, "pct_edu_secondary": 23.125948406676784, "pct_edu_college": 16.418816388467373, "pct_edu_university": 19.271623672230653, "pct_french": 91.61306284017812, "pct_owners": 33.01745635910224}}, {"arcs": [[[274, 275, -268, -262]], [[276, -272]]], "type": "MultiPolygon", "properties": {"CFSAUID": "G1N", "DGUID": "2021A0011G1N", "PRUID": "24", "PRNAME": "Quebec / Qu\u00e9bec", "LANDAREA": 2.4844, "Somme": 4685.0, "Nombre de donateurs": 67, "Moyenne": 69.92537313432835, "age_total": 8400.0, "median_income_hh": 5000.0, "pct_income_0_30k": 26.1, "pct_income_30_60k": 27.3, "pct_income_60_100k": 29.2, "pct_income_100k_plus": 13.5, "pct_age_15_24": 9.94047619047619, "pct_age_25_34": 23.809523809523807, "pct_age_35_44": 15.892857142857142, "pct_age_45_54": 9.94047619047619, "pct_age_55_64": 13.452380952380953, "pct_age_65_74": 9.94047619047619, "pct_age_75_plus": 7.6190476190476195, "pct_edu_none": 18.462594371997252, "pct_edu_secondary": 22.031571722717917, "pct_edu_college": 15.71722717913521, "pct_edu_university": 24.708304735758407, "pct_french": 93.48219674109836, "pct_owners": 22.334004024144868}}, {"arcs": [[-277, -271, 277, 278, 279, 280, 281, -273]], "type": "Polygon", "properties": {"CFSAUID": "G1P", "DGUID": "2021A0011G1P", "PRUID": "24", "PRNAME": "Quebec / Qu\u00e9bec", "LANDAREA": 11.4638, "Somme": 6967.0, "Nombre de donateurs": 91, "Moyenne": 76.56043956043956, "age_total": 16535.0, "median_income_hh": 8070.0, "pct_income_0_30k": 14.807930607187112, "pct_income_30_60k": 21.933085501858734, "pct_income_60_100k": 32.032218091697644, "pct_income_100k_plus": 25.77447335811648, "pct_age_15_24": 9.888116117326884, "pct_age_25_34": 14.212276988206836, "pct_age_35_44": 13.335349259147264, "pct_age_45_54": 10.462654974296946, "pct_age_55_64": 13.305110371938314, "pct_age_65_74": 11.158149380102811, "pct_age_75_plus": 12.7608104021772, "pct_edu_none": 15.502183406113538, "pct_edu_secondary": 23.107714701601164, "pct_edu_college": 20.66957787481805, "pct_edu_university": 20.705967976710333, "pct_french": 93.08855291576674, "pct_owners": 44.31396786155748}}, {"arcs": [[282, -275, -261]], "type": "Polygon", "properties": {"CFSAUID": "G1R", "DGUID": "2021A0011G1R", "PRUID": "24", "PRNAME": "Quebec / Qu\u00e9bec", "LANDAREA": 3.0261, "Somme": 74146.0, "Nombre de donateurs": 792, "Moyenne": 93.61868686868686, "age_total": 16425.0, "median_income_hh": 10465.0, "pct_income_0_30k": 24.032489249880555, "pct_income_30_60k": 21.35690396559962, "pct_income_60_100k": 27.854753941710463, "pct_income_100k_plus": 22.216913521261347, "pct_age_15_24": 9.710806697108069, "pct_age_25_34": 21.095890410958905, "pct_age_35_44": 12.207001522070016, "pct_age_45_54": 9.89345509893455, "pct_age_55_64": 12.815829528158297, "pct_age_65_74": 15.068493150684931, "pct_age_75_plus": 12.054794520547944, "pct_edu_none": 6.014271151885831, "pct_edu_secondary": 15.324498810737344, "pct_edu_college": 16.47978253482841, "pct_edu_university": 49.54128440366973, "pct_french": 91.49066421793694, "pct_owners": 26.808100289296043}}, {"arcs": [[-260, 283, 284, -269, -276, -283]], "type": "Polygon", "properties": {"CFSAUID": "G1S", "DGUID": "2021A0011G1S", "PRUID": "24", "PRNAME": "Quebec / Qu\u00e9bec", "LANDAREA": 4.789, "Somme": 137379.25, "Nombre de donateurs": 1477, "Moyenne": 93.01235612728505, "age_total": 25910.0, "median_income_hh": 13660.0, "pct_income_0_30k": 14.78770131771596, "pct_income_30_60k": 18.08199121522694, "pct_income_60_100k": 28.91654465592972, "pct_income_100k_plus": 33.01610541727672, "pct_age_15_24": 9.725974527209573, "pct_age_25_34": 14.067927441142416, "pct_age_35_44": 10.36279428791972, "pct_age_45_54": 8.722500964878426, "pct_age_55_64": 12.73639521420301, "pct_age_65_74": 16.67309918950212, "pct_age_75_plus": 17.657275183326902, "pct_edu_none": 5.299539170506913, "pct_edu_secondary": 12.903225806451612, "pct_edu_college": 15.668202764976956, "pct_edu_university": 56.17511520737328, "pct_french": 91.477621091355, "pct_owners": 43.68861404146963}}, {"arcs": [[285, 286, 287, 288, -284, -259]], "type": "Polygon", "properties": {"CFSAUID": "G1T", "DGUID": "2021A0011G1T", "PRUID": "24", "PRNAME": "Quebec / Qu\u00e9bec", "LANDAREA": 4.7408, "Somme": 27830.0, "Nombre de donateurs": 255, "Moyenne": 109.1372549019608, "age_total": 6795.0, "median_income_hh": 2790.0, "pct_income_0_30k": 6.093189964157706, "pct_income_30_60k": 8.24372759856631, "pct_income_60_100k": 18.99641577060932, "pct_income_100k_plus": 62.00716845878136, "pct_age_15_24": 10.816777041942604, "pct_age_25_34": 6.990434142752024, "pct_age_35_44": 10.5224429727741, "pct_age_45_54": 11.11111111111111, "pct_age_55_64": 15.15820456217807, "pct_age_65_74": 15.967623252391464, "pct_age_75_plus": 14.34878587196468, "pct_edu_none": 6.204379562043796, "pct_edu_secondary": 13.047445255474452, "pct_edu_college": 15.328467153284672, "pct_edu_university": 57.66423357664233, "pct_french": 93.52465047829286, "pct_owners": 78.99461400359067}}, {"arcs": [[-289, 289, 290, -278, -270, -285]], "type": "Polygon", "properties": {"CFSAUID": "G1V", "DGUID": "2021A0011G1V", "PRUID": "24", "PRNAME": "Quebec / Qu\u00e9bec", "LANDAREA": 8.5447, "Somme": 52115.0, "Nombre de donateurs": 564, "Moyenne": 92.40248226950357, "age_total": 23630.0, "median_income_hh": 12275.0, "pct_income_0_30k": 23.421588594704684, "pct_income_30_60k": 21.95519348268839, "pct_income_60_100k": 29.368635437881878, "pct_income_100k_plus": 20.65173116089613, "pct_age_15_24": 23.931443080829453, "pct_age_25_34": 20.376639864578923, "pct_age_35_44": 10.050782903089294, "pct_age_45_54": 6.53829877274651, "pct_age_55_64": 8.37917900973339, "pct_age_65_74": 9.500634786288616, "pct_age_75_plus": 12.357173085061362, "pct_edu_none": 5.5177824267782425, "pct_edu_secondary": 16.37029288702929, "pct_edu_college": 20.94665271966527, "pct_edu_university": 45.68514644351465, "pct_french": 86.19067977768276, "pct_owners": 25.593775593775597}}, {"arcs": [[291, 292, 293, -290, -288]], "type": "Polygon", "properties": {"CFSAUID": "G1W", "DGUID": "2021A0011G1W", "PRUID": "24", "PRNAME": "Quebec / Qu\u00e9bec", "LANDAREA": 8.4646, "Somme": 56545.0, "Nombre de donateurs": 607, "Moyenne": 93.15485996705108, "age_total": 22500.0, "median_income_hh": 10475.0, "pct_income_0_30k": 12.028639618138424, "pct_income_30_60k": 16.467780429594274, "pct_income_60_100k": 28.3054892601432, "pct_income_100k_plus": 37.85202863961814, "pct_age_15_24": 10.511111111111113, "pct_age_25_34": 13.82222222222222, "pct_age_35_44": 12.711111111111112, "pct_age_45_54": 9.688888888888888, "pct_age_55_64": 12.022222222222222, "pct_age_65_74": 12.88888888888889, "pct_age_75_plus": 13.555555555555555, "pct_edu_none": 6.0855263157894735, "pct_edu_secondary": 14.528508771929824, "pct_edu_college": 18.804824561403507, "pct_edu_university": 49.28728070175439, "pct_french": 86.9675925925926, "pct_owners": 53.67717287488061}}, {"arcs": [[-294, 294, 295, 296, -279, -291]], "type": "Polygon", "properties": {"CFSAUID": "G1X", "DGUID": "2021A0011G1X", "PRUID": "24", "PRNAME": "Quebec / Qu\u00e9bec", "LANDAREA": 12.0263, "Somme": 54645.0, "Nombre de donateurs": 632, "Moyenne": 86.4636075949367, "age_total": 26745.0, "median_income_hh": 12980.0, "pct_income_0_30k": 13.559322033898304, "pct_income_30_60k": 17.41140215716487, "pct_income_60_100k": 30.81664098613251, "pct_income_100k_plus": 32.66563944530046, "pct_age_15_24": 12.020938493176295, "pct_age_25_34": 13.572630398205272, "pct_age_35_44": 12.002243409983176, "pct_age_45_54": 9.94578425873995, "pct_age_55_64": 12.5817909889699, "pct_age_65_74": 12.880912320059824, "pct_age_75_plus": 12.46962048981118, "pct_edu_none": 7.7985739750445635, "pct_edu_secondary": 16.688948306595368, "pct_edu_college": 19.184491978609625, "pct_edu_university": 42.736185383244205, "pct_french": 87.35976065818998, "pct_owners": 49.09719554360353}}, {"arcs": [[-293, 297, 298, 299, -295]], "type": "Polygon", "properties": {"CFSAUID": "G1Y", "DGUID": "2021A0011G1Y", "PRUID": "24", "PRNAME": "Quebec / Qu\u00e9bec", "LANDAREA": 6.4974, "Somme": 32980.0, "Nombre de donateurs": 368, "Moyenne": 89.6195652173913, "age_total": 12735.0, "median_income_hh": 5480.0, "pct_income_0_30k": 5.656934306569343, "pct_income_30_60k": 9.124087591240876, "pct_income_60_100k": 23.631386861313867, "pct_income_100k_plus": 55.565693430656935, "pct_age_15_24": 9.50137416568512, "pct_age_25_34": 7.930899096976836, "pct_age_35_44": 11.54299175500589, "pct_age_45_54": 11.503729878288183, "pct_age_55_64": 15.744012563800547, "pct_age_65_74": 17.157440125638004, "pct_age_75_plus": 10.679230467216334, "pct_edu_none": 6.053496011262318, "pct_edu_secondary": 12.71703425621774, "pct_edu_college": 18.48897231346785, "pct_edu_university": 52.229000469263255, "pct_french": 94.54259913623872, "pct_owners": 82.69581056466302}}, {"arcs": [[-11, -10, 300, 301, 302, 303, -13, 304, 305, 306, 307, -8]], "type": "Polygon", "properties": {"CFSAUID": "G2A", "DGUID": "2021A0011G2A", "PRUID": "24", "PRNAME": "Quebec / Qu\u00e9bec", "LANDAREA": 20.4068, "Somme": 9685.0, "Nombre de donateurs": 120, "Moyenne": 80.70833333333333, "age_total": 15350.0, "median_income_hh": 6525.0, "pct_income_0_30k": 7.892720306513409, "pct_income_30_60k": 13.409961685823754, "pct_income_60_100k": 28.735632183908045, "pct_income_100k_plus": 43.371647509578544, "pct_age_15_24": 9.86970684039088, "pct_age_25_34": 11.530944625407166, "pct_age_35_44": 13.648208469055376, "pct_age_45_54": 12.76872964169381, "pct_age_55_64": 13.517915309446254, "pct_age_65_74": 12.08469055374593, "pct_age_75_plus": 8.697068403908794, "pct_edu_none": 12.012856568903176, "pct_edu_secondary": 21.494576134993974, "pct_edu_college": 21.37404580152672, "pct_edu_university": 25.592607472880676, "pct_french": 96.34106501143415, "pct_owners": 75.57603686635944}}, {"arcs": [[308, 309, 310, 311, -301, -9, -308, 312]], "type": "Polygon", "properties": {"CFSAUID": "G2B", "DGUID": "2021A0011G2B", "PRUID": "24", "PRNAME": "Quebec / Qu\u00e9bec", "LANDAREA": 14.5983, "Somme": 12006.62, "Nombre de donateurs": 157, "Moyenne": 76.47528662420383, "age_total": 24935.0, "median_income_hh": 11265.0, "pct_income_0_30k": 11.895250776742122, "pct_income_30_60k": 16.688859298712828, "pct_income_60_100k": 30.18197958277852, "pct_income_100k_plus": 34.9312028406569, "pct_age_15_24": 9.90575496290355, "pct_age_25_34": 11.369560858231402, "pct_age_35_44": 13.495087226789654, "pct_age_45_54": 11.71044716262282, "pct_age_55_64": 14.818528173250453, "pct_age_65_74": 12.171646280328854, "pct_age_75_plus": 9.404451574092642, "pct_edu_none": 14.236024844720497, "pct_edu_secondary": 23.080745341614907, "pct_edu_college": 20.372670807453417, "pct_edu_university": 20.770186335403725, "pct_french": 95.65479782739892, "pct_owners": 58.883473637572}}, {"arcs": [[-281, 313, -309, 314]], "type": "Polygon", "properties": {"CFSAUID": "G2C", "DGUID": "2021A0011G2C", "PRUID": "24", "PRNAME": "Quebec / Qu\u00e9bec", "LANDAREA": 7.5484, "Somme": 6310.0, "Nombre de donateurs": 84, "Moyenne": 75.11904761904762, "age_total": 12285.0, "median_income_hh": 5910.0, "pct_income_0_30k": 8.967851099830796, "pct_income_30_60k": 15.820642978003384, "pct_income_60_100k": 32.48730964467005, "pct_income_100k_plus": 36.80203045685279, "pct_age_15_24": 9.035409035409035, "pct_age_25_34": 12.454212454212454, "pct_age_35_44": 14.163614163614165, "pct_age_45_54": 12.413512413512413, "pct_age_55_64": 14.529914529914532, "pct_age_65_74": 12.332112332112333, "pct_age_75_plus": 10.866910866910867, "pct_edu_none": 10.559610705596109, "pct_edu_secondary": 20.437956204379564, "pct_edu_college": 20.632603406326037, "pct_edu_university": 31.143552311435524, "pct_french": 93.97639397639398, "pct_owners": 54.36974789915966}}, {"arcs": [[-297, 315, -310, -314, -280]], "type": "Polygon", "properties": {"CFSAUID": "G2E", "DGUID": "2021A0011G2E", "PRUID": "24", "PRNAME": "Quebec / Qu\u00e9bec", "LANDAREA": 9.1608, "Somme": 14164.98, "Nombre de donateurs": 171, "Moyenne": 82.83614035087719, "age_total": 21055.0, "median_income_hh": 9110.0, "pct_income_0_30k": 8.177826564215149, "pct_income_30_60k": 14.763995609220636, "pct_income_60_100k": 29.473106476399565, "pct_income_100k_plus": 41.822173435784855, "pct_age_15_24": 9.95013061030634, "pct_age_25_34": 9.712657326050818, "pct_age_35_44": 12.087390168606031, "pct_age_45_54": 12.633578722393732, "pct_age_55_64": 14.96081690809784, "pct_age_65_74": 13.607219187841368, "pct_age_75_plus": 12.016148183329376, "pct_edu_none": 11.597938144329897, "pct_edu_secondary": 23.081328751431844, "pct_edu_college": 21.93585337915235, "pct_edu_university": 23.45360824742268, "pct_french": 95.98246895544192, "pct_owners": 73.85120350109409}}, {"arcs": [[-296, -300, 316, 317, -311, -316]], "type": "Polygon", "properties": {"CFSAUID": "G2G", "DGUID": "2021A0011G2G", "PRUID": "24", "PRNAME": "Quebec / Qu\u00e9bec", "LANDAREA": 51.2998, "Somme": 10690.0, "Nombre de donateurs": 108, "Moyenne": 98.98148148148148, "age_total": 10790.0, "median_income_hh": 4770.0, "pct_income_0_30k": 6.813417190775681, "pct_income_30_60k": 13.10272536687631, "pct_income_60_100k": 30.083857442348013, "pct_income_100k_plus": 43.710691823899374, "pct_age_15_24": 9.823911028730306, "pct_age_25_34": 11.770157553290083, "pct_age_35_44": 12.974976830398516, "pct_age_45_54": 12.27988878591288, "pct_age_55_64": 18.813716404077848, "pct_age_65_74": 12.140871177015756, "pct_age_75_plus": 6.024096385542169, "pct_edu_none": 9.58980044345898, "pct_edu_secondary": 19.17960088691796, "pct_edu_college": 21.78492239467849, "pct_edu_university": 29.98891352549889, "pct_french": 94.1806331471136, "pct_owners": 83.47280334728033}}, {"arcs": [[318]], "type": "Polygon", "properties": {"CFSAUID": "G2J", "DGUID": "2021A0011G2J", "PRUID": "24", "PRNAME": "Quebec / Qu\u00e9bec", "LANDAREA": 0.9948, "Somme": 1630.0, "Nombre de donateurs": 28, "Moyenne": 58.21428571428572, "age_total": 3225.0, "median_income_hh": 1775.0, "pct_income_0_30k": 9.577464788732394, "pct_income_30_60k": 23.380281690140844, "pct_income_60_100k": 37.183098591549296, "pct_income_100k_plus": 24.225352112676056, "pct_age_15_24": 7.131782945736434, "pct_age_25_34": 14.108527131782948, "pct_age_35_44": 10.387596899224809, "pct_age_45_54": 8.992248062015504, "pct_age_55_64": 16.27906976744186, "pct_age_65_74": 17.984496124031008, "pct_age_75_plus": 16.434108527131784, "pct_edu_none": 13.403880070546736, "pct_edu_secondary": 26.63139329805996, "pct_edu_college": 19.753086419753085, "pct_edu_university": 24.33862433862434, "pct_french": 93.6335403726708, "pct_owners": 45.96100278551532}}, {"arcs": [[-255, -267, -274, -282, -315, -313, -307, 319, 320, -250], [-319]], "type": "Polygon", "properties": {"CFSAUID": "G2K", "DGUID": "2021A0011G2K", "PRUID": "24", "PRNAME": "Quebec / Qu\u00e9bec", "LANDAREA": 16.0871, "Somme": 13799.0, "Nombre de donateurs": 173, "Moyenne": 79.76300578034682, "age_total": 12845.0, "median_income_hh": 6430.0, "pct_income_0_30k": 6.531881804043546, "pct_income_30_60k": 14.69673405909798, "pct_income_60_100k": 33.903576982892695, "pct_income_100k_plus": 38.33592534992224, "pct_age_15_24": 7.395873880887505, "pct_age_25_34": 11.093810821331257, "pct_age_35_44": 11.444141689373296, "pct_age_45_54": 11.24951342934994, "pct_age_55_64": 17.205138186064616, "pct_age_65_74": 16.97158427403659, "pct_age_75_plus": 12.61191124951343, "pct_edu_none": 8.726084927671488, "pct_edu_secondary": 21.5585627624825, "pct_edu_college": 21.185254316378906, "pct_edu_university": 31.40457302846477, "pct_french": 95.66074950690336, "pct_owners": 60.879811468970935}}, {"arcs": [[-243, -256, -248, 321, -237]], "type": "Polygon", "properties": {"CFSAUID": "G2L", "DGUID": "2021A0011G2L", "PRUID": "24", "PRNAME": "Quebec / Qu\u00e9bec", "LANDAREA": 11.7615, "Somme": 12659.0, "Nombre de donateurs": 173, "Moyenne": 73.17341040462428, "age_total": 14610.0, "median_income_hh": 6670.0, "pct_income_0_30k": 9.29535232383808, "pct_income_30_60k": 15.367316341829085, "pct_income_60_100k": 29.83508245877061, "pct_income_100k_plus": 38.90554722638681, "pct_age_15_24": 10.57494866529774, "pct_age_25_34": 8.042436687200547, "pct_age_35_44": 12.69678302532512, "pct_age_45_54": 13.75770020533881, "pct_age_55_64": 14.921286789869953, "pct_age_65_74": 14.099931553730322, "pct_age_75_plus": 8.966461327857632, "pct_edu_none": 12.593516209476311, "pct_edu_secondary": 21.82044887780549, "pct_edu_college": 21.82044887780549, "pct_edu_university": 24.688279301745634, "pct_french": 95.98765432098766, "pct_owners": 72.4887556221889}}, {"arcs": [[-238, -322, -252, 322, 323, 324]], "type": "Polygon", "properties": {"CFSAUID": "G2M", "DGUID": "2021A0011G2M", "PRUID": "24", "PRNAME": "Quebec / Qu\u00e9bec", "LANDAREA": 22.3716, "Somme": 3135.0, "Nombre de donateurs": 44, "Moyenne": 71.25, "age_total": 5625.0, "median_income_hh": 2255.0, "pct_income_0_30k": 5.099778270509978, "pct_income_30_60k": 10.6430155210643, "pct_income_60_100k": 27.494456762749447, "pct_income_100k_plus": 50.332594235033255, "pct_age_15_24": 8.977777777777778, "pct_age_25_34": 10.044444444444444, "pct_age_35_44": 17.066666666666666, "pct_age_45_54": 13.77777777777778, "pct_age_55_64": 13.244444444444444, "pct_age_65_74": 10.666666666666668, "pct_age_75_plus": 4.888888888888889, "pct_edu_none": 10.955710955710956, "pct_edu_secondary": 23.07692307692308, "pct_edu_college": 22.377622377622377, "pct_edu_university": 24.47552447552448, "pct_french": 97.14285714285714, "pct_owners": 85.74610244988864}}, {"arcs": [[-251, -321, 325, 326, 327, -323]], "type": "Polygon", "properties": {"CFSAUID": "G2N", "DGUID": "2021A0011G2N", "PRUID": "24", "PRNAME": "Quebec / Qu\u00e9bec", "LANDAREA": 13.3945, "Somme": 4325.0, "Nombre de donateurs": 55, "Moyenne": 78.63636363636364, "age_total": 8485.0, "median_income_hh": 3495.0, "pct_income_0_30k": 6.866952789699571, "pct_income_30_60k": 11.874105865522177, "pct_income_60_100k": 28.61230329041488, "pct_income_100k_plus": 45.35050071530758, "pct_age_15_24": 9.546258102533884, "pct_age_25_34": 12.080141426045964, "pct_age_35_44": 17.08898055391868, "pct_age_45_54": 13.494401885680611, "pct_age_55_64": 12.315851502651736, "pct_age_65_74": 9.95875073659399, "pct_age_75_plus": 4.301708898055392, "pct_edu_none": 13.422818791946307, "pct_edu_secondary": 21.84936614466816, "pct_edu_college": 21.84936614466816, "pct_edu_university": 17.375093214019387, "pct_french": 96.28756629345904, "pct_owners": 81.54506437768241}}, {"arcs": [[-299, 328, -5, 329, 330, -317]], "type": "Polygon", "properties": {"CFSAUID": "G3A", "DGUID": "2021A0011G3A", "PRUID": "24", "PRNAME": "Quebec / Qu\u00e9bec", "LANDAREA": 85.7954, "Somme": 27552.0, "Nombre de donateurs": 304, "Moyenne": 90.63157894736842, "age_total": 20235.0, "median_income_hh": 8285.0, "pct_income_0_30k": 5.190102595051298, "pct_income_30_60k": 9.656004828002414, "pct_income_60_100k": 24.683162341581173, "pct_income_100k_plus": 55.2202776101388, "pct_age_15_24": 11.21818631084754, "pct_age_25_34": 8.154188287620459, "pct_age_35_44": 10.995799357548805, "pct_age_45_54": 13.269088213491475, "pct_age_55_64": 17.790956263899186, "pct_age_65_74": 14.702248579194466, "pct_age_75_plus": 8.796639486039041, "pct_edu_none": 8.22746521476104, "pct_edu_secondary": 17.725347852389596, "pct_edu_college": 21.14337568058076, "pct_edu_university": 37.65880217785844, "pct_french": 97.0898143502258, "pct_owners": 81.30277442702051}}, {"arcs": [[-325, 331, -34, -239]], "type": "Polygon", "properties": {"CFSAUID": "G3B", "DGUID": "2021A0011G3B", "PRUID": "24", "PRNAME": "Quebec / Qu\u00e9bec", "LANDAREA": 61.734, "Somme": 11180.0, "Nombre de donateurs": 122, "Moyenne": 91.63934426229508, "age_total": 8315.0, "median_income_hh": 3135.0, "pct_income_0_30k": 3.1897926634768736, "pct_income_30_60k": 6.539074960127592, "pct_income_60_100k": 18.660287081339717, "pct_income_100k_plus": 65.86921850079744, "pct_age_15_24": 12.146722790138304, "pct_age_25_34": 7.576668671076368, "pct_age_35_44": 14.431749849669274, "pct_age_45_54": 17.739025856885146, "pct_age_55_64": 14.85267588695129, "pct_age_65_74": 9.32050511124474, "pct_age_75_plus": 3.427540589296453, "pct_edu_none": 7.884761182714177, "pct_edu_secondary": 16.67930250189538, "pct_edu_college": 21.30401819560273, "pct_edu_university": 39.8786959818044, "pct_french": 97.23391461214672, "pct_owners": 90.74960127591709}}, {"arcs": [[-332, -324, -328, 332, -15, 333, -16, -205, -35]], "type": "Polygon", "properties": {"CFSAUID": "G3C", "DGUID": "2021A0011G3C", "PRUID": "24", "PRNAME": "Quebec / Qu\u00e9bec", "LANDAREA": 671.61, "Somme": 5211.64, "Nombre de donateurs": 67, "Moyenne": 77.78567164179105, "age_total": 10435.0, "median_income_hh": 4160.0, "pct_income_0_30k": 5.889423076923077, "pct_income_30_60k": 9.975961538461538, "pct_income_60_100k": 23.798076923076923, "pct_income_100k_plus": 53.48557692307693, "pct_age_15_24": 8.001916626736943, "pct_age_25_34": 12.410158121705797, "pct_age_35_44": 18.35170100622904, "pct_age_45_54": 14.03929084810733, "pct_age_55_64": 13.128893148059417, "pct_age_65_74": 8.19357930043124, "pct_age_75_plus": 3.4499281264973645, "pct_edu_none": 11.695544554455449, "pct_edu_secondary": 16.08910891089109, "pct_edu_college": 23.143564356435643, "pct_edu_university": 26.361386138613863, "pct_french": 96.9813128893148, "pct_owners": 88.71548619447779}}, {"arcs": [[-320, -306, 334, -326]], "type": "Polygon", "properties": {"CFSAUID": "G3E", "DGUID": "2021A0011G3E", "PRUID": "24", "PRNAME": "Quebec / Qu\u00e9bec", "LANDAREA": 8.4509, "Somme": 6117.89, "Nombre de donateurs": 79, "Moyenne": 77.44164556962026, "age_total": 16115.0, "median_income_hh": 6270.0, "pct_income_0_30k": 5.103668261562999, "pct_income_30_60k": 10.606060606060606, "pct_income_60_100k": 25.996810207336523, "pct_income_100k_plus": 51.8341307814992, "pct_age_15_24": 10.921501706484642, "pct_age_25_34": 11.666149550108594, "pct_age_35_44": 15.854793670493327, "pct_age_45_54": 14.520632950667082, "pct_age_55_64": 13.651877133105804, "pct_age_65_74": 7.756748371082842, "pct_age_75_plus": 3.754266211604096, "pct_edu_none": 12.16108452950558, "pct_edu_secondary": 22.40829346092504, "pct_edu_college": 22.92663476874003, "pct_edu_university": 18.381180223285487, "pct_french": 97.11269791990064, "pct_owners": 81.86157517899761}}, {"arcs": [[-327, -335, -305, -12, -333]], "type": "Polygon", "properties": {"CFSAUID": "G3G", "DGUID": "2021A0011G3G", "PRUID": "24", "PRNAME": "Quebec / Qu\u00e9bec", "LANDAREA": 33.9882, "Somme": 3092.0, "Nombre de donateurs": 36, "Moyenne": 85.88888888888889, "age_total": 10025.0, "median_income_hh": 4070.0, "pct_income_0_30k": 6.019656019656019, "pct_income_30_60k": 12.653562653562652, "pct_income_60_100k": 30.34398034398034, "pct_income_100k_plus": 43.611793611793615, "pct_age_15_24": 8.82793017456359, "pct_age_25_34": 12.967581047381548, "pct_age_35_44": 15.112219451371573, "pct_age_45_54": 13.366583541147133, "pct_age_55_64": 14.613466334164588, "pct_age_65_74": 10.124688279301743, "pct_age_75_plus": 4.538653366583541, "pct_edu_none": 17.8168130489335, "pct_edu_secondary": 22.396486825595986, "pct_edu_college": 19.44792973651192, "pct_edu_university": 12.358845671267252, "pct_french": 98.05194805194806, "pct_owners": 88.6977886977887}}, {"arcs": [[-330, -4, 335, -19, 336, 337]], "type": "Polygon", "properties": {"CFSAUID": "G3H", "DGUID": "2021A0011G3H", "PRUID": "24", "PRNAME": "Quebec / Qu\u00e9bec", "LANDAREA": 121.1154, "Somme": 1255.0, "Nombre de donateurs": 19, "Moyenne": 66.05263157894737, "age_total": 10145.0, "median_income_hh": 4190.0, "pct_income_0_30k": 8.83054892601432, "pct_income_30_60k": 14.200477326968974, "pct_income_60_100k": 28.878281622911693, "pct_income_100k_plus": 41.527446300716, "pct_age_15_24": 8.62493839329719, "pct_age_25_34": 13.011335633316904, "pct_age_35_44": 15.081320847708229, "pct_age_45_54": 11.33563331690488, "pct_age_55_64": 13.997042878265155, "pct_age_65_74": 10.892065056678168, "pct_age_75_plus": 6.9985214391325785, "pct_edu_none": 15.782828282828282, "pct_edu_secondary": 21.654040404040405, "pct_edu_college": 20.643939393939394, "pct_edu_university": 15.151515151515152, "pct_french": 97.98792756539235, "pct_owners": 77.68496420047732}}, {"arcs": [[338, 339, 340, -303]], "type": "Polygon", "properties": {"CFSAUID": "G3J", "DGUID": "2021A0011G3J", "PRUID": "24", "PRNAME": "Quebec / Qu\u00e9bec", "LANDAREA": 41.281, "Somme": 880.0, "Nombre de donateurs": 22, "Moyenne": 40.0, "age_total": 10635.0, "median_income_hh": 4530.0, "pct_income_0_30k": 7.28476821192053, "pct_income_30_60k": 11.810154525386316, "pct_income_60_100k": 32.22958057395143, "pct_income_100k_plus": 41.83222958057395, "pct_age_15_24": 10.390220968500236, "pct_age_25_34": 14.386459802538788, "pct_age_35_44": 16.12599905970851, "pct_age_45_54": 12.740949694405264, "pct_age_55_64": 12.740949694405264, "pct_age_65_74": 8.979783732957216, "pct_age_75_plus": 4.325340855665257, "pct_edu_none": 14.742451154529308, "pct_edu_secondary": 24.215512137359383, "pct_edu_college": 20.071047957371228, "pct_edu_university": 14.09117821195974, "pct_french": 96.56470588235294, "pct_owners": 74.06181015452539}}, {"arcs": [[-312, -318, 341, -339, -302]], "type": "Polygon", "properties": {"CFSAUID": "G3K", "DGUID": "2021A0011G3K", "PRUID": "24", "PRNAME": "Quebec / Qu\u00e9bec", "LANDAREA": 29.9346, "Somme": 5805.0, "Nombre de donateurs": 66, "Moyenne": 87.95454545454545, "age_total": 20400.0, "median_income_hh": 7960.0, "pct_income_0_30k": 5.967336683417086, "pct_income_30_60k": 10.804020100502512, "pct_income_60_100k": 28.70603015075377, "pct_income_100k_plus": 47.61306532663316, "pct_age_15_24": 10.392156862745098, "pct_age_25_34": 14.411764705882351, "pct_age_35_44": 16.96078431372549, "pct_age_45_54": 13.137254901960786, "pct_age_55_64": 11.27450980392157, "pct_age_65_74": 6.78921568627451, "pct_age_75_plus": 3.799019607843137, "pct_edu_none": 13.470319634703197, "pct_edu_secondary": 19.797782126549247, "pct_edu_college": 22.0808871493803, "pct_edu_university": 21.06979778212655, "pct_french": 95.97743438803042, "pct_owners": 71.74323473882946}}, {"arcs": [[-6, 342, -337, -18, 343, 344]], "type": "Polygon", "properties": {"CFSAUID": "G3L", "DGUID": "2021A0011G3L", "PRUID": "24", "PRNAME": "Quebec / Qu\u00e9bec", "LANDAREA": 666.2013, "Somme": 5506.0, "Nombre de donateurs": 72, "Moyenne": 76.47222222222223, "age_total": 11105.0, "median_income_hh": 4970.0, "pct_income_0_30k": 14.185110663983904, "pct_income_30_60k": 18.712273641851105, "pct_income_60_100k": 29.376257545271628, "pct_income_100k_plus": 31.58953722334004, "pct_age_15_24": 7.879333633498424, "pct_age_25_34": 12.111661413777576, "pct_age_35_44": 11.616389013957678, "pct_age_45_54": 11.616389013957678, "pct_age_55_64": 16.884286357496624, "pct_age_65_74": 13.867627194957228, "pct_age_75_plus": 9.545249887438093, "pct_edu_none": 19.444444444444446, "pct_edu_secondary": 25.11111111111111, "pct_edu_college": 16.166666666666664, "pct_edu_university": 10.11111111111111, "pct_french": 98.10212381382738, "pct_owners": 79.57957957957959}}, {"arcs": [[-20, -336, -3, -151]], "type": "Polygon", "properties": {"CFSAUID": "G3M", "DGUID": "2021A0011G3M", "PRUID": "24", "PRNAME": "Quebec / Qu\u00e9bec", "LANDAREA": 20.1956, "Somme": 4412.0, "Nombre de donateurs": 67, "Moyenne": 65.85074626865672, "age_total": 7435.0, "median_income_hh": 3300.0, "pct_income_0_30k": 16.666666666666664, "pct_income_30_60k": 18.939393939393938, "pct_income_60_100k": 29.393939393939394, "pct_income_100k_plus": 28.63636363636364, "pct_age_15_24": 7.531943510423672, "pct_age_25_34": 12.642905178211164, "pct_age_35_44": 13.113651647612642, "pct_age_45_54": 10.423671822461332, "pct_age_55_64": 14.593140551445863, "pct_age_65_74": 13.113651647612642, "pct_age_75_plus": 11.634162743779422, "pct_edu_none": 15.255731922398589, "pct_edu_secondary": 24.33862433862434, "pct_edu_college": 19.753086419753085, "pct_edu_university": 13.932980599647266, "pct_french": 97.14484679665738, "pct_owners": 65.15151515151516}}, {"arcs": [[-340, -342, -331, -338, -343, -7, -345, 345]], "type": "Polygon", "properties": {"CFSAUID": "G3N", "DGUID": "2021A0011G3N", "PRUID": "24", "PRNAME": "Quebec / Qu\u00e9bec", "LANDAREA": 165.8386, "Somme": 4030.0, "Nombre de donateurs": 46, "Moyenne": 87.6086956521739, "age_total": 11115.0, "median_income_hh": 4475.0, "pct_income_0_30k": 5.698324022346369, "pct_income_30_60k": 10.94972067039106, "pct_income_60_100k": 26.81564245810056, "pct_income_100k_plus": 49.94413407821229, "pct_age_15_24": 8.502024291497975, "pct_age_25_34": 14.664867296446245, "pct_age_35_44": 15.789473684210526, "pct_age_45_54": 11.650922177237968, "pct_age_55_64": 13.000449842555106, "pct_age_65_74": 9.401709401709402, "pct_age_75_plus": 4.183535762483131, "pct_edu_none": 13.458162668227033, "pct_edu_secondary": 19.719133996489173, "pct_edu_college": 19.192510239906376, "pct_edu_university": 19.485078993563487, "pct_french": 96.94107062528116, "pct_owners": 86.80089485458613}}, {"arcs": [[-304, -341, -346, -344, -17, -334, -14]], "type": "Polygon", "properties": {"CFSAUID": "G3S", "DGUID": "2021A0011G3S", "PRUID": "24", "PRNAME": "Quebec / Qu\u00e9bec", "LANDAREA": 361.4882, "Somme": 100.0, "Nombre de donateurs": 1, "Moyenne": 100.0, "age_total": 6645.0, "median_income_hh": 2395.0, "pct_income_0_30k": 2.2964509394572024, "pct_income_30_60k": 5.010438413361169, "pct_income_60_100k": 25.260960334029225, "pct_income_100k_plus": 59.707724425887264, "pct_age_15_24": 10.9104589917231, "pct_age_25_34": 18.058690744920995, "pct_age_35_44": 17.005267118133936, "pct_age_45_54": 12.56583897667419, "pct_age_55_64": 9.405568096313017, "pct_age_65_74": 4.288939051918736, "pct_age_75_plus": 1.655379984951091, "pct_edu_none": 11.05476673427992, "pct_edu_secondary": 28.1947261663286, "pct_edu_college": 19.371196754563893, "pct_edu_university": 17.13995943204868, "pct_french": 90.9706546275395, "pct_owners": 70.47817047817048}}, {"arcs": [[-40]], "type": "Polygon", "properties": {"CFSAUID": "G3Z", "DGUID": "2021A0011G3Z", "PRUID": "24", "PRNAME": "Quebec / Qu\u00e9bec", "LANDAREA": 545.8467, "Somme": 9478.0, "Nombre de donateurs": 126, "Moyenne": 75.22222222222223, "age_total": 7370.0, "median_income_hh": 3430.0, "pct_income_0_30k": 16.909620991253643, "pct_income_30_60k": 21.428571428571427, "pct_income_60_100k": 29.008746355685133, "pct_income_100k_plus": 27.25947521865889, "pct_age_15_24": 7.123473541383989, "pct_age_25_34": 8.683853459972863, "pct_age_35_44": 10.78697421981004, "pct_age_45_54": 10.651289009497964, "pct_age_55_64": 17.028493894165535, "pct_age_65_74": 17.84260515603799, "pct_age_75_plus": 15.128900949796472, "pct_edu_none": 19.208573784006592, "pct_edu_secondary": 21.187139323990102, "pct_edu_college": 18.46661170651278, "pct_edu_university": 17.312448474855728, "pct_french": 98.2918149466192, "pct_owners": 63.7956204379562}}, {"arcs": [[-155, -166, 346]], "type": "Polygon", "properties": {"CFSAUID": "G4A", "DGUID": "2021A0011G4A", "PRUID": "24", "PRNAME": "Quebec / Qu\u00e9bec", "LANDAREA": 51.5277, "Somme": 1242.0, "Nombre de donateurs": 20, "Moyenne": 62.1, "age_total": 3065.0, "median_income_hh": 1430.0, "pct_income_0_30k": 15.384615384615383, "pct_income_30_60k": 20.27972027972028, "pct_income_60_100k": 30.069930069930063, "pct_income_100k_plus": 27.62237762237762, "pct_age_15_24": 8.482871125611746, "pct_age_25_34": 9.29853181076672, "pct_age_35_44": 11.419249592169658, "pct_age_45_54": 10.114192495921696, "pct_age_55_64": 17.29200652528548, "pct_age_65_74": 16.965742251223492, "pct_age_75_plus": 12.071778140293638, "pct_edu_none": 21.74757281553398, "pct_edu_secondary": 29.126213592233007, "pct_edu_college": 12.427184466019416, "pct_edu_university": 6.213592233009709, "pct_french": 99.66555183946488, "pct_owners": 67.83216783216784}}, {"arcs": [[347, -52, -67, 348, -56, 349, -54]], "type": "Polygon", "properties": {"CFSAUID": "G4R", "DGUID": "2021A0011G4R", "PRUID": "24", "PRNAME": "Quebec / Qu\u00e9bec", "LANDAREA": 26778.6185, "Somme": 19386.59, "Nombre de donateurs": 269, "Moyenne": 72.06910780669145, "age_total": 20325.0, "median_income_hh": 8960.0, "pct_income_0_30k": 15.736607142857142, "pct_income_30_60k": 17.243303571428573, "pct_income_60_100k": 24.441964285714285, "pct_income_100k_plus": 38.05803571428572, "pct_age_15_24": 11.119311193111932, "pct_age_25_34": 11.094710947109473, "pct_age_35_44": 12.275522755227552, "pct_age_45_54": 12.669126691266912, "pct_age_55_64": 15.079950799507996, "pct_age_65_74": 10.947109471094713, "pct_age_75_plus": 8.83148831488315, "pct_edu_none": 27.048924898722344, "pct_edu_secondary": 19.66344655655968, "pct_edu_college": 17.85602991586164, "pct_edu_university": 14.27235899033967, "pct_french": 86.19739478957916, "pct_owners": 55.60538116591929}}, {"arcs": [[-53, -348]], "type": "Polygon", "properties": {"CFSAUID": "G4S", "DGUID": "2021A0011G4S", "PRUID": "24", "PRNAME": "Quebec / Qu\u00e9bec", "LANDAREA": 121.9205, "Somme": 2785.0, "Nombre de donateurs": 46, "Moyenne": 60.54347826086956, "age_total": 4935.0, "median_income_hh": 2160.0, "pct_income_0_30k": 6.712962962962964, "pct_income_30_60k": 14.814814814814811, "pct_income_60_100k": 30.32407407407408, "pct_income_100k_plus": 42.5925925925926, "pct_age_15_24": 11.043566362715298, "pct_age_25_34": 13.677811550151976, "pct_age_35_44": 12.360688956433636, "pct_age_45_54": 13.47517730496454, "pct_age_55_64": 13.37386018237082, "pct_age_65_74": 11.144883485309018, "pct_age_75_plus": 6.382978723404255, "pct_edu_none": 24.876847290640395, "pct_edu_secondary": 23.891625615763548, "pct_edu_college": 18.103448275862068, "pct_edu_university": 5.172413793103448, "pct_french": 93.8133874239351, "pct_owners": 83.4862385321101}}, {"arcs": [[350]], "type": "Polygon", "properties": {"CFSAUID": "G4T", "DGUID": "2021A0011G4T", "PRUID": "24", "PRNAME": "Quebec / Qu\u00e9bec", "LANDAREA": 187.3315, "Somme": 24640.0, "Nombre de donateurs": 312, "Moyenne": 78.97435897435898, "age_total": 12655.0, "median_income_hh": 5830.0, "pct_income_0_30k": 12.69296740994854, "pct_income_30_60k": 20.154373927958837, "pct_income_60_100k": 26.329331046312177, "pct_income_100k_plus": 34.99142367066895, "pct_age_15_24": 7.625444488344528, "pct_age_25_34": 9.679968391939944, "pct_age_35_44": 9.363887791386803, "pct_age_45_54": 13.038324772817068, "pct_age_55_64": 20.82180956143817, "pct_age_65_74": 17.700513630975898, "pct_age_75_plus": 10.66772026866851, "pct_edu_none": 29.393115942028984, "pct_edu_secondary": 18.88586956521739, "pct_edu_college": 17.34601449275362, "pct_edu_university": 13.269927536231885, "pct_french": 94.45773524720892, "pct_owners": 75.55746140651802}}, {"arcs": [[-43, -83, 351, -47, 352], [-46]], "type": "Polygon", "properties": {"CFSAUID": "G4V", "DGUID": "2021A0011G4V", "PRUID": "24", "PRNAME": "Quebec / Qu\u00e9bec", "LANDAREA": 4544.5351, "Somme": 2650.0, "Nombre de donateurs": 32, "Moyenne": 82.8125, "age_total": 6290.0, "median_income_hh": 3120.0, "pct_income_0_30k": 22.43589743589744, "pct_income_30_60k": 22.596153846153847, "pct_income_60_100k": 29.967948717948715, "pct_income_100k_plus": 20.192307692307693, "pct_age_15_24": 7.551669316375199, "pct_age_25_34": 9.062003179650238, "pct_age_35_44": 11.208267090620032, "pct_age_45_54": 11.605723370429253, "pct_age_55_64": 18.680445151033386, "pct_age_65_74": 18.441971383147852, "pct_age_75_plus": 10.81081081081081, "pct_edu_none": 32.12962962962963, "pct_edu_secondary": 18.796296296296298, "pct_edu_college": 16.296296296296298, "pct_edu_university": 9.444444444444445, "pct_french": 99.2811501597444, "pct_owners": 68.16}}, {"arcs": [[-68, 353, -65, -81]], "type": "Polygon", "properties": {"CFSAUID": "G4W", "DGUID": "2021A0011G4W", "PRUID": "24", "PRNAME": "Quebec / Qu\u00e9bec", "LANDAREA": 195.4893, "Somme": 36312.0, "Nombre de donateurs": 466, "Moyenne": 77.92274678111588, "age_total": 13990.0, "median_income_hh": 6995.0, "pct_income_0_30k": 22.15868477483917, "pct_income_30_60k": 21.87276626161544, "pct_income_60_100k": 27.734095782701928, "pct_income_100k_plus": 23.73123659756969, "pct_age_15_24": 10.114367405289492, "pct_age_25_34": 8.684774839170837, "pct_age_35_44": 10.93638313080772, "pct_age_45_54": 10.650464617583989, "pct_age_55_64": 17.40528949249464, "pct_age_65_74": 17.08363116511794, "pct_age_75_plus": 12.687634024303074, "pct_edu_none": 24.83108108108108, "pct_edu_secondary": 22.21283783783784, "pct_edu_college": 18.49662162162162, "pct_edu_university": 12.37331081081081, "pct_french": 99.09974792942025, "pct_owners": 59.85714285714285}}, {"arcs": [[-44, -353, -49, 354]], "type": "Polygon", "properties": {"CFSAUID": "G4X", "DGUID": "2021A0011G4X", "PRUID": "24", "PRNAME": "Quebec / Qu\u00e9bec", "LANDAREA": 2866.9162, "Somme": 25315.5, "Nombre de donateurs": 310, "Moyenne": 81.66290322580645, "age_total": 15065.0, "median_income_hh": 6780.0, "pct_income_0_30k": 14.454277286135694, "pct_income_30_60k": 18.436578171091444, "pct_income_60_100k": 29.71976401179941, "pct_income_100k_plus": 30.899705014749262, "pct_age_15_24": 8.264188516428808, "pct_age_25_34": 10.18918021905078, "pct_age_35_44": 11.74908728841686, "pct_age_45_54": 11.549950215731828, "pct_age_55_64": 18.65250580816462, "pct_age_65_74": 15.565881181546631, "pct_age_75_plus": 9.923664122137405, "pct_edu_none": 22.874251497005982, "pct_edu_secondary": 21.51696606786427, "pct_edu_college": 19.16167664670659, "pct_edu_university": 16.087824351297407, "pct_french": 88.05220883534136, "pct_owners": 71.7551622418879}}, {"arcs": [[-66, -354, -75, 355, -73, -162, -164, -57, -349]], "type": "Polygon", "properties": {"CFSAUID": "G4Z", "DGUID": "2021A0011G4Z", "PRUID": "24", "PRNAME": "Quebec / Qu\u00e9bec", "LANDAREA": 42369.1968, "Somme": 10575.0, "Nombre de donateurs": 124, "Moyenne": 85.28225806451613, "age_total": 9390.0, "median_income_hh": 4380.0, "pct_income_0_30k": 10.50228310502283, "pct_income_30_60k": 16.095890410958905, "pct_income_60_100k": 28.19634703196347, "pct_income_100k_plus": 39.49771689497717, "pct_age_15_24": 9.26517571884984, "pct_age_25_34": 10.915867944621937, "pct_age_35_44": 11.714589989350372, "pct_age_45_54": 12.193823216187434, "pct_age_55_64": 19.009584664536742, "pct_age_65_74": 12.513312034078808, "pct_age_75_plus": 9.79765708200213, "pct_edu_none": 17.385705086928528, "pct_edu_secondary": 21.056020605280104, "pct_edu_college": 21.37797810688989, "pct_edu_university": 16.162266580811334, "pct_french": 98.4349703184026, "pct_owners": 73.22654462242562}}, {"arcs": [[-99, -158, -26, -156, -347, -165, -160]], "type": "Polygon", "properties": {"CFSAUID": "G5A", "DGUID": "2021A0011G5A", "PRUID": "24", "PRNAME": "Quebec / Qu\u00e9bec", "LANDAREA": 458.1944, "Somme": 12005.0, "Nombre de donateurs": 183, "Moyenne": 65.60109289617486, "age_total": 8285.0, "median_income_hh": 3845.0, "pct_income_0_30k": 16.124837451235372, "pct_income_30_60k": 21.84655396618986, "pct_income_60_100k": 31.079323797139143, "pct_income_100k_plus": 24.83745123537061, "pct_age_15_24": 8.147254073627037, "pct_age_25_34": 7.785153892576946, "pct_age_35_44": 10.259505129752563, "pct_age_45_54": 11.466505733252868, "pct_age_55_64": 18.527459263729632, "pct_age_65_74": 17.260108630054315, "pct_age_75_plus": 12.975256487628243, "pct_edu_none": 21.35642135642136, "pct_edu_secondary": 27.344877344877343, "pct_edu_college": 13.492063492063492, "pct_edu_university": 11.904761904761903, "pct_french": 98.96404631322363, "pct_owners": 68.79063719115734}}, {"arcs": [[-76]], "type": "Polygon", "properties": {"CFSAUID": "G5B", "DGUID": "2021A0011G5B", "PRUID": "24", "PRNAME": "Quebec / Qu\u00e9bec", "LANDAREA": 41.1983, "Somme": 5130.0, "Nombre de donateurs": 69, "Moyenne": 74.34782608695652, "age_total": 5975.0, "median_income_hh": 2645.0, "pct_income_0_30k": 11.531190926275992, "pct_income_30_60k": 17.391304347826086, "pct_income_60_100k": 23.62948960302457, "pct_income_100k_plus": 42.72211720226844, "pct_age_15_24": 9.9581589958159, "pct_age_25_34": 11.548117154811717, "pct_age_35_44": 13.05439330543933, "pct_age_45_54": 13.556485355648537, "pct_age_55_64": 15.481171548117151, "pct_age_65_74": 11.380753138075312, "pct_age_75_plus": 8.03347280334728, "pct_edu_none": 27.85340314136125, "pct_edu_secondary": 23.141361256544503, "pct_edu_college": 17.905759162303664, "pct_edu_university": 9.738219895287958, "pct_french": 97.92207792207792, "pct_owners": 71.05263157894737}}, {"arcs": [[-74, -356]], "type": "Polygon", "properties": {"CFSAUID": "G5C", "DGUID": "2021A0011G5C", "PRUID": "24", "PRNAME": "Quebec / Qu\u00e9bec", "LANDAREA": 39.7103, "Somme": 12820.0, "Nombre de donateurs": 167, "Moyenne": 76.76646706586827, "age_total": 11390.0, "median_income_hh": 5230.0, "pct_income_0_30k": 15.200764818355642, "pct_income_30_60k": 17.78202676864245, "pct_income_60_100k": 27.62906309751434, "pct_income_100k_plus": 34.608030592734224, "pct_age_15_24": 10.184372256365233, "pct_age_25_34": 9.745390693590869, "pct_age_35_44": 11.28182616330114, "pct_age_45_54": 12.774363476733978, "pct_age_55_64": 18.61281826163301, "pct_age_65_74": 12.686567164179104, "pct_age_75_plus": 10.57945566286216, "pct_edu_none": 22.4835886214442, "pct_edu_secondary": 21.00656455142232, "pct_edu_college": 21.38949671772429, "pct_edu_university": 11.37855579868709, "pct_french": 98.98049645390071, "pct_owners": 64.84674329501917}}, {"arcs": [[[-92, -79]], [[-85]]], "type": "MultiPolygon", "properties": {"CFSAUID": "G5H", "DGUID": "2021A0011G5H", "PRUID": "24", "PRNAME": "Quebec / Qu\u00e9bec", "LANDAREA": 55.2249, "Somme": 9685.0, "Nombre de donateurs": 122, "Moyenne": 79.38524590163935, "age_total": 6975.0, "median_income_hh": 3255.0, "pct_income_0_30k": 24.731182795698924, "pct_income_30_60k": 22.119815668202765, "pct_income_60_100k": 27.956989247311824, "pct_income_100k_plus": 21.044546850998465, "pct_age_15_24": 8.315412186379929, "pct_age_25_34": 8.817204301075268, "pct_age_35_44": 10.60931899641577, "pct_age_45_54": 10.53763440860215, "pct_age_55_64": 17.562724014336915, "pct_age_65_74": 16.48745519713262, "pct_age_75_plus": 12.903225806451612, "pct_edu_none": 28.021978021978025, "pct_edu_secondary": 23.992673992673996, "pct_edu_college": 14.285714285714285, "pct_edu_university": 9.24908424908425, "pct_french": 99.32634730538922, "pct_owners": 59.87748851454824}}, {"arcs": [[-84]], "type": "Polygon", "properties": {"CFSAUID": "G5J", "DGUID": "2021A0011G5J", "PRUID": "24", "PRNAME": "Quebec / Qu\u00e9bec", "LANDAREA": 192.0236, "Somme": 11295.0, "Nombre de donateurs": 135, "Moyenne": 83.66666666666667, "age_total": 6010.0, "median_income_hh": 2855.0, "pct_income_0_30k": 21.891418563922944, "pct_income_30_60k": 19.78984238178634, "pct_income_60_100k": 27.6707530647986, "pct_income_100k_plus": 25.39404553415061, "pct_age_15_24": 9.151414309484194, "pct_age_25_34": 8.985024958402663, "pct_age_35_44": 10.48252911813644, "pct_age_45_54": 11.564059900166388, "pct_age_55_64": 17.88685524126456, "pct_age_65_74": 16.638935108153078, "pct_age_75_plus": 11.980033277870216, "pct_edu_none": 21.909547738693465, "pct_edu_secondary": 22.61306532663317, "pct_edu_college": 16.683417085427134, "pct_edu_university": 11.959798994974872, "pct_french": 99.65546942291128, "pct_owners": 65.78947368421053}}, {"arcs": [[-89, 356, 357, 358, -103, -163, -71, -91, 359], [360]], "type": "Polygon", "properties": {"CFSAUID": "G5L", "DGUID": "2021A0011G5L", "PRUID": "24", "PRNAME": "Quebec / Qu\u00e9bec", "LANDAREA": 62.2922, "Somme": 56422.0, "Nombre de donateurs": 731, "Moyenne": 77.18467852257182, "age_total": 28735.0, "median_income_hh": 14825.0, "pct_income_0_30k": 22.25969645868465, "pct_income_30_60k": 22.93423271500843, "pct_income_60_100k": 29.20741989881956, "pct_income_100k_plus": 21.079258010118043, "pct_age_15_24": 10.753436575604663, "pct_age_25_34": 11.954062989385768, "pct_age_35_44": 10.944840786497304, "pct_age_45_54": 9.500609013398297, "pct_age_55_64": 15.068731512093269, "pct_age_65_74": 16.425961371150166, "pct_age_75_plus": 13.589698973377416, "pct_edu_none": 14.902943018159048, "pct_edu_secondary": 22.124817365894387, "pct_edu_college": 20.99770402838656, "pct_edu_university": 22.897098726779376, "pct_french": 97.82226905514575, "pct_owners": 49.46164199192463}}, {"arcs": [[[-360, -90]], [[361, -358]]], "type": "MultiPolygon", "properties": {"CFSAUID": "G5M", "DGUID": "2021A0011G5M", "PRUID": "24", "PRNAME": "Quebec / Qu\u00e9bec", "LANDAREA": 18.857, "Somme": 12545.15, "Nombre de donateurs": 182, "Moyenne": 68.92939560439561, "age_total": 8830.0, "median_income_hh": 3800.0, "pct_income_0_30k": 6.315789473684211, "pct_income_30_60k": 15.789473684210526, "pct_income_60_100k": 30.13157894736842, "pct_income_100k_plus": 41.05263157894737, "pct_age_15_24": 9.28652321630804, "pct_age_25_34": 10.079275198187997, "pct_age_35_44": 13.703284258210646, "pct_age_45_54": 12.514156285390712, "pct_age_55_64": 14.949037372593432, "pct_age_65_74": 14.382785956964891, "pct_age_75_plus": 6.5685164212910525, "pct_edu_none": 12.728551336146271, "pct_edu_secondary": 19.62025316455696, "pct_edu_college": 23.20675105485232, "pct_edu_university": 24.54289732770745, "pct_french": 98.69020501138952, "pct_owners": 77.54293262879789}}, {"arcs": [[[-93, -359, -362, -357, -88]], [[-361]]], "type": "MultiPolygon", "properties": {"CFSAUID": "G5N", "DGUID": "2021A0011G5N", "PRUID": "24", "PRNAME": "Quebec / Qu\u00e9bec", "LANDAREA": 175.9165, "Somme": 9080.0, "Nombre de donateurs": 119, "Moyenne": 76.30252100840336, "age_total": 8375.0, "median_income_hh": 3525.0, "pct_income_0_30k": 6.950354609929079, "pct_income_30_60k": 13.75886524822695, "pct_income_60_100k": 28.368794326241137, "pct_income_100k_plus": 43.82978723404256, "pct_age_15_24": 9.373134328358208, "pct_age_25_34": 10.805970149253731, "pct_age_35_44": 12.8955223880597, "pct_age_45_54": 12.298507462686567, "pct_age_55_64": 18.149253731343286, "pct_age_65_74": 13.91044776119403, "pct_age_75_plus": 5.014925373134329, "pct_edu_none": 12.914862914862915, "pct_edu_secondary": 17.82106782106782, "pct_edu_college": 19.76911976911977, "pct_edu_university": 25.32467532467532, "pct_french": 99.28358208955224, "pct_owners": 87.58915834522111}}, {"arcs": [[-159, -101]], "type": "Polygon", "properties": {"CFSAUID": "G5R", "DGUID": "2021A0011G5R", "PRUID": "24", "PRNAME": "Quebec / Qu\u00e9bec", "LANDAREA": 83.7418, "Somme": 15440.0, "Nombre de donateurs": 215, "Moyenne": 71.81395348837209, "age_total": 20115.0, "median_income_hh": 9480.0, "pct_income_0_30k": 17.77426160337553, "pct_income_30_60k": 20.675105485232063, "pct_income_60_100k": 30.116033755274263, "pct_income_100k_plus": 25.949367088607595, "pct_age_15_24": 10.216256524981358, "pct_age_25_34": 10.315684812329108, "pct_age_35_44": 11.558538404175987, "pct_age_45_54": 10.837683320904798, "pct_age_55_64": 15.113099676858068, "pct_age_65_74": 15.411384538901318, "pct_age_75_plus": 12.900820283370615, "pct_edu_none": 18.176178660049622, "pct_edu_secondary": 21.43300248138958, "pct_edu_college": 19.16873449131514, "pct_edu_university": 16.656327543424318, "pct_french": 98.07497467071936, "pct_owners": 54.08539799683712}}, {"arcs": [[-95, 362]], "type": "Polygon", "properties": {"CFSAUID": "G5T", "DGUID": "2021A0011G5T", "PRUID": "24", "PRNAME": "Quebec / Qu\u00e9bec", "LANDAREA": 556.7846, "Somme": 2820.0, "Nombre de donateurs": 28, "Moyenne": 100.71428571428572, "age_total": 2885.0, "median_income_hh": 1385.0, "pct_income_0_30k": 21.660649819494584, "pct_income_30_60k": 22.02166064981949, "pct_income_60_100k": 30.324909747292416, "pct_income_100k_plus": 21.29963898916968, "pct_age_15_24": 8.492201039861353, "pct_age_25_34": 8.145580589254767, "pct_age_35_44": 9.705372616984402, "pct_age_45_54": 11.091854419410744, "pct_age_55_64": 19.23743500866551, "pct_age_65_74": 17.677642980935875, "pct_age_75_plus": 13.69150779896014, "pct_edu_none": 31.535269709543567, "pct_edu_secondary": 20.33195020746888, "pct_edu_college": 12.448132780082988, "pct_edu_university": 9.54356846473029, "pct_french": 99.30555555555556, "pct_owners": 64.62093862815884}}, {"arcs": [[-144]], "type": "Polygon", "properties": {"CFSAUID": "G5V", "DGUID": "2021A0011G5V", "PRUID": "24", "PRNAME": "Quebec / Qu\u00e9bec", "LANDAREA": 124.4443, "Somme": 11820.0, "Nombre de donateurs": 144, "Moyenne": 82.08333333333333, "age_total": 11000.0, "median_income_hh": 5460.0, "pct_income_0_30k": 20.6043956043956, "pct_income_30_60k": 23.717948717948715, "pct_income_60_100k": 28.846153846153843, "pct_income_100k_plus": 22.344322344322347, "pct_age_15_24": 9.363636363636363, "pct_age_25_34": 9.181818181818182, "pct_age_35_44": 10.09090909090909, "pct_age_45_54": 11.545454545454543, "pct_age_55_64": 17.40909090909091, "pct_age_65_74": 16.545454545454547, "pct_age_75_plus": 13.818181818181818, "pct_edu_none": 25.492283129324107, "pct_edu_secondary": 22.72485364555615, "pct_edu_college": 16.711016498137308, "pct_edu_university": 12.240553485896752, "pct_french": 98.8388295401765, "pct_owners": 57.09057639524245}}, {"arcs": [[363, -107, -116, -145, -113]], "type": "Polygon", "properties": {"CFSAUID": "G5X", "DGUID": "2021A0011G5X", "PRUID": "24", "PRNAME": "Quebec / Qu\u00e9bec", "LANDAREA": 164.5911, "Somme": 1305.0, "Nombre de donateurs": 21, "Moyenne": 62.142857142857146, "age_total": 6180.0, "median_income_hh": 2725.0, "pct_income_0_30k": 12.844036697247708, "pct_income_30_60k": 22.01834862385321, "pct_income_60_100k": 31.376146788990827, "pct_income_100k_plus": 27.706422018348626, "pct_age_15_24": 9.546925566343042, "pct_age_25_34": 9.627831715210355, "pct_age_35_44": 13.592233009708735, "pct_age_45_54": 11.650485436893204, "pct_age_55_64": 14.563106796116504, "pct_age_65_74": 13.754045307443366, "pct_age_75_plus": 10.355987055016184, "pct_edu_none": 24.695121951219512, "pct_edu_secondary": 24.695121951219512, "pct_edu_college": 16.260162601626014, "pct_edu_university": 9.75609756097561, "pct_french": 98.7603305785124, "pct_owners": 69.90825688073394}}, {"arcs": [[[364, -111, 365, -109], [367]], [[366]]], "type": "MultiPolygon", "properties": {"CFSAUID": "G5Y", "DGUID": "2021A0011G5Y", "PRUID": "24", "PRNAME": "Quebec / Qu\u00e9bec", "LANDAREA": 88.4581, "Somme": 9920.0, "Nombre de donateurs": 125, "Moyenne": 79.36, "age_total": 23085.0, "median_income_hh": 11250.0, "pct_income_0_30k": 19.822222222222223, "pct_income_30_60k": 21.866666666666667, "pct_income_60_100k": 30.044444444444444, "pct_income_100k_plus": 23.33333333333333, "pct_age_15_24": 9.63829326402426, "pct_age_25_34": 10.049815897769117, "pct_age_35_44": 12.150747238466536, "pct_age_45_54": 11.197747455057398, "pct_age_55_64": 16.50422352176738, "pct_age_65_74": 15.204678362573098, "pct_age_75_plus": 10.894520251245398, "pct_edu_none": 24.07653467977677, "pct_edu_secondary": 24.04996013818761, "pct_edu_college": 16.50279032686686, "pct_edu_university": 11.427052883337762, "pct_french": 97.48510919920582, "pct_owners": 57.44394618834081}}, {"arcs": [[[-108, -364, -112, -365]], [[-368]]], "type": "MultiPolygon", "properties": {"CFSAUID": "G5Z", "DGUID": "2021A0011G5Z", "PRUID": "24", "PRNAME": "Quebec / Qu\u00e9bec", "LANDAREA": 98.8781, "Somme": 1195.0, "Nombre de donateurs": 13, "Moyenne": 91.92307692307692, "age_total": 7600.0, "median_income_hh": 3280.0, "pct_income_0_30k": 13.26219512195122, "pct_income_30_60k": 15.853658536585366, "pct_income_60_100k": 28.810975609756092, "pct_income_100k_plus": 36.58536585365854, "pct_age_15_24": 11.052631578947368, "pct_age_25_34": 10.13157894736842, "pct_age_35_44": 14.605263157894738, "pct_age_45_54": 12.302631578947368, "pct_age_55_64": 13.486842105263158, "pct_age_65_74": 10.0, "pct_age_75_plus": 8.289473684210526, "pct_edu_none": 21.112006446414185, "pct_edu_secondary": 20.30620467365028, "pct_edu_college": 19.097502014504432, "pct_edu_university": 16.43835616438356, "pct_french": 98.48584595128374, "pct_owners": 69.85074626865672}}, {"arcs": [[-366, -110], [-367]], "type": "Polygon", "properties": {"CFSAUID": "G6A", "DGUID": "2021A0011G6A", "PRUID": "24", "PRNAME": "Quebec / Qu\u00e9bec", "LANDAREA": 11.7402, "Somme": 0, "Nombre de donateurs": 0, "Moyenne": 0, "age_total": 2545.0, "median_income_hh": 995.0, "pct_income_0_30k": 6.532663316582915, "pct_income_30_60k": 11.55778894472362, "pct_income_60_100k": 27.63819095477387, "pct_income_100k_plus": 45.22613065326633, "pct_age_15_24": 12.573673870333987, "pct_age_25_34": 8.055009823182711, "pct_age_35_44": 17.4852652259332, "pct_age_45_54": 14.734774066797645, "pct_age_55_64": 12.966601178781923, "pct_age_65_74": 8.644400785854616, "pct_age_75_plus": 2.75049115913556, "pct_edu_none": 16.543209876543212, "pct_edu_secondary": 22.96296296296296, "pct_edu_college": 22.22222222222222, "pct_edu_university": 18.765432098765437, "pct_french": 98.42829076620824, "pct_owners": 83.33333333333334}}, {"arcs": [[368, -229]], "type": "Polygon", "properties": {"CFSAUID": "G6B", "DGUID": "2021A0011G6B", "PRUID": "24", "PRNAME": "Quebec / Qu\u00e9bec", "LANDAREA": 278.6531, "Somme": 12655.0, "Nombre de donateurs": 155, "Moyenne": 81.64516129032258, "age_total": 8405.0, "median_income_hh": 4055.0, "pct_income_0_30k": 21.085080147965478, "pct_income_30_60k": 22.44143033292232, "pct_income_60_100k": 27.37361282367448, "pct_income_100k_plus": 23.921085080147968, "pct_age_15_24": 9.339678762641284, "pct_age_25_34": 7.852468768590125, "pct_age_35_44": 11.540749553837, "pct_age_45_54": 11.362284354550862, "pct_age_55_64": 15.823914336704345, "pct_age_65_74": 15.70493753718025, "pct_age_75_plus": 13.56335514574658, "pct_edu_none": 24.945770065075923, "pct_edu_secondary": 23.571945046999275, "pct_edu_college": 14.822848879248014, "pct_edu_university": 12.79826464208243, "pct_french": 97.9530403371463, "pct_owners": 62.74752475247525}}, {"arcs": [[369, 370, 371, -141]], "type": "Polygon", "properties": {"CFSAUID": "G6C", "DGUID": "2021A0011G6C", "PRUID": "24", "PRNAME": "Quebec / Qu\u00e9bec", "LANDAREA": 86.0979, "Somme": 1185.31, "Nombre de donateurs": 15, "Moyenne": 79.02066666666666, "age_total": 7960.0, "median_income_hh": 3380.0, "pct_income_0_30k": 6.508875739644971, "pct_income_30_60k": 13.6094674556213, "pct_income_60_100k": 31.06508875739645, "pct_income_100k_plus": 42.15976331360947, "pct_age_15_24": 11.934673366834172, "pct_age_25_34": 13.128140703517587, "pct_age_35_44": 14.321608040201006, "pct_age_45_54": 13.44221105527638, "pct_age_55_64": 15.012562814070352, "pct_age_65_74": 9.924623115577887, "pct_age_75_plus": 4.271356783919598, "pct_edu_none": 14.872192099147949, "pct_edu_secondary": 19.51975213013168, "pct_edu_college": 21.766072811773817, "pct_edu_university": 16.963594113090625, "pct_french": 97.85894206549118, "pct_owners": 67.90490341753343}}, {"arcs": [[-126, -146]], "type": "Polygon", "properties": {"CFSAUID": "G6E", "DGUID": "2021A0011G6E", "PRUID": "24", "PRNAME": "Quebec / Qu\u00e9bec", "LANDAREA": 107.5486, "Somme": 1435.0, "Nombre de donateurs": 13, "Moyenne": 110.3846153846154, "age_total": 13110.0, "median_income_hh": 5490.0, "pct_income_0_30k": 10.746812386156648, "pct_income_30_60k": 17.395264116575593, "pct_income_60_100k": 29.143897996357016, "pct_income_100k_plus": 36.0655737704918, "pct_age_15_24": 9.801678108314263, "pct_age_25_34": 10.793287566742944, "pct_age_35_44": 13.196033562166283, "pct_age_45_54": 11.441647597254006, "pct_age_55_64": 14.454614797864226, "pct_age_65_74": 12.433257055682684, "pct_age_75_plus": 10.068649885583524, "pct_edu_none": 17.461089494163424, "pct_edu_secondary": 22.859922178988327, "pct_edu_college": 20.184824902723737, "pct_edu_university": 16.342412451361866, "pct_french": 96.90880989180836, "pct_owners": 70.62043795620438}}, {"arcs": [[372, -122, 373, -120, -147, -124]], "type": "Polygon", "properties": {"CFSAUID": "G6G", "DGUID": "2021A0011G6G", "PRUID": "24", "PRNAME": "Quebec / Qu\u00e9bec", "LANDAREA": 200.6784, "Somme": 6515.0, "Nombre de donateurs": 97, "Moyenne": 67.16494845360825, "age_total": 20355.0, "median_income_hh": 9610.0, "pct_income_0_30k": 20.395421436004163, "pct_income_30_60k": 23.72528616024974, "pct_income_60_100k": 30.22892819979188, "pct_income_100k_plus": 20.4474505723205, "pct_age_15_24": 8.204372390076148, "pct_age_25_34": 9.137803979366248, "pct_age_35_44": 10.34143944976664, "pct_age_45_54": 10.02210759027266, "pct_age_55_64": 15.59813313682142, "pct_age_65_74": 15.89290100712356, "pct_age_75_plus": 17.88258413166298, "pct_edu_none": 21.69693174702568, "pct_edu_secondary": 21.41515341264872, "pct_edu_college": 19.41139636819036, "pct_edu_university": 11.865998747651847, "pct_french": 96.58354114713217, "pct_owners": 63.34203655352481}}, {"arcs": [[[-121, -374]], [[-373, -123]]], "type": "MultiPolygon", "properties": {"CFSAUID": "G6H", "DGUID": "2021A0011G6H", "PRUID": "24", "PRNAME": "Quebec / Qu\u00e9bec", "LANDAREA": 214.2918, "Somme": 3450.0, "Nombre de donateurs": 66, "Moyenne": 52.27272727272727, "age_total": 7095.0, "median_income_hh": 3210.0, "pct_income_0_30k": 15.732087227414327, "pct_income_30_60k": 21.962616822429908, "pct_income_60_100k": 32.242990654205606, "pct_income_100k_plus": 24.299065420560748, "pct_age_15_24": 8.104298801973222, "pct_age_25_34": 9.584214235377026, "pct_age_35_44": 11.768851303735024, "pct_age_45_54": 9.866102889358704, "pct_age_55_64": 16.631430584918956, "pct_age_65_74": 17.688513037350244, "pct_age_75_plus": 10.711768851303734, "pct_edu_none": 21.62162162162162, "pct_edu_secondary": 20.01689189189189, "pct_edu_college": 17.31418918918919, "pct_edu_university": 8.868243243243242, "pct_french": 98.13486370157818, "pct_owners": 79.69465648854963}}, {"arcs": [[-153, 374, 375, 376]], "type": "Polygon", "properties": {"CFSAUID": "G6J", "DGUID": "2021A0011G6J", "PRUID": "24", "PRNAME": "Quebec / Qu\u00e9bec", "LANDAREA": 94.3022, "Somme": 8480.0, "Nombre de donateurs": 86, "Moyenne": 98.6046511627907, "age_total": 10625.0, "median_income_hh": 4255.0, "pct_income_0_30k": 7.168037602820212, "pct_income_30_60k": 12.338425381903642, "pct_income_60_100k": 27.379553466509982, "pct_income_100k_plus": 46.650998824911866, "pct_age_15_24": 10.870588235294118, "pct_age_25_34": 10.68235294117647, "pct_age_35_44": 15.011764705882351, "pct_age_45_54": 13.458823529411765, "pct_age_55_64": 13.694117647058825, "pct_age_65_74": 11.529411764705882, "pct_age_75_plus": 4.188235294117646, "pct_edu_none": 13.905325443786982, "pct_edu_secondary": 19.289940828402365, "pct_edu_college": 21.65680473372781, "pct_edu_university": 21.06508875739645, "pct_french": 97.93038570084666, "pct_owners": 79.67097532314924}}, {"arcs": [[377, -376, 378, 379]], "type": "Polygon", "properties": {"CFSAUID": "G6K", "DGUID": "2021A0011G6K", "PRUID": "24", "PRNAME": "Quebec / Qu\u00e9bec", "LANDAREA": 3.6949, "Somme": 10075.0, "Nombre de donateurs": 111, "Moyenne": 90.76576576576576, "age_total": 8235.0, "median_income_hh": 3190.0, "pct_income_0_30k": 5.015673981191222, "pct_income_30_60k": 10.18808777429467, "pct_income_60_100k": 24.76489028213166, "pct_income_100k_plus": 54.2319749216301, "pct_age_15_24": 11.718275652701882, "pct_age_25_34": 8.378870673952642, "pct_age_35_44": 15.421979356405584, "pct_age_45_54": 13.782635094110503, "pct_age_55_64": 13.114754098360656, "pct_age_65_74": 11.414693381906496, "pct_age_75_plus": 5.221615057680632, "pct_edu_none": 11.439688715953308, "pct_edu_secondary": 19.844357976653697, "pct_edu_college": 21.78988326848249, "pct_edu_university": 28.32684824902724, "pct_french": 97.86063569682152, "pct_owners": 84.1692789968652}}, {"arcs": [[-133, 380, -236, -148]], "type": "Polygon", "properties": {"CFSAUID": "G6L", "DGUID": "2021A0011G6L", "PRUID": "24", "PRNAME": "Quebec / Qu\u00e9bec", "LANDAREA": 341.1145, "Somme": 6082.0, "Nombre de donateurs": 95, "Moyenne": 64.02105263157895, "age_total": 15290.0, "median_income_hh": 7005.0, "pct_income_0_30k": 16.630977872947895, "pct_income_30_60k": 24.197002141327623, "pct_income_60_100k": 30.264097073518915, "pct_income_100k_plus": 23.269093504639542, "pct_age_15_24": 9.843034663178548, "pct_age_25_34": 11.739699149771091, "pct_age_35_44": 12.23021582733813, "pct_age_45_54": 10.987573577501635, "pct_age_55_64": 14.97710922171354, "pct_age_65_74": 13.472858077174624, "pct_age_75_plus": 9.810333551340744, "pct_edu_none": 27.49597423510467, "pct_edu_secondary": 21.618357487922705, "pct_edu_college": 16.74718196457327, "pct_edu_university": 7.890499194847021, "pct_french": 96.89564068692206, "pct_owners": 66.35714285714286}}, {"arcs": [[381, 382, 383, 384, 385, 386]], "type": "Polygon", "properties": {"CFSAUID": "G6P", "DGUID": "2021A0011G6P", "PRUID": "24", "PRNAME": "Quebec / Qu\u00e9bec", "LANDAREA": 30.2009, "Somme": 19962.0, "Nombre de donateurs": 242, "Moyenne": 82.48760330578513, "age_total": 29575.0, "median_income_hh": 14480.0, "pct_income_0_30k": 24.03314917127072, "pct_income_30_60k": 25.17265193370165, "pct_income_60_100k": 27.969613259668503, "pct_income_100k_plus": 18.370165745856355, "pct_age_15_24": 9.349112426035502, "pct_age_25_34": 9.29839391377853, "pct_age_35_44": 10.245139475908708, "pct_age_45_54": 9.4167371090448, "pct_age_55_64": 15.164835164835164, "pct_age_65_74": 16.229923922231613, "pct_age_75_plus": 17.734573119188504, "pct_edu_none": 25.693121693121697, "pct_edu_secondary": 23.788359788359788, "pct_edu_college": 16.19047619047619, "pct_edu_university": 12.16931216931217, "pct_french": 96.6313596110436, "pct_owners": 50.362945039751125}}, {"arcs": [[[387, -383]], [[388, 389, -386]]], "type": "MultiPolygon", "properties": {"CFSAUID": "G6R", "DGUID": "2021A0011G6R", "PRUID": "24", "PRNAME": "Quebec / Qu\u00e9bec", "LANDAREA": 18.3115, "Somme": 1520.0, "Nombre de donateurs": 22, "Moyenne": 69.0909090909091, "age_total": 4700.0, "median_income_hh": 1800.0, "pct_income_0_30k": 6.388888888888888, "pct_income_30_60k": 15.0, "pct_income_60_100k": 28.05555555555556, "pct_income_100k_plus": 43.333333333333336, "pct_age_15_24": 10.95744680851064, "pct_age_25_34": 9.25531914893617, "pct_age_35_44": 15.319148936170212, "pct_age_45_54": 14.468085106382976, "pct_age_55_64": 13.617021276595745, "pct_age_65_74": 10.0, "pct_age_75_plus": 4.680851063829787, "pct_edu_none": 20.671140939597315, "pct_edu_secondary": 17.71812080536913, "pct_edu_college": 19.19463087248322, "pct_edu_university": 15.57046979865772, "pct_french": 98.82978723404256, "pct_owners": 87.25761772853186}}, {"arcs": [[-131, 390, -384, -388, -382, 391]], "type": "Polygon", "properties": {"CFSAUID": "G6S", "DGUID": "2021A0011G6S", "PRUID": "24", "PRNAME": "Quebec / Qu\u00e9bec", "LANDAREA": 62.036, "Somme": 2300.0, "Nombre de donateurs": 28, "Moyenne": 82.14285714285714, "age_total": 5385.0, "median_income_hh": 2205.0, "pct_income_0_30k": 9.0702947845805, "pct_income_30_60k": 17.233560090702948, "pct_income_60_100k": 33.78684807256236, "pct_income_100k_plus": 33.78684807256236, "pct_age_15_24": 10.677808727948005, "pct_age_25_34": 10.492107706592387, "pct_age_35_44": 13.556174558960072, "pct_age_45_54": 11.977715877437326, "pct_age_55_64": 12.627669452181983, "pct_age_65_74": 12.34911792014856, "pct_age_75_plus": 10.492107706592387, "pct_edu_none": 18.5006045949214, "pct_edu_secondary": 20.79806529625151, "pct_edu_college": 21.76541717049577, "pct_edu_university": 18.01692865779928, "pct_french": 96.73507462686568, "pct_owners": 74.77272727272727}}, {"arcs": [[-132, -392, -387, -390, 392, -135, -232, -381]], "type": "Polygon", "properties": {"CFSAUID": "G6T", "DGUID": "2021A0011G6T", "PRUID": "24", "PRNAME": "Quebec / Qu\u00e9bec", "LANDAREA": 42.7389, "Somme": 5700.0, "Nombre de donateurs": 64, "Moyenne": 89.0625, "age_total": 11200.0, "median_income_hh": 4560.0, "pct_income_0_30k": 6.68859649122807, "pct_income_30_60k": 14.583333333333334, "pct_income_60_100k": 31.03070175438597, "pct_income_100k_plus": 40.57017543859649, "pct_age_15_24": 10.267857142857142, "pct_age_25_34": 12.053571428571429, "pct_age_35_44": 14.910714285714285, "pct_age_45_54": 12.053571428571429, "pct_age_55_64": 13.526785714285714, "pct_age_65_74": 11.607142857142858, "pct_age_75_plus": 4.285714285714286, "pct_edu_none": 16.19047619047619, "pct_edu_secondary": 21.12044817927171, "pct_edu_college": 20.0, "pct_edu_university": 18.09523809523809, "pct_french": 96.875, "pct_owners": 77.13347921225383}}, {"arcs": [[-371, 393, 394, -286, -265, -244, -30, -143, 395]], "type": "Polygon", "properties": {"CFSAUID": "G6V", "DGUID": "2021A0011G6V", "PRUID": "24", "PRNAME": "Quebec / Qu\u00e9bec", "LANDAREA": 24.8553, "Somme": 39855.0, "Nombre de donateurs": 503, "Moyenne": 79.23459244532803, "age_total": 32035.0, "median_income_hh": 15915.0, "pct_income_0_30k": 16.776625824693685, "pct_income_30_60k": 20.986490732013824, "pct_income_60_100k": 31.448319195727304, "pct_income_100k_plus": 25.667609173735467, "pct_age_15_24": 8.771656001248635, "pct_age_25_34": 10.769470891212736, "pct_age_35_44": 11.30014047135945, "pct_age_45_54": 10.207585453410331, "pct_age_55_64": 16.154206336819104, "pct_age_65_74": 15.982519119712816, "pct_age_75_plus": 15.030435461214298, "pct_edu_none": 15.23572249904178, "pct_edu_secondary": 22.518206209275583, "pct_edu_college": 19.777692602529704, "pct_edu_university": 21.67497125335377, "pct_french": 96.61750561077268, "pct_owners": 50.56746532156369}}, {"arcs": [[396, 397, 398, -287, -395]], "type": "Polygon", "properties": {"CFSAUID": "G6W", "DGUID": "2021A0011G6W", "PRUID": "24", "PRNAME": "Quebec / Qu\u00e9bec", "LANDAREA": 23.3304, "Somme": 21136.3, "Nombre de donateurs": 245, "Moyenne": 86.27061224489796, "age_total": 25240.0, "median_income_hh": 11840.0, "pct_income_0_30k": 10.177364864864863, "pct_income_30_60k": 17.14527027027027, "pct_income_60_100k": 32.30574324324324, "pct_income_100k_plus": 34.41722972972973, "pct_age_15_24": 9.687004754358162, "pct_age_25_34": 10.935023771790808, "pct_age_35_44": 12.757527733755945, "pct_age_45_54": 12.282091917591126, "pct_age_55_64": 15.015847860538829, "pct_age_65_74": 14.045166402535658, "pct_age_75_plus": 10.439778129952456, "pct_edu_none": 12.638154733301295, "pct_edu_secondary": 20.446900528592025, "pct_edu_college": 20.87938491110043, "pct_edu_university": 24.5074483421432, "pct_french": 96.31355073931536, "pct_owners": 55.91578947368421}}, {"arcs": [[-380, 399, -398, 400]], "type": "Polygon", "properties": {"CFSAUID": "G6X", "DGUID": "2021A0011G6X", "PRUID": "24", "PRNAME": "Quebec / Qu\u00e9bec", "LANDAREA": 7.9521, "Somme": 9765.0, "Nombre de donateurs": 113, "Moyenne": 86.41592920353982, "age_total": 9310.0, "median_income_hh": 4625.0, "pct_income_0_30k": 10.594594594594597, "pct_income_30_60k": 20.97297297297297, "pct_income_60_100k": 33.83783783783784, "pct_income_100k_plus": 29.18918918918919, "pct_age_15_24": 10.41890440386681, "pct_age_25_34": 12.674543501611172, "pct_age_35_44": 12.298603651987111, "pct_age_45_54": 10.848549946294307, "pct_age_55_64": 15.198711063372716, "pct_age_65_74": 15.198711063372716, "pct_age_75_plus": 9.828141783029002, "pct_edu_none": 13.032422123331214, "pct_edu_secondary": 22.695486331849967, "pct_edu_college": 20.152574698029245, "pct_edu_university": 21.360457724094086, "pct_french": 96.72846237731734, "pct_owners": 55.89189189189189}}, {"arcs": [[-396, -142, -372]], "type": "Polygon", "properties": {"CFSAUID": "G6Y", "DGUID": "2021A0011G6Y", "PRUID": "24", "PRNAME": "Quebec / Qu\u00e9bec", "LANDAREA": 17.3352, "Somme": 3865.0, "Nombre de donateurs": 52, "Moyenne": 74.32692307692308, "age_total": 7230.0, "median_income_hh": 2995.0, "pct_income_0_30k": 6.67779632721202, "pct_income_30_60k": 11.519198664440736, "pct_income_60_100k": 26.54424040066778, "pct_income_100k_plus": 48.74791318864774, "pct_age_15_24": 10.719225449515903, "pct_age_25_34": 11.549100968188103, "pct_age_35_44": 15.145228215767634, "pct_age_45_54": 13.13969571230982, "pct_age_55_64": 14.038727524204702, "pct_age_65_74": 11.20331950207469, "pct_age_75_plus": 4.840940525587829, "pct_edu_none": 11.411665257819104, "pct_edu_secondary": 18.68131868131868, "pct_edu_college": 22.485207100591715, "pct_edu_university": 27.72612003381234, "pct_french": 97.30476848652384, "pct_owners": 67.16417910447761}}, {"arcs": [[-370, -140, -154, -377, -378, -401, -397, -394]], "type": "Polygon", "properties": {"CFSAUID": "G6Z", "DGUID": "2021A0011G6Z", "PRUID": "24", "PRNAME": "Quebec / Qu\u00e9bec", "LANDAREA": 95.7585, "Somme": 20640.0, "Nombre de donateurs": 249, "Moyenne": 82.89156626506023, "age_total": 23580.0, "median_income_hh": 9390.0, "pct_income_0_30k": 5.218317358892439, "pct_income_30_60k": 9.691160809371672, "pct_income_60_100k": 25.718849840255597, "pct_income_100k_plus": 52.76890308839191, "pct_age_15_24": 11.726039016115353, "pct_age_25_34": 10.32654792196777, "pct_age_35_44": 13.973706530958442, "pct_age_45_54": 14.631043256997456, "pct_age_55_64": 15.47921967769296, "pct_age_65_74": 10.814249363867685, "pct_age_75_plus": 4.219677692960136, "pct_edu_none": 12.02928870292887, "pct_edu_secondary": 17.782426778242677, "pct_edu_college": 24.503138075313807, "pct_edu_university": 23.247907949790797, "pct_french": 98.07039864291772, "pct_owners": 83.28008519701811}}, {"arcs": [[-379, -375, -152, -1, -329, -298, -292, -399, -400]], "type": "Polygon", "properties": {"CFSAUID": "G7A", "DGUID": "2021A0011G7A", "PRUID": "24", "PRNAME": "Quebec / Qu\u00e9bec", "LANDAREA": 94.7399, "Somme": 27300.0, "Nombre de donateurs": 301, "Moyenne": 90.69767441860463, "age_total": 25430.0, "median_income_hh": 10140.0, "pct_income_0_30k": 5.374753451676528, "pct_income_30_60k": 10.650887573964498, "pct_income_60_100k": 25.44378698224852, "pct_income_100k_plus": 52.2189349112426, "pct_age_15_24": 10.656704679512387, "pct_age_25_34": 10.794337396775465, "pct_age_35_44": 14.883995281163982, "pct_age_45_54": 13.645300825796305, "pct_age_55_64": 12.504915454187968, "pct_age_65_74": 10.8926464805348, "pct_age_75_plus": 6.173810460086512, "pct_edu_none": 10.002506893958383, "pct_edu_secondary": 17.4479819503635, "pct_edu_college": 22.68739032338932, "pct_edu_university": 32.71496615693156, "pct_french": 97.21559268098648, "pct_owners": 77.44953225012308}}, {"arcs": [[401, 402, -168], [-176]], "type": "Polygon", "properties": {"CFSAUID": "G7B", "DGUID": "2021A0011G7B", "PRUID": "24", "PRNAME": "Quebec / Qu\u00e9bec", "LANDAREA": 264.284, "Somme": 12557.0, "Nombre de donateurs": 194, "Moyenne": 64.72680412371135, "age_total": 17610.0, "median_income_hh": 8075.0, "pct_income_0_30k": 14.736842105263156, "pct_income_30_60k": 16.904024767801857, "pct_income_60_100k": 32.26006191950464, "pct_income_100k_plus": 30.030959752321984, "pct_age_15_24": 8.631459398069278, "pct_age_25_34": 11.641113003975011, "pct_age_35_44": 12.152186257808063, "pct_age_45_54": 10.051107325383304, "pct_age_55_64": 17.660420215786484, "pct_age_65_74": 14.622373651334469, "pct_age_75_plus": 10.33503691084611, "pct_edu_none": 20.448275862068964, "pct_edu_secondary": 21.48275862068965, "pct_edu_college": 17.379310344827587, "pct_edu_university": 12.137931034482758, "pct_french": 98.4826796450043, "pct_owners": 63.22981366459627}}, {"arcs": [[403, 404, 405, -170]], "type": "Polygon", "properties": {"CFSAUID": "G7G", "DGUID": "2021A0011G7G", "PRUID": "24", "PRNAME": "Quebec / Qu\u00e9bec", "LANDAREA": 33.2581, "Somme": 17082.0, "Nombre de donateurs": 189, "Moyenne": 90.38095238095238, "age_total": 16410.0, "median_income_hh": 7170.0, "pct_income_0_30k": 11.78521617852162, "pct_income_30_60k": 16.94560669456067, "pct_income_60_100k": 30.822873082287312, "pct_income_100k_plus": 33.89121338912134, "pct_age_15_24": 10.20719073735527, "pct_age_25_34": 10.60329067641682, "pct_age_35_44": 13.43692870201097, "pct_age_45_54": 11.243144424131629, "pct_age_55_64": 15.417428397318709, "pct_age_65_74": 13.375990249847655, "pct_age_75_plus": 8.592321755027422, "pct_edu_none": 16.784255477163015, "pct_edu_secondary": 21.797252135165245, "pct_edu_college": 19.42072038618641, "pct_edu_university": 15.70738952840698, "pct_french": 99.20707532784384, "pct_owners": 70.31358885017421}}, {"arcs": [[[-403, 406, 407, 408, 409, 410, 411, 412, -404, -169]], [[413, 414, -171, -406]]], "type": "MultiPolygon", "properties": {"CFSAUID": "G7H", "DGUID": "2021A0011G7H", "PRUID": "24", "PRNAME": "Quebec / Qu\u00e9bec", "LANDAREA": 129.9502, "Somme": 49825.3, "Nombre de donateurs": 526, "Moyenne": 94.72490494296578, "age_total": 28685.0, "median_income_hh": 14395.0, "pct_income_0_30k": 20.701632511288643, "pct_income_30_60k": 20.1111497047586, "pct_income_60_100k": 27.301146231330325, "pct_income_100k_plus": 27.335880514067384, "pct_age_15_24": 10.632734878856546, "pct_age_25_34": 11.713439079658356, "pct_age_35_44": 10.615304165940389, "pct_age_45_54": 9.04654000348614, "pct_age_55_64": 14.990413107896114, "pct_age_65_74": 15.461042356632388, "pct_age_75_plus": 15.513334495380862, "pct_edu_none": 14.51045332229352, "pct_edu_secondary": 19.043676257503623, "pct_edu_college": 18.69178223970193, "pct_edu_university": 25.874560132477747, "pct_french": 97.09353531794962, "pct_owners": 51.24826629680999}}, {"arcs": [[-413, 415, -405]], "type": "Polygon", "properties": {"CFSAUID": "G7J", "DGUID": "2021A0011G7J", "PRUID": "24", "PRNAME": "Quebec / Qu\u00e9bec", "LANDAREA": 16.3521, "Somme": 12336.58, "Nombre de donateurs": 127, "Moyenne": 97.1384251968504, "age_total": 14445.0, "median_income_hh": 7080.0, "pct_income_0_30k": 17.16101694915254, "pct_income_30_60k": 20.76271186440678, "pct_income_60_100k": 29.30790960451977, "pct_income_100k_plus": 27.82485875706215, "pct_age_15_24": 9.93423329871928, "pct_age_25_34": 12.634129456559362, "pct_age_35_44": 12.114918656974732, "pct_age_45_54": 11.42263759086189, "pct_age_55_64": 16.926272066458985, "pct_age_65_74": 14.330218068535824, "pct_age_75_plus": 8.203530633437175, "pct_edu_none": 17.85568691398288, "pct_edu_secondary": 19.40481043620057, "pct_edu_college": 18.79331430900937, "pct_edu_university": 17.65185487158581, "pct_french": 98.33275442862104, "pct_owners": 56.55853314527504}}, {"arcs": [[416, -408]], "type": "Polygon", "properties": {"CFSAUID": "G7K", "DGUID": "2021A0011G7K", "PRUID": "24", "PRNAME": "Quebec / Qu\u00e9bec", "LANDAREA": 11.7827, "Somme": 950.0, "Nombre de donateurs": 9, "Moyenne": 105.55555555555556, "age_total": 760.0, "median_income_hh": 375.0, "pct_income_0_30k": 6.666666666666667, "pct_income_30_60k": 14.666666666666666, "pct_income_60_100k": 36.0, "pct_income_100k_plus": 28.000000000000004, "pct_age_15_24": 9.210526315789473, "pct_age_25_34": 13.815789473684212, "pct_age_35_44": 13.157894736842104, "pct_age_45_54": 10.526315789473683, "pct_age_55_64": 17.105263157894736, "pct_age_65_74": 17.105263157894736, "pct_age_75_plus": 7.894736842105263, "pct_edu_none": 10.655737704918032, "pct_edu_secondary": 17.21311475409836, "pct_edu_college": 19.672131147540984, "pct_edu_university": 10.655737704918032, "pct_french": 99.3421052631579, "pct_owners": 71.83098591549296}}, {"arcs": [[-402, -167, -38, 417, 418, 419, -409, -417, -407]], "type": "Polygon", "properties": {"CFSAUID": "G7N", "DGUID": "2021A0011G7N", "PRUID": "24", "PRNAME": "Quebec / Qu\u00e9bec", "LANDAREA": 1934.1845, "Somme": 8325.0, "Nombre de donateurs": 90, "Moyenne": 92.5, "age_total": 6390.0, "median_income_hh": 2630.0, "pct_income_0_30k": 6.083650190114068, "pct_income_30_60k": 11.787072243346008, "pct_income_60_100k": 28.32699619771863, "pct_income_100k_plus": 47.90874524714829, "pct_age_15_24": 8.294209702660407, "pct_age_25_34": 11.580594679186229, "pct_age_35_44": 14.86697965571205, "pct_age_45_54": 11.580594679186229, "pct_age_55_64": 16.97965571205008, "pct_age_65_74": 11.502347417840376, "pct_age_75_plus": 6.259780907668231, "pct_edu_none": 12.324929971988796, "pct_edu_secondary": 18.39402427637722, "pct_edu_college": 22.12885154061625, "pct_edu_university": 18.020541549953315, "pct_french": 98.27856025039124, "pct_owners": 86.50646950092421}}, {"arcs": [[-415, 420, 421, -179, -180, -172]], "type": "Polygon", "properties": {"CFSAUID": "G7P", "DGUID": "2021A0011G7P", "PRUID": "24", "PRNAME": "Quebec / Qu\u00e9bec", "LANDAREA": 229.0277, "Somme": 4290.0, "Nombre de donateurs": 64, "Moyenne": 67.03125, "age_total": 7420.0, "median_income_hh": 3095.0, "pct_income_0_30k": 9.208400646203554, "pct_income_30_60k": 15.18578352180937, "pct_income_60_100k": 31.179321486268176, "pct_income_100k_plus": 38.44911147011308, "pct_age_15_24": 9.097035040431267, "pct_age_25_34": 10.849056603773583, "pct_age_35_44": 14.824797843665769, "pct_age_45_54": 10.781671159029653, "pct_age_55_64": 16.50943396226415, "pct_age_65_74": 13.34231805929919, "pct_age_75_plus": 5.592991913746631, "pct_edu_none": 19.6652719665272, "pct_edu_secondary": 17.99163179916318, "pct_edu_college": 19.246861924686197, "pct_edu_university": 9.790794979079498, "pct_french": 99.39148073022312, "pct_owners": 84.00646203554119}}, {"arcs": [[-416, -412, 422, 423, 424, 425, -421, -414]], "type": "Polygon", "properties": {"CFSAUID": "G7S", "DGUID": "2021A0011G7S", "PRUID": "24", "PRNAME": "Quebec / Qu\u00e9bec", "LANDAREA": 35.932, "Somme": 32730.0, "Nombre de donateurs": 466, "Moyenne": 70.23605150214593, "age_total": 19810.0, "median_income_hh": 8550.0, "pct_income_0_30k": 10.292397660818716, "pct_income_30_60k": 14.385964912280702, "pct_income_60_100k": 30.526315789473685, "pct_income_100k_plus": 38.77192982456141, "pct_age_15_24": 9.868753154972236, "pct_age_25_34": 9.969712266532056, "pct_age_35_44": 13.276123170116104, "pct_age_45_54": 11.25694093891974, "pct_age_55_64": 14.941948510853104, "pct_age_65_74": 13.831398283695105, "pct_age_75_plus": 9.994952044422009, "pct_edu_none": 11.502199874292897, "pct_edu_secondary": 18.007542426147076, "pct_edu_college": 22.690131992457573, "pct_edu_university": 21.5901948460088, "pct_french": 98.52178423236516, "pct_owners": 76.64915353181553}}, {"arcs": [[[-411, 426, -423]], [[427, 428, -425]]], "type": "MultiPolygon", "properties": {"CFSAUID": "G7T", "DGUID": "2021A0011G7T", "PRUID": "24", "PRNAME": "Quebec / Qu\u00e9bec", "LANDAREA": 3.8322, "Somme": 965.0, "Nombre de donateurs": 26, "Moyenne": 37.11538461538461, "age_total": 1640.0, "median_income_hh": 705.0, "pct_income_0_30k": 2.8368794326241136, "pct_income_30_60k": 9.219858156028367, "pct_income_60_100k": 33.33333333333333, "pct_income_100k_plus": 48.226950354609926, "pct_age_15_24": 9.75609756097561, "pct_age_25_34": 17.682926829268293, "pct_age_35_44": 14.634146341463412, "pct_age_45_54": 11.28048780487805, "pct_age_55_64": 10.0609756097561, "pct_age_65_74": 10.365853658536585, "pct_age_75_plus": 4.573170731707317, "pct_edu_none": 10.150375939849624, "pct_edu_secondary": 19.172932330827063, "pct_edu_college": 20.30075187969925, "pct_edu_university": 25.18796992481203, "pct_french": 99.08536585365852, "pct_owners": 66.21621621621621}}, {"arcs": [[-426, -429, 429, -419, 430, -181, -177, -422], [431, 432]], "type": "Polygon", "properties": {"CFSAUID": "G7X", "DGUID": "2021A0011G7X", "PRUID": "24", "PRNAME": "Quebec / Qu\u00e9bec", "LANDAREA": 277.5392, "Somme": 28515.0, "Nombre de donateurs": 436, "Moyenne": 65.40137614678899, "age_total": 25550.0, "median_income_hh": 12830.0, "pct_income_0_30k": 21.66796570537802, "pct_income_30_60k": 21.04442712392829, "pct_income_60_100k": 30.04676539360873, "pct_income_100k_plus": 22.25253312548714, "pct_age_15_24": 10.156555772994128, "pct_age_25_34": 11.350293542074365, "pct_age_35_44": 11.428571428571429, "pct_age_45_54": 10.41095890410959, "pct_age_55_64": 17.632093933463796, "pct_age_65_74": 14.990215264187867, "pct_age_75_plus": 11.2720156555773, "pct_edu_none": 18.141071007313045, "pct_edu_secondary": 21.72682236376504, "pct_edu_college": 19.67445152158528, "pct_edu_university": 11.016749233309744, "pct_french": 98.95091053048296, "pct_owners": 51.413982717989}}, {"arcs": [[-420, -430, -428, -424, -427, -410]], "type": "Polygon", "properties": {"CFSAUID": "G7Y", "DGUID": "2021A0011G7Y", "PRUID": "24", "PRNAME": "Quebec / Qu\u00e9bec", "LANDAREA": 33.5472, "Somme": 1143.28, "Nombre de donateurs": 16, "Moyenne": 71.455, "age_total": 625.0, "median_income_hh": 290.0, "pct_income_0_30k": 5.172413793103448, "pct_income_30_60k": 12.06896551724138, "pct_income_60_100k": 36.206896551724135, "pct_income_100k_plus": 36.206896551724135, "pct_age_15_24": 8.0, "pct_age_25_34": 9.6, "pct_age_35_44": 14.4, "pct_age_45_54": 12.0, "pct_age_55_64": 20.8, "pct_age_65_74": 14.4, "pct_age_75_plus": 7.199999999999999, "pct_edu_none": 20.192307692307693, "pct_edu_secondary": 21.153846153846157, "pct_edu_college": 24.03846153846154, "pct_edu_university": 8.653846153846153, "pct_french": 100.0, "pct_owners": 73.21428571428571}}, {"arcs": [[433, -433]], "type": "Polygon", "properties": {"CFSAUID": "G7Z", "DGUID": "2021A0011G7Z", "PRUID": "24", "PRNAME": "Quebec / Qu\u00e9bec", "LANDAREA": 2.3617, "Somme": 1925.0, "Nombre de donateurs": 25, "Moyenne": 77.0, "age_total": 2640.0, "median_income_hh": 1080.0, "pct_income_0_30k": 5.555555555555555, "pct_income_30_60k": 13.88888888888889, "pct_income_60_100k": 28.703703703703702, "pct_income_100k_plus": 43.51851851851852, "pct_age_15_24": 11.174242424242424, "pct_age_25_34": 8.901515151515152, "pct_age_35_44": 12.12121212121212, "pct_age_45_54": 12.87878787878788, "pct_age_55_64": 17.424242424242426, "pct_age_65_74": 13.446969696969695, "pct_age_75_plus": 6.4393939393939394, "pct_edu_none": 11.529933481152993, "pct_edu_secondary": 16.851441241685144, "pct_edu_college": 29.71175166297117, "pct_edu_university": 17.29490022172949, "pct_french": 99.0530303030303, "pct_owners": 87.55760368663594}}, {"arcs": [[-434, -432]], "type": "Polygon", "properties": {"CFSAUID": "G8A", "DGUID": "2021A0011G8A", "PRUID": "24", "PRNAME": "Quebec / Qu\u00e9bec", "LANDAREA": 5.5706, "Somme": 8876.64, "Nombre de donateurs": 145, "Moyenne": 61.21820689655172, "age_total": 6035.0, "median_income_hh": 2710.0, "pct_income_0_30k": 16.051660516605164, "pct_income_30_60k": 18.634686346863468, "pct_income_60_100k": 30.62730627306273, "pct_income_100k_plus": 29.15129151291513, "pct_age_15_24": 8.864954432477216, "pct_age_25_34": 11.101905550952775, "pct_age_35_44": 12.59320629660315, "pct_age_45_54": 9.52775476387738, "pct_age_55_64": 16.570008285004143, "pct_age_65_74": 12.344656172328088, "pct_age_75_plus": 13.338856669428337, "pct_edu_none": 17.255717255717258, "pct_edu_secondary": 19.230769230769237, "pct_edu_college": 19.542619542619544, "pct_edu_university": 14.760914760914762, "pct_french": 98.84009942004973, "pct_owners": 61.85185185185185}}, {"arcs": [[-193, 434], [435], [436], [437]], "type": "Polygon", "properties": {"CFSAUID": "G8B", "DGUID": "2021A0011G8B", "PRUID": "24", "PRNAME": "Quebec / Qu\u00e9bec", "LANDAREA": 104.6696, "Somme": 23398.0, "Nombre de donateurs": 303, "Moyenne": 77.22112211221122, "age_total": 22060.0, "median_income_hh": 10360.0, "pct_income_0_30k": 18.484555984555985, "pct_income_30_60k": 20.656370656370655, "pct_income_60_100k": 29.584942084942085, "pct_income_100k_plus": 26.351351351351347, "pct_age_15_24": 9.655485040797824, "pct_age_25_34": 9.882139619220307, "pct_age_35_44": 11.26473254759746, "pct_age_45_54": 10.403445149592022, "pct_age_55_64": 17.747053490480507, "pct_age_65_74": 14.39256572982774, "pct_age_75_plus": 12.375339981867633, "pct_edu_none": 20.708903153781748, "pct_edu_secondary": 21.015908456600613, "pct_edu_college": 19.31342450460508, "pct_edu_university": 12.447669550655876, "pct_french": 99.01398761751892, "pct_owners": 61.46388754241397}}, {"arcs": [[[-437]], [[-438]]], "type": "MultiPolygon", "properties": {"CFSAUID": "G8C", "DGUID": "2021A0011G8C", "PRUID": "24", "PRNAME": "Quebec / Qu\u00e9bec", "LANDAREA": 7.5392, "Somme": 3865.0, "Nombre de donateurs": 70, "Moyenne": 55.21428571428572, "age_total": 4410.0, "median_income_hh": 1870.0, "pct_income_0_30k": 6.149732620320856, "pct_income_30_60k": 13.636363636363637, "pct_income_60_100k": 27.807486631016044, "pct_income_100k_plus": 46.79144385026738, "pct_age_15_24": 10.090702947845804, "pct_age_25_34": 9.0702947845805, "pct_age_35_44": 13.718820861678005, "pct_age_45_54": 11.904761904761903, "pct_age_55_64": 17.913832199546487, "pct_age_65_74": 11.678004535147393, "pct_age_75_plus": 7.029478458049887, "pct_edu_none": 11.78082191780822, "pct_edu_secondary": 19.45205479452055, "pct_edu_college": 24.383561643835616, "pct_edu_university": 19.45205479452055, "pct_french": 99.54648526077098, "pct_owners": 84.30851063829788}}, {"arcs": [[[-194, -435]], [[-436]]], "type": "MultiPolygon", "properties": {"CFSAUID": "G8E", "DGUID": "2021A0011G8E", "PRUID": "24", "PRNAME": "Quebec / Qu\u00e9bec", "LANDAREA": 82.7142, "Somme": 950.0, "Nombre de donateurs": 14, "Moyenne": 67.85714285714286, "age_total": 3840.0, "median_income_hh": 1575.0, "pct_income_0_30k": 9.523809523809524, "pct_income_30_60k": 17.77777777777778, "pct_income_60_100k": 32.38095238095238, "pct_income_100k_plus": 33.33333333333333, "pct_age_15_24": 10.416666666666668, "pct_age_25_34": 9.635416666666668, "pct_age_35_44": 13.671875, "pct_age_45_54": 10.807291666666668, "pct_age_55_64": 16.666666666666664, "pct_age_65_74": 13.020833333333334, "pct_age_75_plus": 8.463541666666668, "pct_edu_none": 22.77867528271405, "pct_edu_secondary": 18.416801292407108, "pct_edu_college": 18.09369951534733, "pct_edu_university": 8.88529886914378, "pct_french": 99.47089947089948, "pct_owners": 76.94704049844236}}, {"arcs": [[438, -183]], "type": "Polygon", "properties": {"CFSAUID": "G8G", "DGUID": "2021A0011G8G", "PRUID": "24", "PRNAME": "Quebec / Qu\u00e9bec", "LANDAREA": 187.4938, "Somme": 1550.0, "Nombre de donateurs": 27, "Moyenne": 57.407407407407405, "age_total": 4120.0, "median_income_hh": 1805.0, "pct_income_0_30k": 14.958448753462603, "pct_income_30_60k": 19.113573407202217, "pct_income_60_100k": 30.74792243767313, "pct_income_100k_plus": 29.362880886426595, "pct_age_15_24": 8.13106796116505, "pct_age_25_34": 9.70873786407767, "pct_age_35_44": 11.286407766990292, "pct_age_45_54": 9.344660194174756, "pct_age_55_64": 16.2621359223301, "pct_age_65_74": 15.898058252427186, "pct_age_75_plus": 12.74271844660194, "pct_edu_none": 17.8125, "pct_edu_secondary": 21.09375, "pct_edu_college": 17.34375, "pct_edu_university": 15.312500000000002, "pct_french": 99.37578027465668, "pct_owners": 76.45429362880887}}, {"arcs": [[-187, 439, -192, 440]], "type": "Polygon", "properties": {"CFSAUID": "G8H", "DGUID": "2021A0011G8H", "PRUID": "24", "PRNAME": "Quebec / Qu\u00e9bec", "LANDAREA": 151.3637, "Somme": 5590.0, "Nombre de donateurs": 77, "Moyenne": 72.59740259740259, "age_total": 10040.0, "median_income_hh": 4610.0, "pct_income_0_30k": 17.570498915401302, "pct_income_30_60k": 21.475054229934923, "pct_income_60_100k": 30.04338394793926, "pct_income_100k_plus": 25.704989154013013, "pct_age_15_24": 8.366533864541832, "pct_age_25_34": 9.06374501992032, "pct_age_35_44": 11.254980079681276, "pct_age_45_54": 10.358565737051793, "pct_age_55_64": 17.6792828685259, "pct_age_65_74": 15.737051792828684, "pct_age_75_plus": 13.296812749003983, "pct_edu_none": 22.899813316739262, "pct_edu_secondary": 19.726197884256376, "pct_edu_college": 15.868077162414435, "pct_edu_university": 13.067828251400124, "pct_french": 98.81013967925504, "pct_owners": 68.25568797399784}}, {"arcs": [[441, 442, 443, -190, -440, -186, -203, 444, 445, 446, -200]], "type": "Polygon", "properties": {"CFSAUID": "G8J", "DGUID": "2021A0011G8J", "PRUID": "24", "PRNAME": "Quebec / Qu\u00e9bec", "LANDAREA": 15119.9799, "Somme": 4720.0, "Nombre de donateurs": 65, "Moyenne": 72.61538461538461, "age_total": 4260.0, "median_income_hh": 1885.0, "pct_income_0_30k": 14.323607427055704, "pct_income_30_60k": 18.83289124668435, "pct_income_60_100k": 31.03448275862069, "pct_income_100k_plus": 29.177718832891248, "pct_age_15_24": 9.624413145539906, "pct_age_25_34": 10.093896713615024, "pct_age_35_44": 11.502347417840376, "pct_age_45_54": 10.915492957746478, "pct_age_55_64": 17.48826291079812, "pct_age_65_74": 14.788732394366196, "pct_age_75_plus": 8.80281690140845, "pct_edu_none": 20.97488921713441, "pct_edu_secondary": 18.75923190546529, "pct_edu_college": 18.61152141802068, "pct_edu_university": 10.635155096011816, "pct_french": 99.29328621908128, "pct_owners": 80.66298342541437}}, {"arcs": [[-443, 447, 448]], "type": "Polygon", "properties": {"CFSAUID": "G8K", "DGUID": "2021A0011G8K", "PRUID": "24", "PRNAME": "Quebec / Qu\u00e9bec", "LANDAREA": 361.2722, "Somme": 13405.0, "Nombre de donateurs": 158, "Moyenne": 84.84177215189874, "age_total": 10090.0, "median_income_hh": 4685.0, "pct_income_0_30k": 16.328708644610458, "pct_income_30_60k": 19.530416221985057, "pct_income_60_100k": 29.13553895410886, "pct_income_100k_plus": 29.882604055496262, "pct_age_15_24": 10.555004955401389, "pct_age_25_34": 8.424182358771061, "pct_age_35_44": 11.99207135777998, "pct_age_45_54": 10.505450941526265, "pct_age_55_64": 17.74033696729435, "pct_age_65_74": 15.014866204162535, "pct_age_75_plus": 10.307234886025768, "pct_edu_none": 21.04630186410102, "pct_edu_secondary": 19.30246542393265, "pct_edu_college": 17.739025856885146, "pct_edu_university": 13.469633193024656, "pct_french": 99.3006993006993, "pct_owners": 72.14514407684098}}, {"arcs": [[-174, -188, -441, -191, -444, -449, 449, -202, 450]], "type": "Polygon", "properties": {"CFSAUID": "G8L", "DGUID": "2021A0011G8L", "PRUID": "24", "PRNAME": "Quebec / Qu\u00e9bec", "LANDAREA": 16026.119, "Somme": 17069.86, "Nombre de donateurs": 221, "Moyenne": 77.239185520362, "age_total": 14285.0, "median_income_hh": 6520.0, "pct_income_0_30k": 18.25153374233129, "pct_income_30_60k": 21.088957055214724, "pct_income_60_100k": 29.29447852760736, "pct_income_100k_plus": 26.07361963190184, "pct_age_15_24": 9.310465523276164, "pct_age_25_34": 8.190409520476024, "pct_age_35_44": 11.550577528876444, "pct_age_45_54": 10.255512775638785, "pct_age_55_64": 17.465873293664682, "pct_age_65_74": 16.030801540077004, "pct_age_75_plus": 11.935596779838992, "pct_edu_none": 25.03248159376353, "pct_edu_secondary": 20.48505846686877, "pct_edu_college": 15.331312256388047, "pct_edu_university": 11.26028583802512, "pct_french": 99.2880028479886, "pct_owners": 67.22817764165391}}, {"arcs": [[-450, -448, -442, -199]], "type": "Polygon", "properties": {"CFSAUID": "G8M", "DGUID": "2021A0011G8M", "PRUID": "24", "PRNAME": "Quebec / Qu\u00e9bec", "LANDAREA": 409.2404, "Somme": 1575.0, "Nombre de donateurs": 22, "Moyenne": 71.5909090909091, "age_total": 5175.0, "median_income_hh": 2250.0, "pct_income_0_30k": 13.111111111111112, "pct_income_30_60k": 18.88888888888889, "pct_income_60_100k": 31.77777777777778, "pct_income_100k_plus": 30.22222222222222, "pct_age_15_24": 9.565217391304348, "pct_age_25_34": 9.565217391304348, "pct_age_35_44": 13.333333333333334, "pct_age_45_54": 9.951690821256038, "pct_age_55_64": 16.714975845410628, "pct_age_65_74": 14.20289855072464, "pct_age_75_plus": 9.082125603864734, "pct_edu_none": 25.12135922330097, "pct_edu_secondary": 18.567961165048544, "pct_edu_college": 13.713592233009708, "pct_edu_university": 7.4029126213592225, "pct_french": 99.60975609756098, "pct_owners": 81.12359550561797}}, {"arcs": [[-431, -418, -37, -204, -184, -439, -182]], "type": "Polygon", "properties": {"CFSAUID": "G8N", "DGUID": "2021A0011G8N", "PRUID": "24", "PRNAME": "Quebec / Qu\u00e9bec", "LANDAREA": 1131.6707, "Somme": 945.0, "Nombre de donateurs": 13, "Moyenne": 72.6923076923077, "age_total": 2510.0, "median_income_hh": 1080.0, "pct_income_0_30k": 12.037037037037036, "pct_income_30_60k": 20.833333333333336, "pct_income_60_100k": 31.48148148148148, "pct_income_100k_plus": 31.01851851851852, "pct_age_15_24": 9.9601593625498, "pct_age_25_34": 8.565737051792828, "pct_age_35_44": 12.749003984063744, "pct_age_45_54": 10.159362549800797, "pct_age_55_64": 16.733067729083665, "pct_age_65_74": 15.53784860557769, "pct_age_75_plus": 9.362549800796812, "pct_edu_none": 15.70048309178744, "pct_edu_secondary": 21.256038647342997, "pct_edu_college": 17.874396135265698, "pct_edu_university": 12.560386473429952, "pct_french": 98.8, "pct_owners": 79.16666666666666}}, {"arcs": [[-446, 451]], "type": "Polygon", "properties": {"CFSAUID": "G8P", "DGUID": "2021A0011G8P", "PRUID": "24", "PRNAME": "Quebec / Qu\u00e9bec", "LANDAREA": 694.8744, "Somme": 4302.0, "Nombre de donateurs": 60, "Moyenne": 71.7, "age_total": 7310.0, "median_income_hh": 3220.0, "pct_income_0_30k": 12.267080745341614, "pct_income_30_60k": 13.509316770186336, "pct_income_60_100k": 27.639751552795037, "pct_income_100k_plus": 41.30434782608695, "pct_age_15_24": 10.738714090287278, "pct_age_25_34": 12.859097127222984, "pct_age_35_44": 13.54309165526676, "pct_age_45_54": 12.38030095759234, "pct_age_55_64": 16.07387140902873, "pct_age_65_74": 9.165526675786593, "pct_age_75_plus": 6.771545827633379, "pct_edu_none": 23.02463891248938, "pct_edu_secondary": 18.26677994902294, "pct_edu_college": 18.60662701784197, "pct_edu_university": 12.404418011894649, "pct_french": 93.90828199863108, "pct_owners": 70.54263565891473}}, {"arcs": [[[452, 453, 454, 455, 456, -209], [461]], [[457, 458, -211]], [[459]], [[460]]], "type": "MultiPolygon", "properties": {"CFSAUID": "G8T", "DGUID": "2021A0011G8T", "PRUID": "24", "PRNAME": "Quebec / Qu\u00e9bec", "LANDAREA": 21.7863, "Somme": 20776.0, "Nombre de donateurs": 229, "Moyenne": 90.72489082969432, "age_total": 27830.0, "median_income_hh": 14025.0, "pct_income_0_30k": 23.422459893048128, "pct_income_30_60k": 24.63458110516934, "pct_income_60_100k": 29.732620320855613, "pct_income_100k_plus": 17.46880570409982, "pct_age_15_24": 8.893280632411066, "pct_age_25_34": 10.689902982393102, "pct_age_35_44": 10.689902982393102, "pct_age_45_54": 10.025152712899748, "pct_age_55_64": 16.528925619834713, "pct_age_65_74": 15.95400646784046, "pct_age_75_plus": 14.193316564858064, "pct_edu_none": 21.39766334919948, "pct_edu_secondary": 25.44353093898745, "pct_edu_college": 16.616183470359154, "pct_edu_university": 11.272176546949373, "pct_french": 97.35208181154128, "pct_owners": 52.24679029957204}}, {"arcs": [[[462, -458, -210, -457]], [[-462]]], "type": "MultiPolygon", "properties": {"CFSAUID": "G8V", "DGUID": "2021A0011G8V", "PRUID": "24", "PRNAME": "Quebec / Qu\u00e9bec", "LANDAREA": 39.9274, "Somme": 7175.0, "Nombre de donateurs": 83, "Moyenne": 86.44578313253012, "age_total": 9955.0, "median_income_hh": 4165.0, "pct_income_0_30k": 6.602641056422569, "pct_income_30_60k": 14.525810324129653, "pct_income_60_100k": 29.29171668667467, "pct_income_100k_plus": 42.61704681872749, "pct_age_15_24": 10.698141637368156, "pct_age_25_34": 10.698141637368156, "pct_age_35_44": 12.656956303365144, "pct_age_45_54": 12.908086388749371, "pct_age_55_64": 18.483174284279254, "pct_age_65_74": 12.255148166750375, "pct_age_75_plus": 4.821697639377198, "pct_edu_none": 12.970969734403951, "pct_edu_secondary": 21.24768375540457, "pct_edu_college": 21.98888202594194, "pct_edu_university": 19.209388511426805, "pct_french": 97.73982923154196, "pct_owners": 78.65853658536585}}, {"arcs": [[-459, -463, -456, 463, 464, 465, -212], [-460], [-461]], "type": "Polygon", "properties": {"CFSAUID": "G8W", "DGUID": "2021A0011G8W", "PRUID": "24", "PRNAME": "Quebec / Qu\u00e9bec", "LANDAREA": 57.0831, "Somme": 10092.0, "Nombre de donateurs": 125, "Moyenne": 80.736, "age_total": 11010.0, "median_income_hh": 4785.0, "pct_income_0_30k": 11.80773249738767, "pct_income_30_60k": 16.718913270637408, "pct_income_60_100k": 29.780564263322884, "pct_income_100k_plus": 36.36363636363637, "pct_age_15_24": 8.71934604904632, "pct_age_25_34": 10.036330608537693, "pct_age_35_44": 12.48864668483197, "pct_age_45_54": 11.1716621253406, "pct_age_55_64": 16.802906448683018, "pct_age_65_74": 14.713896457765667, "pct_age_75_plus": 9.809264305177113, "pct_edu_none": 13.094571908226078, "pct_edu_secondary": 21.60044767767208, "pct_edu_college": 22.048125349748183, "pct_edu_university": 20.369334079462785, "pct_french": 97.09355131698456, "pct_owners": 67.35324407826982}}, {"arcs": [[466, 467, 468, 469, 470, -465]], "type": "Polygon", "properties": {"CFSAUID": "G8Y", "DGUID": "2021A0011G8Y", "PRUID": "24", "PRNAME": "Quebec / Qu\u00e9bec", "LANDAREA": 23.2219, "Somme": 39741.88, "Nombre de donateurs": 495, "Moyenne": 80.28662626262626, "age_total": 33295.0, "median_income_hh": 15795.0, "pct_income_0_30k": 16.270971826527383, "pct_income_30_60k": 18.51851851851852, "pct_income_60_100k": 29.50300728078506, "pct_income_100k_plus": 30.13611902500791, "pct_age_15_24": 11.022676077489113, "pct_age_25_34": 10.55714071181859, "pct_age_35_44": 10.87250337888572, "pct_age_45_54": 10.241778044751465, "pct_age_55_64": 15.017269860339391, "pct_age_65_74": 15.362667067127198, "pct_age_75_plus": 12.554437603243732, "pct_edu_none": 12.883545666606857, "pct_edu_secondary": 20.724923739458102, "pct_edu_college": 21.15557150547281, "pct_edu_university": 26.072133500807464, "pct_french": 94.15301367803998, "pct_owners": 60.05692599620494}}, {"arcs": [[471, -467, -464, -455, 472]], "type": "Polygon", "properties": {"CFSAUID": "G8Z", "DGUID": "2021A0011G8Z", "PRUID": "24", "PRNAME": "Quebec / Qu\u00e9bec", "LANDAREA": 8.2854, "Somme": 23590.0, "Nombre de donateurs": 291, "Moyenne": 81.06529209621993, "age_total": 13970.0, "median_income_hh": 6980.0, "pct_income_0_30k": 27.148997134670488, "pct_income_30_60k": 26.07449856733524, "pct_income_60_100k": 28.43839541547278, "pct_income_100k_plus": 14.613180515759314, "pct_age_15_24": 15.891195418754474, "pct_age_25_34": 14.280601288475305, "pct_age_35_44": 9.663564781675015, "pct_age_45_54": 8.231925554760199, "pct_age_55_64": 11.954187544738726, "pct_age_65_74": 12.27630637079456, "pct_age_75_plus": 17.78811739441661, "pct_edu_none": 17.1889400921659, "pct_edu_secondary": 24.3778801843318, "pct_edu_college": 18.70967741935484, "pct_edu_university": 21.24423963133641, "pct_french": 93.59276729559748, "pct_owners": 29.53890489913545}}, {"arcs": [[[-470, 473, 474, -214, 475]], [[476, 477, -473, -454]]], "type": "MultiPolygon", "properties": {"CFSAUID": "G9A", "DGUID": "2021A0011G9A", "PRUID": "24", "PRNAME": "Quebec / Qu\u00e9bec", "LANDAREA": 37.7682, "Somme": 16855.0, "Nombre de donateurs": 220, "Moyenne": 76.61363636363636, "age_total": 20400.0, "median_income_hh": 11510.0, "pct_income_0_30k": 32.14596003475239, "pct_income_30_60k": 26.585577758470897, "pct_income_60_100k": 25.716768027801912, "pct_income_100k_plus": 12.250217202432667, "pct_age_15_24": 10.294117647058822, "pct_age_25_34": 14.411764705882351, "pct_age_35_44": 11.348039215686274, "pct_age_45_54": 9.632352941176473, "pct_age_55_64": 14.681372549019608, "pct_age_65_74": 14.191176470588236, "pct_age_75_plus": 14.705882352941178, "pct_edu_none": 24.77980035231944, "pct_edu_secondary": 22.988843217850853, "pct_edu_college": 16.236054022313564, "pct_edu_university": 15.76629477392836, "pct_french": 94.89032901296112, "pct_owners": 28.751631143975644}}, {"arcs": [[-472, -478, 478, 479, -215, -475, 480, -468]], "type": "Polygon", "properties": {"CFSAUID": "G9B", "DGUID": "2021A0011G9B", "PRUID": "24", "PRNAME": "Quebec / Qu\u00e9bec", "LANDAREA": 82.8958, "Somme": 16110.0, "Nombre de donateurs": 189, "Moyenne": 85.23809523809524, "age_total": 18680.0, "median_income_hh": 7960.0, "pct_income_0_30k": 7.914572864321608, "pct_income_30_60k": 13.69346733668342, "pct_income_60_100k": 30.77889447236181, "pct_income_100k_plus": 41.70854271356784, "pct_age_15_24": 9.555674518201284, "pct_age_25_34": 10.492505353319055, "pct_age_35_44": 13.89186295503212, "pct_age_45_54": 12.714132762312632, "pct_age_55_64": 15.604925053533192, "pct_age_65_74": 12.87473233404711, "pct_age_75_plus": 7.334047109207709, "pct_edu_none": 13.854235062376889, "pct_edu_secondary": 20.25607353906763, "pct_edu_college": 21.96323046618516, "pct_edu_university": 22.25869993434012, "pct_french": 97.25141471301536, "pct_owners": 78.6474639949906}}, {"arcs": [[[-471, -476, -213, -466]], [[-481, -474, -469]]], "type": "MultiPolygon", "properties": {"CFSAUID": "G9C", "DGUID": "2021A0011G9C", "PRUID": "24", "PRNAME": "Quebec / Qu\u00e9bec", "LANDAREA": 17.6852, "Somme": 2470.0, "Nombre de donateurs": 39, "Moyenne": 63.333333333333336, "age_total": 4020.0, "median_income_hh": 1605.0, "pct_income_0_30k": 6.230529595015576, "pct_income_30_60k": 9.96884735202492, "pct_income_60_100k": 28.34890965732087, "pct_income_100k_plus": 47.97507788161994, "pct_age_15_24": 8.955223880597014, "pct_age_25_34": 12.437810945273633, "pct_age_35_44": 17.039800995024876, "pct_age_45_54": 12.56218905472637, "pct_age_55_64": 14.054726368159203, "pct_age_65_74": 10.820895522388058, "pct_age_75_plus": 4.228855721393035, "pct_edu_none": 8.637873754152823, "pct_edu_secondary": 17.60797342192691, "pct_edu_college": 24.086378737541526, "pct_edu_university": 30.89700996677741, "pct_french": 94.55958549222798, "pct_owners": 90.76923076923076}}, {"arcs": [[-235, 481, 482, 483, -479, -477, -453, -208], [-221]], "type": "Polygon", "properties": {"CFSAUID": "G9H", "DGUID": "2021A0011G9H", "PRUID": "24", "PRNAME": "Quebec / Qu\u00e9bec", "LANDAREA": 439.6729, "Somme": 14310.0, "Nombre de donateurs": 168, "Moyenne": 85.17857142857143, "age_total": 13555.0, "median_income_hh": 6035.0, "pct_income_0_30k": 12.510356255178127, "pct_income_30_60k": 17.978458989229495, "pct_income_60_100k": 29.16321458160729, "pct_income_100k_plus": 34.21706710853356, "pct_age_15_24": 8.594614533382517, "pct_age_25_34": 12.32017705643674, "pct_age_35_44": 13.721873847288824, "pct_age_45_54": 10.99225378089266, "pct_age_55_64": 15.234230911102914, "pct_age_65_74": 13.131685724824788, "pct_age_75_plus": 9.111029140538546, "pct_edu_none": 16.16022099447514, "pct_edu_secondary": 19.521178637200737, "pct_edu_college": 21.2707182320442, "pct_edu_university": 17.955801104972377, "pct_french": 98.4428408659324, "pct_owners": 74.89643744821872}}, {"arcs": [[484, -224, 485, 486, -226]], "type": "Polygon", "properties": {"CFSAUID": "G9N", "DGUID": "2021A0011G9N", "PRUID": "24", "PRNAME": "Quebec / Qu\u00e9bec", "LANDAREA": 37.8763, "Somme": 22205.0, "Nombre de donateurs": 273, "Moyenne": 81.33699633699634, "age_total": 16125.0, "median_income_hh": 8700.0, "pct_income_0_30k": 30.919540229885055, "pct_income_30_60k": 25.17241379310345, "pct_income_60_100k": 27.413793103448278, "pct_income_100k_plus": 12.586206896551724, "pct_age_15_24": 8.310077519379846, "pct_age_25_34": 9.891472868217054, "pct_age_35_44": 10.48062015503876, "pct_age_45_54": 9.829457364341083, "pct_age_55_64": 17.209302325581397, "pct_age_65_74": 17.643410852713178, "pct_age_75_plus": 15.565891472868218, "pct_edu_none": 26.096572060449684, "pct_edu_secondary": 25.469959454478435, "pct_edu_college": 14.817545152967195, "pct_edu_university": 10.210099520825654, "pct_french": 96.46188485043422, "pct_owners": 40.945330296127565}}, {"arcs": [[-485, -225]], "type": "Polygon", "properties": {"CFSAUID": "G9P", "DGUID": "2021A0011G9P", "PRUID": "24", "PRNAME": "Quebec / Qu\u00e9bec", "LANDAREA": 37.3731, "Somme": 9109.0, "Nombre de donateurs": 123, "Moyenne": 74.0569105691057, "age_total": 11565.0, "median_income_hh": 5630.0, "pct_income_0_30k": 17.4955595026643, "pct_income_30_60k": 21.49200710479574, "pct_income_60_100k": 31.793960923623445, "pct_income_100k_plus": 23.8898756660746, "pct_age_15_24": 7.565931690445309, "pct_age_25_34": 9.59792477302205, "pct_age_35_44": 10.41936878512754, "pct_age_45_54": 9.900562040639862, "pct_age_55_64": 18.37440553393861, "pct_age_65_74": 16.817985300475573, "pct_age_75_plus": 13.575443147427585, "pct_edu_none": 16.41321447299423, "pct_edu_secondary": 23.754588358678557, "pct_edu_college": 21.394861038280023, "pct_edu_university": 13.529103303618248, "pct_french": 97.51633986928104, "pct_owners": 61.517857142857146}}, {"arcs": [[487, -486, -223]], "type": "Polygon", "properties": {"CFSAUID": "G9R", "DGUID": "2021A0011G9R", "PRUID": "24", "PRNAME": "Quebec / Qu\u00e9bec", "LANDAREA": 22.2648, "Somme": 1115.0, "Nombre de donateurs": 14, "Moyenne": 79.64285714285714, "age_total": 2325.0, "median_income_hh": 990.0, "pct_income_0_30k": 11.616161616161616, "pct_income_30_60k": 14.646464646464649, "pct_income_60_100k": 29.29292929292929, "pct_income_100k_plus": 39.39393939393939, "pct_age_15_24": 8.817204301075268, "pct_age_25_34": 9.89247311827957, "pct_age_35_44": 13.763440860215054, "pct_age_45_54": 12.903225806451612, "pct_age_55_64": 19.13978494623656, "pct_age_65_74": 11.397849462365592, "pct_age_75_plus": 5.376344086021505, "pct_edu_none": 17.615176151761517, "pct_edu_secondary": 20.05420054200542, "pct_edu_college": 20.59620596205962, "pct_edu_university": 15.989159891598916, "pct_french": 98.27956989247312, "pct_owners": 85.5}}, {"arcs": [[-487, -488, -227]], "type": "Polygon", "properties": {"CFSAUID": "G9T", "DGUID": "2021A0011G9T", "PRUID": "24", "PRNAME": "Quebec / Qu\u00e9bec", "LANDAREA": 66.1901, "Somme": 12603.0, "Nombre de donateurs": 171, "Moyenne": 73.70175438596492, "age_total": 15940.0, "median_income_hh": 8000.0, "pct_income_0_30k": 22.625, "pct_income_30_60k": 22.75, "pct_income_60_100k": 30.6875, "pct_income_100k_plus": 19.0625, "pct_age_15_24": 7.340025094102885, "pct_age_25_34": 9.096612296110411, "pct_age_35_44": 10.131744040150563, "pct_age_45_54": 9.974905897114178, "pct_age_55_64": 18.97741530740276, "pct_age_65_74": 17.722710163111667, "pct_age_75_plus": 14.491844416562108, "pct_edu_none": 23.10577644411103, "pct_edu_secondary": 23.93098274568642, "pct_edu_college": 16.579144786196547, "pct_edu_university": 10.877719429857464, "pct_french": 98.08306709265176, "pct_owners": 59.59974984365228}}, {"arcs": [[-23, -206], [-222]], "type": "Polygon", "properties": {"CFSAUID": "G9X", "DGUID": "2021A0011G9X", "PRUID": "24", "PRNAME": "Quebec / Qu\u00e9bec", "LANDAREA": 7796.8026, "Somme": 5430.0, "Nombre de donateurs": 74, "Moyenne": 73.37837837837837, "age_total": 10610.0, "median_income_hh": 5260.0, "pct_income_0_30k": 18.250950570342205, "pct_income_30_60k": 21.482889733840302, "pct_income_60_100k": 29.84790874524715, "pct_income_100k_plus": 24.714828897338403, "pct_age_15_24": 8.105560791705937, "pct_age_25_34": 9.802073515551369, "pct_age_35_44": 11.451460885956646, "pct_age_45_54": 11.16870876531574, "pct_age_55_64": 18.23751178133836, "pct_age_65_74": 14.938737040527805, "pct_age_75_plus": 12.441093308199813, "pct_edu_none": 24.304783092324804, "pct_edu_secondary": 24.13793103448276, "pct_edu_college": 16.796440489432705, "pct_edu_university": 9.454949944382648, "pct_french": 95.43942992874108, "pct_owners": 67.67485822306239}}, {"arcs": [[488, 489, 490, 491, 492]], "type": "Polygon", "properties": {"CFSAUID": "H1A", "DGUID": "2021A0011H1A", "PRUID": "24", "PRNAME": "Quebec / Qu\u00e9bec", "LANDAREA": 15.165, "Somme": 26738.0, "Nombre de donateurs": 388, "Moyenne": 68.91237113402062, "age_total": 33160.0, "median_income_hh": 14535.0, "pct_income_0_30k": 12.865497076023392, "pct_income_30_60k": 17.475060199518406, "pct_income_60_100k": 31.475748194014447, "pct_income_100k_plus": 31.991744066047477, "pct_age_15_24": 9.7708082026538, "pct_age_25_34": 11.082629674306393, "pct_age_35_44": 12.575392038600723, "pct_age_45_54": 13.32931242460796, "pct_age_55_64": 18.24487334137515, "pct_age_65_74": 12.032569360675511, "pct_age_75_plus": 7.795536791314837, "pct_edu_none": 20.014839547393805, "pct_edu_secondary": 24.50380263401966, "pct_edu_college": 17.028380634390654, "pct_edu_university": 16.10090892227787, "pct_french": 86.61087866108787, "pct_owners": 60.1167983510821}}, {"arcs": [[493, 494, 495, 496, 497, 498, 499, -489]], "type": "Polygon", "properties": {"CFSAUID": "H1B", "DGUID": "2021A0011H1B", "PRUID": "24", "PRNAME": "Quebec / Qu\u00e9bec", "LANDAREA": 13.2671, "Somme": 23586.42, "Nombre de donateurs": 272, "Moyenne": 86.7147794117647, "age_total": 20650.0, "median_income_hh": 9440.0, "pct_income_0_30k": 16.101694915254235, "pct_income_30_60k": 19.809322033898304, "pct_income_60_100k": 31.67372881355932, "pct_income_100k_plus": 27.06567796610169, "pct_age_15_24": 9.588377723970943, "pct_age_25_34": 13.075060532687653, "pct_age_35_44": 13.753026634382568, "pct_age_45_54": 12.179176755447942, "pct_age_55_64": 16.46489104116223, "pct_age_65_74": 11.404358353510895, "pct_age_75_plus": 7.457627118644068, "pct_edu_none": 24.63300058719906, "pct_edu_secondary": 25.836758661186146, "pct_edu_college": 14.856136230182033, "pct_edu_university": 12.97709923664122, "pct_french": 85.95325953259533, "pct_owners": 46.76906779661017}}, {"arcs": [[-500, 500, 501, 502, -490]], "type": "Polygon", "properties": {"CFSAUID": "H1C", "DGUID": "2021A0011H1C", "PRUID": "24", "PRNAME": "Quebec / Qu\u00e9bec", "LANDAREA": 11.0985, "Somme": 4075.0, "Nombre de donateurs": 52, "Moyenne": 78.36538461538461, "age_total": 15085.0, "median_income_hh": 4855.0, "pct_income_0_30k": 5.561277033985582, "pct_income_30_60k": 9.577754891864055, "pct_income_60_100k": 23.68692070030896, "pct_income_100k_plus": 54.4799176107106, "pct_age_15_24": 13.556513092475967, "pct_age_25_34": 11.36890951276102, "pct_age_35_44": 15.24693404043752, "pct_age_45_54": 15.74411667219092, "pct_age_55_64": 14.053695724229367, "pct_age_65_74": 7.093138879681803, "pct_age_75_plus": 3.480278422273782, "pct_edu_none": 17.41207121146331, "pct_edu_secondary": 22.14502822405558, "pct_edu_college": 20.10421189752497, "pct_edu_university": 20.277898393399912, "pct_french": 51.690821256038646, "pct_owners": 84.52012383900929}}, {"arcs": [[503, 504, -501, -499, 505]], "type": "Polygon", "properties": {"CFSAUID": "H1E", "DGUID": "2021A0011H1E", "PRUID": "24", "PRNAME": "Quebec / Qu\u00e9bec", "LANDAREA": 10.9806, "Somme": 13055.0, "Nombre de donateurs": 143, "Moyenne": 91.2937062937063, "age_total": 42570.0, "median_income_hh": 16675.0, "pct_income_0_30k": 13.073463268365815, "pct_income_30_60k": 17.511244377811096, "pct_income_60_100k": 28.455772113943027, "pct_income_100k_plus": 35.472263868065966, "pct_age_15_24": 11.827578106647874, "pct_age_25_34": 10.735259572468877, "pct_age_35_44": 11.33427296217994, "pct_age_45_54": 13.789053323937043, "pct_age_55_64": 14.681700728212356, "pct_age_65_74": 11.968522433638713, "pct_age_75_plus": 9.830866807610994, "pct_edu_none": 24.2436974789916, "pct_edu_secondary": 23.93557422969188, "pct_edu_college": 17.170868347338935, "pct_edu_university": 15.448179271708684, "pct_french": 44.386792452830186, "pct_owners": 63.51918465227818}}, {"arcs": [[506, 507, 508, 509, 510, 511, -504]], "type": "Polygon", "properties": {"CFSAUID": "H1G", "DGUID": "2021A0011H1G", "PRUID": "24", "PRNAME": "Quebec / Qu\u00e9bec", "LANDAREA": 7.841, "Somme": 13530.0, "Nombre de donateurs": 223, "Moyenne": 60.67264573991032, "age_total": 50990.0, "median_income_hh": 20285.0, "pct_income_0_30k": 20.285925560759186, "pct_income_30_60k": 22.726152329307368, "pct_income_60_100k": 32.26522060635938, "pct_income_100k_plus": 19.497165393147647, "pct_age_15_24": 11.38458521278682, "pct_age_25_34": 12.139635222592664, "pct_age_35_44": 13.012355363796823, "pct_age_45_54": 12.453422239654834, "pct_age_55_64": 12.208276132575016, "pct_age_65_74": 9.521474798980192, "pct_age_75_plus": 10.394194940184349, "pct_edu_none": 30.113708956177337, "pct_edu_secondary": 23.355053021591925, "pct_edu_college": 13.785613900600485, "pct_edu_university": 12.214130573655297, "pct_french": 57.53627480011845, "pct_owners": 28.50812407680945}}, {"arcs": [[512, 513, 514, -510, 515, 516]], "type": "Polygon", "properties": {"CFSAUID": "H1H", "DGUID": "2021A0011H1H", "PRUID": "24", "PRNAME": "Quebec / Qu\u00e9bec", "LANDAREA": 4.5821, "Somme": 20113.22, "Nombre de donateurs": 242, "Moyenne": 83.11247933884297, "age_total": 37845.0, "median_income_hh": 16135.0, "pct_income_0_30k": 21.629996901146576, "pct_income_30_60k": 22.7765726681128, "pct_income_60_100k": 32.41400681747753, "pct_income_100k_plus": 18.15928106600558, "pct_age_15_24": 10.70154577883472, "pct_age_25_34": 12.868278504425948, "pct_age_35_44": 13.832738803012289, "pct_age_45_54": 12.590831021270974, "pct_age_55_64": 12.088783194609592, "pct_age_65_74": 9.433214427269125, "pct_age_75_plus": 9.208614083762717, "pct_edu_none": 26.79628064243449, "pct_edu_secondary": 22.147083685545223, "pct_edu_college": 14.454775993237533, "pct_edu_university": 16.010143702451394, "pct_french": 58.78016085790885, "pct_owners": 28.13758909203595}}, {"arcs": [[517, -507, -506, -498, 518, 519]], "type": "Polygon", "properties": {"CFSAUID": "H1J", "DGUID": "2021A0011H1J", "PRUID": "24", "PRNAME": "Quebec / Qu\u00e9bec", "LANDAREA": 8.2921, "Somme": 6425.0, "Nombre de donateurs": 72, "Moyenne": 89.23611111111111, "age_total": 10590.0, "median_income_hh": 4795.0, "pct_income_0_30k": 13.97288842544317, "pct_income_30_60k": 20.22940563086549, "pct_income_60_100k": 31.803962460896766, "pct_income_100k_plus": 28.050052137643377, "pct_age_15_24": 10.292728989612844, "pct_age_25_34": 10.387157695939566, "pct_age_35_44": 12.134088762983946, "pct_age_45_54": 14.44759206798867, "pct_age_55_64": 13.786591123701603, "pct_age_65_74": 11.9452313503305, "pct_age_75_plus": 11.048158640226628, "pct_edu_none": 16.361556064073227, "pct_edu_secondary": 21.73913043478261, "pct_edu_college": 18.02059496567506, "pct_edu_university": 25.62929061784897, "pct_french": 59.71631205673759, "pct_owners": 46.77754677754678}}, {"arcs": [[520, 521, -519, -497]], "type": "Polygon", "properties": {"CFSAUID": "H1K", "DGUID": "2021A0011H1K", "PRUID": "24", "PRNAME": "Quebec / Qu\u00e9bec", "LANDAREA": 6.1714, "Somme": 29131.18, "Nombre de donateurs": 372, "Moyenne": 78.30962365591398, "age_total": 37305.0, "median_income_hh": 14840.0, "pct_income_0_30k": 14.117250673854448, "pct_income_30_60k": 15.970350404312669, "pct_income_60_100k": 29.784366576819405, "pct_income_100k_plus": 34.1644204851752, "pct_age_15_24": 10.85645355850422, "pct_age_25_34": 11.28535048921056, "pct_age_35_44": 15.199034981905909, "pct_age_45_54": 13.148371531966225, "pct_age_55_64": 12.169950408792388, "pct_age_65_74": 8.792387079479964, "pct_age_75_plus": 7.679935665460394, "pct_edu_none": 17.54508842584486, "pct_edu_secondary": 20.13657853265628, "pct_edu_college": 16.21432323586062, "pct_edu_university": 27.6659078970408, "pct_french": 70.76015367727771, "pct_owners": 44.32086282440175}}, {"arcs": [[522, 523, 524, -521, -496]], "type": "Polygon", "properties": {"CFSAUID": "H1L", "DGUID": "2021A0011H1L", "PRUID": "24", "PRNAME": "Quebec / Qu\u00e9bec", "LANDAREA": 7.5319, "Somme": 43294.13, "Nombre de donateurs": 526, "Moyenne": 82.30823193916349, "age_total": 34615.0, "median_income_hh": 16735.0, "pct_income_0_30k": 18.04601135345085, "pct_income_30_60k": 21.15327158649537, "pct_income_60_100k": 31.96892739766956, "pct_income_100k_plus": 23.18494173887063, "pct_age_15_24": 9.706774519716886, "pct_age_25_34": 14.791275458616209, "pct_age_35_44": 14.459049544994944, "pct_age_45_54": 12.335692618806876, "pct_age_55_64": 14.993499927776975, "pct_age_65_74": 10.3423371370793, "pct_age_75_plus": 7.597862198468872, "pct_edu_none": 20.767335445265758, "pct_edu_secondary": 23.301654347060893, "pct_edu_college": 15.857092573037662, "pct_edu_university": 20.520943329813445, "pct_french": 81.71378091872792, "pct_owners": 39.70104633781764}}, {"arcs": [[525, 526, -520, -522]], "type": "Polygon", "properties": {"CFSAUID": "H1M", "DGUID": "2021A0011H1M", "PRUID": "24", "PRNAME": "Quebec / Qu\u00e9bec", "LANDAREA": 4.9377, "Somme": 38110.0, "Nombre de donateurs": 420, "Moyenne": 90.73809523809524, "age_total": 29350.0, "median_income_hh": 13805.0, "pct_income_0_30k": 15.574067366896053, "pct_income_30_60k": 19.992756247736327, "pct_income_60_100k": 31.72763491488591, "pct_income_100k_plus": 27.236508511408907, "pct_age_15_24": 8.926746166950595, "pct_age_25_34": 10.732538330494036, "pct_age_35_44": 12.964224872231686, "pct_age_45_54": 11.362862010221466, "pct_age_55_64": 13.62862010221465, "pct_age_65_74": 13.134582623509369, "pct_age_75_plus": 15.025553662691651, "pct_edu_none": 17.472953664013062, "pct_edu_secondary": 21.49418248622168, "pct_edu_college": 16.77893447642376, "pct_edu_university": 28.45478669116146, "pct_french": 65.93349497748527, "pct_owners": 42.70231213872832}}, {"arcs": [[527, 528, 529, -526, -525]], "type": "Polygon", "properties": {"CFSAUID": "H1N", "DGUID": "2021A0011H1N", "PRUID": "24", "PRNAME": "Quebec / Qu\u00e9bec", "LANDAREA": 8.7485, "Somme": 35888.0, "Nombre de donateurs": 398, "Moyenne": 90.1708542713568, "age_total": 24445.0, "median_income_hh": 12045.0, "pct_income_0_30k": 20.42341220423412, "pct_income_30_60k": 21.378165213781653, "pct_income_60_100k": 30.88418430884185, "pct_income_100k_plus": 21.87629721876297, "pct_age_15_24": 9.224790345673965, "pct_age_25_34": 16.260994068316627, "pct_age_35_44": 15.279198200040907, "pct_age_45_54": 11.802004499897729, "pct_age_55_64": 12.415626917570057, "pct_age_65_74": 9.613417876866436, "pct_age_75_plus": 11.3724688075271, "pct_edu_none": 17.732115677321154, "pct_edu_secondary": 20.29426686960933, "pct_edu_college": 17.250126839167933, "pct_edu_university": 26.813800101471337, "pct_french": 73.9772247996626, "pct_owners": 30.903790087463555}}, {"arcs": [[530, 531, 532, -508, -518]], "type": "Polygon", "properties": {"CFSAUID": "H1P", "DGUID": "2021A0011H1P", "PRUID": "24", "PRNAME": "Quebec / Qu\u00e9bec", "LANDAREA": 5.1182, "Somme": 3792.5, "Nombre de donateurs": 38, "Moyenne": 99.80263157894736, "age_total": 18120.0, "median_income_hh": 7370.0, "pct_income_0_30k": 15.739484396200815, "pct_income_30_60k": 18.588873812754407, "pct_income_60_100k": 31.68249660786974, "pct_income_100k_plus": 27.74762550881954, "pct_age_15_24": 10.43046357615894, "pct_age_25_34": 10.789183222958057, "pct_age_35_44": 12.334437086092716, "pct_age_45_54": 14.34878587196468, "pct_age_55_64": 12.444812362030904, "pct_age_65_74": 10.32008830022075, "pct_age_75_plus": 10.099337748344372, "pct_edu_none": 23.5632183908046, "pct_edu_secondary": 20.723461798512503, "pct_edu_college": 17.00473292765382, "pct_edu_university": 21.771467207572684, "pct_french": 39.86747653230259, "pct_owners": 40.40677966101695}}, {"arcs": [[533, -516, -509, -533, 534]], "type": "Polygon", "properties": {"CFSAUID": "H1R", "DGUID": "2021A0011H1R", "PRUID": "24", "PRNAME": "Quebec / Qu\u00e9bec", "LANDAREA": 4.6352, "Somme": 5825.0, "Nombre de donateurs": 60, "Moyenne": 97.08333333333331, "age_total": 31260.0, "median_income_hh": 11845.0, "pct_income_0_30k": 13.55002110595188, "pct_income_30_60k": 18.74208526804559, "pct_income_60_100k": 33.262980160405235, "pct_income_100k_plus": 28.535246939636977, "pct_age_15_24": 11.084452975047984, "pct_age_25_34": 10.79654510556622, "pct_age_35_44": 13.115802943058222, "pct_age_45_54": 14.107485604606524, "pct_age_55_64": 11.8042226487524, "pct_age_65_74": 8.493282149712092, "pct_age_75_plus": 10.60460652591171, "pct_edu_none": 24.871742253232096, "pct_edu_secondary": 21.526780217525136, "pct_edu_college": 16.519597783706136, "pct_edu_university": 20.008208495793145, "pct_french": 39.3803178680366, "pct_owners": 35.557432432432435}}, {"arcs": [[[535, 536, -535, -532, 537]], [[538, 539, 540, 541, 542]]], "type": "MultiPolygon", "properties": {"CFSAUID": "H1S", "DGUID": "2021A0011H1S", "PRUID": "24", "PRNAME": "Quebec / Qu\u00e9bec", "LANDAREA": 4.7079, "Somme": 5425.0, "Nombre de donateurs": 71, "Moyenne": 76.40845070422536, "age_total": 26715.0, "median_income_hh": 10620.0, "pct_income_0_30k": 17.09039548022599, "pct_income_30_60k": 20.998116760828623, "pct_income_60_100k": 33.52165725047081, "pct_income_100k_plus": 23.16384180790961, "pct_age_15_24": 9.5826314804417, "pct_age_25_34": 10.892756878158336, "pct_age_35_44": 12.98895751450496, "pct_age_45_54": 13.063821822945911, "pct_age_55_64": 11.154781957701667, "pct_age_65_74": 8.871420550252667, "pct_age_75_plus": 14.897997379749205, "pct_edu_none": 22.31506512656673, "pct_edu_secondary": 21.012533792086508, "pct_edu_college": 16.293929712460063, "pct_edu_university": 23.298107643155568, "pct_french": 41.84532924961715, "pct_owners": 31.943793911007024}}, {"arcs": [[-530, 543, 544, 545, -538, -531, -527]], "type": "Polygon", "properties": {"CFSAUID": "H1T", "DGUID": "2021A0011H1T", "PRUID": "24", "PRNAME": "Quebec / Qu\u00e9bec", "LANDAREA": 4.1367, "Somme": 41248.33, "Nombre de donateurs": 452, "Moyenne": 91.25736725663717, "age_total": 31320.0, "median_income_hh": 15565.0, "pct_income_0_30k": 20.49469964664311, "pct_income_30_60k": 21.747510440089947, "pct_income_60_100k": 29.424991969161574, "pct_income_100k_plus": 23.674911660777383, "pct_age_15_24": 9.642401021711366, "pct_age_25_34": 13.553639846743296, "pct_age_35_44": 14.830779054916988, "pct_age_45_54": 12.180715197956578, "pct_age_55_64": 12.946998722860792, "pct_age_65_74": 10.79182630906769, "pct_age_75_plus": 10.26500638569604, "pct_edu_none": 15.717054263565892, "pct_edu_secondary": 18.468992248062012, "pct_edu_college": 16.531007751937985, "pct_edu_university": 32.286821705426355, "pct_french": 68.12227074235808, "pct_owners": 31.032258064516128}}, {"arcs": [[-529, 546, 547, 548, 549, -544]], "type": "Polygon", "properties": {"CFSAUID": "H1V", "DGUID": "2021A0011H1V", "PRUID": "24", "PRNAME": "Quebec / Qu\u00e9bec", "LANDAREA": 5.0314, "Somme": 25825.0, "Nombre de donateurs": 314, "Moyenne": 82.2452229299363, "age_total": 21910.0, "median_income_hh": 11830.0, "pct_income_0_30k": 22.27387996618766, "pct_income_30_60k": 19.568892645815723, "pct_income_60_100k": 29.67032967032967, "pct_income_100k_plus": 23.37278106508876, "pct_age_15_24": 9.310816978548608, "pct_age_25_34": 23.847558192606115, "pct_age_35_44": 19.169329073482427, "pct_age_45_54": 11.75262437243268, "pct_age_55_64": 11.022364217252395, "pct_age_65_74": 7.30260155180283, "pct_age_75_plus": 5.682336832496577, "pct_edu_none": 14.73996227431959, "pct_edu_secondary": 17.54244139046079, "pct_edu_college": 16.653193209377527, "pct_edu_university": 36.05497170573969, "pct_french": 83.13281434300542, "pct_owners": 31.53000845308538}}, {"arcs": [[550, 551, 552, 553, 554, -549]], "type": "Polygon", "properties": {"CFSAUID": "H1W", "DGUID": "2021A0011H1W", "PRUID": "24", "PRNAME": "Quebec / Qu\u00e9bec", "LANDAREA": 3.2347, "Somme": 27263.0, "Nombre de donateurs": 312, "Moyenne": 87.38141025641026, "age_total": 30005.0, "median_income_hh": 16600.0, "pct_income_0_30k": 21.1144578313253, "pct_income_30_60k": 22.048192771084334, "pct_income_60_100k": 31.626506024096383, "pct_income_100k_plus": 20.512048192771086, "pct_age_15_24": 10.198300283286118, "pct_age_25_34": 29.47842026328945, "pct_age_35_44": 18.48025329111815, "pct_age_45_54": 10.298283619396766, "pct_age_55_64": 9.831694717547077, "pct_age_65_74": 6.515580736543909, "pct_age_75_plus": 4.199300116647225, "pct_edu_none": 13.940092165898616, "pct_edu_secondary": 16.148233486943163, "pct_edu_college": 18.049155145929337, "pct_edu_university": 37.30798771121352, "pct_french": 82.93463611859838, "pct_owners": 24.58471760797342}}, {"arcs": [[555, 556, -545, -550, -555]], "type": "Polygon", "properties": {"CFSAUID": "H1X", "DGUID": "2021A0011H1X", "PRUID": "24", "PRNAME": "Quebec / Qu\u00e9bec", "LANDAREA": 2.7566, "Somme": 31286.0, "Nombre de donateurs": 357, "Moyenne": 87.63585434173669, "age_total": 30180.0, "median_income_hh": 15800.0, "pct_income_0_30k": 22.848101265822784, "pct_income_30_60k": 20.348101265822784, "pct_income_60_100k": 28.987341772151897, "pct_income_100k_plus": 23.25949367088608, "pct_age_15_24": 9.82438701126574, "pct_age_25_34": 17.18025182239894, "pct_age_35_44": 17.014579191517562, "pct_age_45_54": 12.524850894632204, "pct_age_55_64": 12.259774685222, "pct_age_65_74": 9.791252485089464, "pct_age_75_plus": 6.59377070907886, "pct_edu_none": 14.079207920792078, "pct_edu_secondary": 18.11881188118812, "pct_edu_college": 16.33663366336634, "pct_edu_university": 35.94059405940594, "pct_french": 76.08659450457952, "pct_owners": 30.253968253968257}}, {"arcs": [[-554, 557, 558, 559, 560, -556]], "type": "Polygon", "properties": {"CFSAUID": "H1Y", "DGUID": "2021A0011H1Y", "PRUID": "24", "PRNAME": "Quebec / Qu\u00e9bec", "LANDAREA": 2.6523, "Somme": 46463.71, "Nombre de donateurs": 531, "Moyenne": 87.50227871939737, "age_total": 29290.0, "median_income_hh": 15215.0, "pct_income_0_30k": 19.520210318764377, "pct_income_30_60k": 20.144594150509366, "pct_income_60_100k": 27.4071639829116, "pct_income_100k_plus": 28.097272428524484, "pct_age_15_24": 9.064527142369409, "pct_age_25_34": 17.599863434619323, "pct_age_35_44": 18.60703311710481, "pct_age_45_54": 12.307954933424377, "pct_age_55_64": 11.283714578354386, "pct_age_65_74": 8.330488221235917, "pct_age_75_plus": 8.006145442130421, "pct_edu_none": 11.893907998342312, "pct_edu_secondary": 15.395772896808952, "pct_edu_college": 16.307501036054703, "pct_edu_university": 42.43680066307501, "pct_french": 84.0499306518724, "pct_owners": 34.0953625081646}}, {"arcs": [[-537, 561, 562, 563, 564, -517, -534]], "type": "Polygon", "properties": {"CFSAUID": "H1Z", "DGUID": "2021A0011H1Z", "PRUID": "24", "PRNAME": "Quebec / Qu\u00e9bec", "LANDAREA": 6.9851, "Somme": 5065.0, "Nombre de donateurs": 54, "Moyenne": 93.79629629629628, "age_total": 36490.0, "median_income_hh": 14070.0, "pct_income_0_30k": 20.85998578535892, "pct_income_30_60k": 23.02771855010661, "pct_income_60_100k": 33.08457711442786, "pct_income_100k_plus": 17.48400852878465, "pct_age_15_24": 12.893943546177034, "pct_age_25_34": 13.68868183063853, "pct_age_35_44": 14.01753905179501, "pct_age_45_54": 12.893943546177034, "pct_age_55_64": 11.633324198410524, "pct_age_65_74": 7.4266922444505346, "pct_age_75_plus": 6.124965744039463, "pct_edu_none": 35.143658023826205, "pct_edu_secondary": 20.8479327259986, "pct_edu_college": 12.806587245970569, "pct_edu_university": 13.892782060266292, "pct_french": 44.95324532453245, "pct_owners": 26.3963002490217}}, {"arcs": [[-546, -557, -561, 565, -562, -536]], "type": "Polygon", "properties": {"CFSAUID": "H2A", "DGUID": "2021A0011H2A", "PRUID": "24", "PRNAME": "Quebec / Qu\u00e9bec", "LANDAREA": 2.1482, "Somme": 7680.0, "Nombre de donateurs": 84, "Moyenne": 91.42857142857144, "age_total": 19455.0, "median_income_hh": 8755.0, "pct_income_0_30k": 22.9583095374072, "pct_income_30_60k": 21.816105082809823, "pct_income_60_100k": 31.010850942318672, "pct_income_100k_plus": 19.41747572815534, "pct_age_15_24": 11.667951683371884, "pct_age_25_34": 16.16551015163197, "pct_age_35_44": 15.214597789771268, "pct_age_45_54": 12.901567720380363, "pct_age_55_64": 12.259059367771782, "pct_age_65_74": 8.147005911076842, "pct_age_75_plus": 7.42739655615523, "pct_edu_none": 22.845629262244262, "pct_edu_secondary": 19.80781153130812, "pct_edu_college": 15.437073775573465, "pct_edu_university": 25.759454432734035, "pct_french": 52.83752267426794, "pct_owners": 33.068633011911515}}, {"arcs": [[-565, 566, 567, 568, -513]], "type": "Polygon", "properties": {"CFSAUID": "H2B", "DGUID": "2021A0011H2B", "PRUID": "24", "PRNAME": "Quebec / Qu\u00e9bec", "LANDAREA": 2.5744, "Somme": 20142.0, "Nombre de donateurs": 215, "Moyenne": 93.68372093023255, "age_total": 18050.0, "median_income_hh": 8730.0, "pct_income_0_30k": 20.73310423825888, "pct_income_30_60k": 21.87857961053837, "pct_income_60_100k": 29.72508591065292, "pct_income_100k_plus": 22.79495990836197, "pct_age_15_24": 9.806094182825484, "pct_age_25_34": 13.213296398891966, "pct_age_35_44": 14.930747922437671, "pct_age_45_54": 13.601108033240996, "pct_age_55_64": 13.213296398891966, "pct_age_65_74": 9.806094182825484, "pct_age_75_plus": 8.310249307479225, "pct_edu_none": 16.7853509664293, "pct_edu_secondary": 18.61648016276704, "pct_edu_college": 17.361817565276365, "pct_edu_university": 31.095286537809425, "pct_french": 65.67454798331015, "pct_owners": 32.83582089552239}}, {"arcs": [[569, 570, 571, 572, -567]], "type": "Polygon", "properties": {"CFSAUID": "H2C", "DGUID": "2021A0011H2C", "PRUID": "24", "PRNAME": "Quebec / Qu\u00e9bec", "LANDAREA": 2.6704, "Somme": 36280.0, "Nombre de donateurs": 420, "Moyenne": 86.38095238095238, "age_total": 17975.0, "median_income_hh": 8500.0, "pct_income_0_30k": 18.88235294117647, "pct_income_30_60k": 18.235294117647054, "pct_income_60_100k": 28.47058823529412, "pct_income_100k_plus": 29.823529411764703, "pct_age_15_24": 9.652294853963838, "pct_age_25_34": 13.407510431154382, "pct_age_35_44": 14.325452016689846, "pct_age_45_54": 12.183588317107091, "pct_age_55_64": 12.600834492350488, "pct_age_65_74": 10.70931849791377, "pct_age_75_plus": 11.655076495132128, "pct_edu_none": 11.844863731656185, "pct_edu_secondary": 16.3172606568833, "pct_edu_college": 16.42208245981831, "pct_edu_university": 42.10342417889588, "pct_french": 78.79496928926586, "pct_owners": 38.0479251899474}}, {"arcs": [[573, 574, 575, 576, -563, -566, 577]], "type": "Polygon", "properties": {"CFSAUID": "H2E", "DGUID": "2021A0011H2E", "PRUID": "24", "PRNAME": "Quebec / Qu\u00e9bec", "LANDAREA": 1.915, "Somme": 12690.0, "Nombre de donateurs": 154, "Moyenne": 82.40259740259741, "age_total": 23505.0, "median_income_hh": 11755.0, "pct_income_0_30k": 21.437686091025096, "pct_income_30_60k": 23.13908974904296, "pct_income_60_100k": 30.45512547851978, "pct_income_100k_plus": 20.204168438962142, "pct_age_15_24": 12.082535630716867, "pct_age_25_34": 20.485003190810467, "pct_age_35_44": 15.847691980429696, "pct_age_45_54": 11.954903212082536, "pct_age_55_64": 11.423101467772817, "pct_age_65_74": 7.657945118059987, "pct_age_75_plus": 5.998723675813657, "pct_edu_none": 18.45504222553403, "pct_edu_secondary": 17.262791852955786, "pct_edu_college": 16.04570293094883, "pct_edu_university": 35.221063089915546, "pct_french": 64.7572402044293, "pct_owners": 26.42310960067969}}, {"arcs": [[578, -578, -560, 579, 580]], "type": "Polygon", "properties": {"CFSAUID": "H2G", "DGUID": "2021A0011H2G", "PRUID": "24", "PRNAME": "Quebec / Qu\u00e9bec", "LANDAREA": 2.0126, "Somme": 21176.0, "Nombre de donateurs": 235, "Moyenne": 90.11063829787234, "age_total": 22115.0, "median_income_hh": 12000.0, "pct_income_0_30k": 20.541666666666668, "pct_income_30_60k": 19.95833333333333, "pct_income_60_100k": 29.20833333333333, "pct_income_100k_plus": 25.791666666666668, "pct_age_15_24": 8.862762830657925, "pct_age_25_34": 24.236943251186972, "pct_age_35_44": 19.10468008139272, "pct_age_45_54": 11.485417137689351, "pct_age_55_64": 11.168889893737283, "pct_age_65_74": 7.347953877458738, "pct_age_75_plus": 4.815735925842189, "pct_edu_none": 10.079787234042554, "pct_edu_secondary": 14.893617021276595, "pct_edu_college": 16.70212765957447, "pct_edu_university": 45.66489361702128, "pct_french": 81.65680473372781, "pct_owners": 30.14950166112957}}, {"arcs": [[581, 582, -580, -559]], "type": "Polygon", "properties": {"CFSAUID": "H2H", "DGUID": "2021A0011H2H", "PRUID": "24", "PRNAME": "Quebec / Qu\u00e9bec", "LANDAREA": 1.1386, "Somme": 18875.0, "Nombre de donateurs": 211, "Moyenne": 89.45497630331754, "age_total": 14730.0, "median_income_hh": 7955.0, "pct_income_0_30k": 17.91326209930861, "pct_income_30_60k": 17.976115650534254, "pct_income_60_100k": 30.986800754242616, "pct_income_100k_plus": 28.032683846637337, "pct_age_15_24": 10.353021045485404, "pct_age_25_34": 27.93618465716225, "pct_age_35_44": 19.24643584521385, "pct_age_45_54": 11.269517990495586, "pct_age_55_64": 9.13102511880516, "pct_age_65_74": 5.668703326544467, "pct_age_75_plus": 3.5641547861507124, "pct_edu_none": 7.432703897147448, "pct_edu_secondary": 12.776215347529126, "pct_edu_college": 16.472478907191643, "pct_edu_university": 52.75210928083568, "pct_french": 81.8213296398892, "pct_owners": 28.544423440453688}}, {"arcs": [[583, 584, 585, -581, -583, 586, 587]], "type": "Polygon", "properties": {"CFSAUID": "H2J", "DGUID": "2021A0011H2J", "PRUID": "24", "PRNAME": "Quebec / Qu\u00e9bec", "LANDAREA": 1.9263, "Somme": 45673.26, "Nombre de donateurs": 488, "Moyenne": 93.59274590163936, "age_total": 27030.0, "median_income_hh": 14975.0, "pct_income_0_30k": 19.73288814691152, "pct_income_30_60k": 16.293823038397328, "pct_income_60_100k": 26.07679465776293, "pct_income_100k_plus": 33.15525876460768, "pct_age_15_24": 11.154273029966705, "pct_age_25_34": 28.079911209766927, "pct_age_35_44": 18.96041435442101, "pct_age_45_54": 11.524232334443212, "pct_age_55_64": 9.100998890122089, "pct_age_65_74": 6.437291897891232, "pct_age_75_plus": 2.737698853126156, "pct_edu_none": 5.144897102057959, "pct_edu_secondary": 12.011759764804705, "pct_edu_college": 13.334733305333891, "pct_edu_university": 61.21377572448551, "pct_french": 76.48693718732629, "pct_owners": 33.82157123834887}}, {"arcs": [[588, 589, -587, -582, -558, -553]], "type": "Polygon", "properties": {"CFSAUID": "H2K", "DGUID": "2021A0011H2K", "PRUID": "24", "PRNAME": "Quebec / Qu\u00e9bec", "LANDAREA": 3.5421, "Somme": 26391.92, "Nombre de donateurs": 319, "Moyenne": 82.73329153605015, "age_total": 29085.0, "median_income_hh": 16590.0, "pct_income_0_30k": 24.80409885473177, "pct_income_30_60k": 20.88607594936709, "pct_income_60_100k": 29.56600361663653, "pct_income_100k_plus": 19.92163954189271, "pct_age_15_24": 12.205604263365997, "pct_age_25_34": 28.898057417913016, "pct_age_35_44": 17.380092831356368, "pct_age_45_54": 10.520887055183085, "pct_age_55_64": 10.50369606326285, "pct_age_65_74": 6.859205776173286, "pct_age_75_plus": 4.074265085095409, "pct_edu_none": 12.331924702266615, "pct_edu_secondary": 16.231271609681137, "pct_edu_college": 16.44256626968882, "pct_edu_university": 42.451018056089126, "pct_french": 72.99497661527802, "pct_owners": 24.07239819004525}}, {"arcs": [[590, 591, 592, 593, -588, -590]], "type": "Polygon", "properties": {"CFSAUID": "H2L", "DGUID": "2021A0011H2L", "PRUID": "24", "PRNAME": "Quebec / Qu\u00e9bec", "LANDAREA": 2.4144, "Somme": 48170.0, "Nombre de donateurs": 517, "Moyenne": 93.17214700193423, "age_total": 27055.0, "median_income_hh": 15490.0, "pct_income_0_30k": 25.887669464170436, "pct_income_30_60k": 18.592640413169786, "pct_income_60_100k": 25.08069722401549, "pct_income_100k_plus": 26.016785022595226, "pct_age_15_24": 11.439659951949732, "pct_age_25_34": 27.11143965995195, "pct_age_35_44": 15.91203104786546, "pct_age_45_54": 10.700425060062834, "pct_age_55_64": 11.439659951949732, "pct_age_65_74": 9.332840510072076, "pct_age_75_plus": 6.505267048604694, "pct_edu_none": 7.776376628835645, "pct_edu_secondary": 13.976460697772172, "pct_edu_college": 15.279529213955442, "pct_edu_university": 52.60613703236654, "pct_french": 67.40506329113924, "pct_owners": 28.277634961439592}}, {"arcs": [[-577, 594, 595, 596, -570, -564]], "type": "Polygon", "properties": {"CFSAUID": "H2M", "DGUID": "2021A0011H2M", "PRUID": "24", "PRNAME": "Quebec / Qu\u00e9bec", "LANDAREA": 3.3748, "Somme": 38682.0, "Nombre de donateurs": 416, "Moyenne": 92.98557692307692, "age_total": 18465.0, "median_income_hh": 8940.0, "pct_income_0_30k": 15.156599552572708, "pct_income_30_60k": 17.841163310961967, "pct_income_60_100k": 30.369127516778523, "pct_income_100k_plus": 30.87248322147651, "pct_age_15_24": 10.804224207961008, "pct_age_25_34": 16.517736257785, "pct_age_35_44": 14.270240996479828, "pct_age_45_54": 11.210398050365557, "pct_age_55_64": 12.374763065258596, "pct_age_65_74": 11.291632818846466, "pct_age_75_plus": 9.694015705388573, "pct_edu_none": 12.224778179428196, "pct_edu_secondary": 17.581334209661517, "pct_edu_college": 17.219848833388106, "pct_edu_university": 38.5146237265856, "pct_french": 73.93854748603353, "pct_owners": 40.54963544587773}}, {"arcs": [[597, 598, 599, -596]], "type": "Polygon", "properties": {"CFSAUID": "H2N", "DGUID": "2021A0011H2N", "PRUID": "24", "PRNAME": "Quebec / Qu\u00e9bec", "LANDAREA": 1.13, "Somme": 2315.0, "Nombre de donateurs": 26, "Moyenne": 89.03846153846153, "age_total": 6440.0, "median_income_hh": 2745.0, "pct_income_0_30k": 17.66848816029144, "pct_income_30_60k": 20.76502732240437, "pct_income_60_100k": 31.51183970856102, "pct_income_100k_plus": 24.225865209471767, "pct_age_15_24": 11.72360248447205, "pct_age_25_34": 15.527950310559005, "pct_age_35_44": 14.98447204968944, "pct_age_45_54": 12.655279503105591, "pct_age_55_64": 12.732919254658384, "pct_age_65_74": 7.375776397515528, "pct_age_75_plus": 8.074534161490684, "pct_edu_none": 24.41968430826369, "pct_edu_secondary": 22.934076137418757, "pct_edu_college": 16.06313834726091, "pct_edu_university": 23.95543175487465, "pct_french": 35.14352211016292, "pct_owners": 40.21739130434783}}, {"arcs": [[-598, -595, -576, 600, 601]], "type": "Polygon", "properties": {"CFSAUID": "H2P", "DGUID": "2021A0011H2P", "PRUID": "24", "PRNAME": "Quebec / Qu\u00e9bec", "LANDAREA": 1.6857, "Somme": 11805.0, "Nombre de donateurs": 112, "Moyenne": 105.40178571428572, "age_total": 14385.0, "median_income_hh": 7470.0, "pct_income_0_30k": 16.532797858099062, "pct_income_30_60k": 17.737617135207497, "pct_income_60_100k": 30.72289156626506, "pct_income_100k_plus": 29.852744310575638, "pct_age_15_24": 10.114702815432745, "pct_age_25_34": 26.277372262773724, "pct_age_35_44": 18.52624261383385, "pct_age_45_54": 10.775112964893989, "pct_age_55_64": 9.975669099756692, "pct_age_65_74": 6.534584636774418, "pct_age_75_plus": 4.066736183524505, "pct_edu_none": 10.093610093610094, "pct_edu_secondary": 14.57061457061457, "pct_edu_college": 14.977614977614978, "pct_edu_university": 48.84004884004884, "pct_french": 76.08620090371915, "pct_owners": 32.21250840618695}}, {"arcs": [[602, 603, -601, -575]], "type": "Polygon", "properties": {"CFSAUID": "H2R", "DGUID": "2021A0011H2R", "PRUID": "24", "PRNAME": "Quebec / Qu\u00e9bec", "LANDAREA": 2.1826, "Somme": 23660.0, "Nombre de donateurs": 226, "Moyenne": 104.69026548672566, "age_total": 22985.0, "median_income_hh": 12460.0, "pct_income_0_30k": 18.980738362760835, "pct_income_30_60k": 18.01765650080257, "pct_income_60_100k": 28.892455858747997, "pct_income_100k_plus": 29.052969502407706, "pct_age_15_24": 8.766586904502937, "pct_age_25_34": 27.34391994779204, "pct_age_35_44": 18.968892756145312, "pct_age_45_54": 10.593865564498586, "pct_age_55_64": 9.440939743310857, "pct_age_65_74": 7.222101370458995, "pct_age_75_plus": 5.155536219273439, "pct_edu_none": 10.39255158530448, "pct_edu_secondary": 11.499748364368395, "pct_edu_college": 14.066431806743834, "pct_edu_university": 53.92551585304479, "pct_french": 75.02728661864222, "pct_owners": 32.06938281565147}}, {"arcs": [[-586, 604, 605, 606, -603, -574, -579]], "type": "Polygon", "properties": {"CFSAUID": "H2S", "DGUID": "2021A0011H2S", "PRUID": "24", "PRNAME": "Quebec / Qu\u00e9bec", "LANDAREA": 2.5422, "Somme": 25089.99, "Nombre de donateurs": 259, "Moyenne": 96.87254826254826, "age_total": 27215.0, "median_income_hh": 15060.0, "pct_income_0_30k": 19.18990703851261, "pct_income_30_60k": 18.29349269588313, "pct_income_60_100k": 28.28685258964144, "pct_income_100k_plus": 29.316069057104915, "pct_age_15_24": 8.598199522322249, "pct_age_25_34": 29.85485945250781, "pct_age_35_44": 20.30130442770531, "pct_age_45_54": 10.674260518096638, "pct_age_55_64": 8.543082858717618, "pct_age_65_74": 6.430277420540144, "pct_age_75_plus": 4.133749770347235, "pct_edu_none": 8.20675105485232, "pct_edu_secondary": 11.856540084388186, "pct_edu_college": 14.59915611814346, "pct_edu_university": 56.07594936708861, "pct_french": 74.87493051695387, "pct_owners": 30.1128818061089}}, {"arcs": [[607, -605, -585, 608]], "type": "Polygon", "properties": {"CFSAUID": "H2T", "DGUID": "2021A0011H2T", "PRUID": "24", "PRNAME": "Quebec / Qu\u00e9bec", "LANDAREA": 1.3553, "Somme": 20070.4, "Nombre de donateurs": 228, "Moyenne": 88.0280701754386, "age_total": 16300.0, "median_income_hh": 8455.0, "pct_income_0_30k": 20.63867534003548, "pct_income_30_60k": 16.20342992312241, "pct_income_60_100k": 26.78888231815494, "pct_income_100k_plus": 31.105854523950327, "pct_age_15_24": 12.423312883435583, "pct_age_25_34": 23.83435582822086, "pct_age_35_44": 17.36196319018405, "pct_age_45_54": 11.411042944785276, "pct_age_55_64": 9.969325153374232, "pct_age_65_74": 7.791411042944785, "pct_age_75_plus": 5.214723926380368, "pct_edu_none": 9.49740034662045, "pct_edu_secondary": 13.864818024263432, "pct_edu_college": 13.032928942807626, "pct_edu_university": 55.875216637781634, "pct_french": 56.75260896255372, "pct_owners": 32.263710618436406}}, {"arcs": [[609, 610, 611, 612, 613, 614, 615, -606, -608]], "type": "Polygon", "properties": {"CFSAUID": "H2V", "DGUID": "2021A0011H2V", "PRUID": "24", "PRNAME": "Quebec / Qu\u00e9bec", "LANDAREA": 4.4083, "Somme": 46093.0, "Nombre de donateurs": 475, "Moyenne": 97.0378947368421, "age_total": 31995.0, "median_income_hh": 12685.0, "pct_income_0_30k": 12.968072526606228, "pct_income_30_60k": 13.125739061884117, "pct_income_60_100k": 23.847063460780447, "pct_income_100k_plus": 45.09262908947576, "pct_age_15_24": 14.486638537271448, "pct_age_25_34": 13.939678074699172, "pct_age_35_44": 12.29879668698234, "pct_age_45_54": 11.12673855289889, "pct_age_55_64": 9.188935771214252, "pct_age_65_74": 8.220034380371933, "pct_age_75_plus": 8.204406938584153, "pct_edu_none": 10.584018553658025, "pct_edu_secondary": 16.424204090238245, "pct_edu_college": 12.924309508749737, "pct_edu_university": 53.63693864642632, "pct_french": 48.56642242752469, "pct_owners": 47.46709214200239}}, {"arcs": [[616, -610, -609, -584, -594, 617]], "type": "Polygon", "properties": {"CFSAUID": "H2W", "DGUID": "2021A0011H2W", "PRUID": "24", "PRNAME": "Quebec / Qu\u00e9bec", "LANDAREA": 0.9836, "Somme": 6475.0, "Nombre de donateurs": 75, "Moyenne": 86.33333333333333, "age_total": 11510.0, "median_income_hh": 6110.0, "pct_income_0_30k": 27.33224222585925, "pct_income_30_60k": 17.430441898527004, "pct_income_60_100k": 24.386252045826517, "pct_income_100k_plus": 26.595744680851062, "pct_age_15_24": 22.19808861859253, "pct_age_25_34": 24.19635099913119, "pct_age_35_44": 14.422241529105126, "pct_age_45_54": 10.4257167680278, "pct_age_55_64": 9.38314509122502, "pct_age_65_74": 6.125108601216334, "pct_age_75_plus": 4.952215464813206, "pct_edu_none": 7.848837209302325, "pct_edu_secondary": 18.120155038759687, "pct_edu_college": 14.098837209302326, "pct_edu_university": 52.56782945736435, "pct_french": 50.912250217202434, "pct_owners": 30.295566502463057}}, {"arcs": [[618, 619, 620, -618, -593, 621]], "type": "Polygon", "properties": {"CFSAUID": "H2X", "DGUID": "2021A0011H2X", "PRUID": "24", "PRNAME": "Quebec / Qu\u00e9bec", "LANDAREA": 1.565, "Somme": 25624.29, "Nombre de donateurs": 243, "Moyenne": 105.44975308641976, "age_total": 21545.0, "median_income_hh": 12845.0, "pct_income_0_30k": 38.108213312572985, "pct_income_30_60k": 19.85208252238225, "pct_income_60_100k": 22.460101206695214, "pct_income_100k_plus": 16.58232775398988, "pct_age_15_24": 23.7410071942446, "pct_age_25_34": 26.40983987003945, "pct_age_35_44": 12.137386864701789, "pct_age_45_54": 8.261777674634487, "pct_age_55_64": 9.538175910884195, "pct_age_65_74": 8.122534230679971, "pct_age_75_plus": 6.8925504757484335, "pct_edu_none": 6.756756756756757, "pct_edu_secondary": 20.482246952835187, "pct_edu_college": 10.75781664016958, "pct_edu_university": 55.43190249072602, "pct_french": 37.78846153846154, "pct_owners": 17.045454545454543}}, {"arcs": [[622, 623, -622, -592]], "type": "Polygon", "properties": {"CFSAUID": "H2Y", "DGUID": "2021A0011H2Y", "PRUID": "24", "PRNAME": "Quebec / Qu\u00e9bec", "LANDAREA": 0.5104, "Somme": 9255.0, "Nombre de donateurs": 92, "Moyenne": 100.59782608695652, "age_total": 3725.0, "median_income_hh": 2265.0, "pct_income_0_30k": 17.880794701986755, "pct_income_30_60k": 11.258278145695364, "pct_income_60_100k": 21.63355408388521, "pct_income_100k_plus": 45.033112582781456, "pct_age_15_24": 6.577181208053691, "pct_age_25_34": 20.671140939597315, "pct_age_35_44": 16.375838926174495, "pct_age_45_54": 14.630872483221475, "pct_age_55_64": 16.241610738255034, "pct_age_65_74": 11.543624161073826, "pct_age_75_plus": 7.919463087248323, "pct_edu_none": 3.74251497005988, "pct_edu_secondary": 13.77245508982036, "pct_edu_college": 13.77245508982036, "pct_edu_university": 59.73053892215569, "pct_french": 49.93160054719562, "pct_owners": 51.598173515981735}}, {"arcs": [[624, -619, -624, 625]], "type": "Polygon", "properties": {"CFSAUID": "H2Z", "DGUID": "2021A0011H2Z", "PRUID": "24", "PRNAME": "Quebec / Qu\u00e9bec", "LANDAREA": 0.5174, "Somme": 2745.0, "Nombre de donateurs": 25, "Moyenne": 109.8, "age_total": 3755.0, "median_income_hh": 2345.0, "pct_income_0_30k": 29.850746268656717, "pct_income_30_60k": 14.712153518123666, "pct_income_60_100k": 20.042643923240934, "pct_income_100k_plus": 31.556503198294244, "pct_age_15_24": 12.250332889480692, "pct_age_25_34": 31.29161118508655, "pct_age_35_44": 14.780292942743008, "pct_age_45_54": 9.454061251664449, "pct_age_55_64": 10.386151797603196, "pct_age_65_74": 8.255659121171771, "pct_age_75_plus": 8.788282290279627, "pct_edu_none": 9.601181683899556, "pct_edu_secondary": 12.703101920236335, "pct_edu_college": 10.487444608567207, "pct_edu_university": 61.15214180206795, "pct_french": 36.265223274695536, "pct_owners": 16.877637130801688}}, {"arcs": [[626, 627, -620, 628]], "type": "Polygon", "properties": {"CFSAUID": "H3A", "DGUID": "2021A0011H3A", "PRUID": "24", "PRNAME": "Quebec / Qu\u00e9bec", "LANDAREA": 0.5669, "Somme": 625.0, "Nombre de donateurs": 5, "Moyenne": 125.0, "age_total": 4360.0, "median_income_hh": 2680.0, "pct_income_0_30k": 44.96268656716418, "pct_income_30_60k": 14.17910447761194, "pct_income_60_100k": 18.09701492537313, "pct_income_100k_plus": 19.776119402985078, "pct_age_15_24": 31.30733944954128, "pct_age_25_34": 26.605504587155966, "pct_age_35_44": 9.977064220183486, "pct_age_45_54": 6.192660550458716, "pct_age_55_64": 7.568807339449542, "pct_age_65_74": 5.963302752293578, "pct_age_75_plus": 5.848623853211009, "pct_edu_none": 2.9629629629629632, "pct_edu_secondary": 21.48148148148148, "pct_edu_college": 10.37037037037037, "pct_edu_university": 60.98765432098765, "pct_french": 21.788990825688074, "pct_owners": 27.011494252873565}}, {"arcs": [[629, -629, -625, 630]], "type": "Polygon", "properties": {"CFSAUID": "H3B", "DGUID": "2021A0011H3B", "PRUID": "24", "PRNAME": "Quebec / Qu\u00e9bec", "LANDAREA": 0.3691, "Somme": 700.0, "Nombre de donateurs": 7, "Moyenne": 100.0, "age_total": 1900.0, "median_income_hh": 1135.0, "pct_income_0_30k": 37.44493392070485, "pct_income_30_60k": 13.656387665198238, "pct_income_60_100k": 19.823788546255507, "pct_income_100k_plus": 26.431718061674008, "pct_age_15_24": 23.684210526315788, "pct_age_25_34": 32.10526315789474, "pct_age_35_44": 15.0, "pct_age_45_54": 8.947368421052632, "pct_age_55_64": 8.157894736842106, "pct_age_65_74": 3.684210526315789, "pct_age_75_plus": 1.3157894736842104, "pct_edu_none": 4.037267080745342, "pct_edu_secondary": 19.25465838509317, "pct_edu_college": 12.732919254658384, "pct_edu_university": 58.38509316770186, "pct_french": 24.47368421052632, "pct_owners": 49.2822966507177}}, {"arcs": [[631, 632, 633, 634, -631, -626, -623, -591, -589, -552, 635]], "type": "Polygon", "properties": {"CFSAUID": "H3C", "DGUID": "2021A0011H3C", "PRUID": "24", "PRNAME": "Quebec / Qu\u00e9bec", "LANDAREA": 4.7286, "Somme": 12915.0, "Nombre de donateurs": 121, "Moyenne": 106.73553719008264, "age_total": 18585.0, "median_income_hh": 11180.0, "pct_income_0_30k": 16.413237924865832, "pct_income_30_60k": 11.31484794275492, "pct_income_60_100k": 26.11806797853309, "pct_income_100k_plus": 40.742397137745975, "pct_age_15_24": 11.272531611514662, "pct_age_25_34": 36.40032284100081, "pct_age_35_44": 19.504977132095775, "pct_age_45_54": 9.416195856873824, "pct_age_55_64": 8.635996771589992, "pct_age_65_74": 4.950228679042239, "pct_age_75_plus": 2.0984665052461664, "pct_edu_none": 3.0534351145038165, "pct_edu_secondary": 9.893129770992369, "pct_edu_college": 12.97709923664122, "pct_edu_university": 67.41984732824427, "pct_french": 43.12617702448211, "pct_owners": 45.925258892390815}}, {"arcs": [[636, 637, 638, 639, 640]], "type": "Polygon", "properties": {"CFSAUID": "H3E", "DGUID": "2021A0011H3E", "PRUID": "24", "PRNAME": "Quebec / Qu\u00e9bec", "LANDAREA": 3.7081, "Somme": 27487.0, "Nombre de donateurs": 267, "Moyenne": 102.94756554307116, "age_total": 21565.0, "median_income_hh": 10285.0, "pct_income_0_30k": 11.570247933884298, "pct_income_30_60k": 12.542537676227516, "pct_income_60_100k": 24.210014584346133, "pct_income_100k_plus": 46.86436558094312, "pct_age_15_24": 7.558543936934849, "pct_age_25_34": 10.062601437514491, "pct_age_35_44": 15.233016461859494, "pct_age_45_54": 13.749130535590076, "pct_age_55_64": 13.749130535590076, "pct_age_65_74": 13.5636447948064, "pct_age_75_plus": 11.175515882216557, "pct_edu_none": 5.490196078431373, "pct_edu_secondary": 12.212885154061624, "pct_edu_college": 15.23809523809524, "pct_edu_university": 58.123249299719895, "pct_french": 49.60187353629977, "pct_owners": 57.518248175182485}}, {"arcs": [[-630, -635, 641, 642, -627]], "type": "Polygon", "properties": {"CFSAUID": "H3G", "DGUID": "2021A0011H3G", "PRUID": "24", "PRNAME": "Quebec / Qu\u00e9bec", "LANDAREA": 0.8859, "Somme": 2931.0, "Nombre de donateurs": 29, "Moyenne": 101.06896551724138, "age_total": 11425.0, "median_income_hh": 6875.0, "pct_income_0_30k": 36.0, "pct_income_30_60k": 14.61818181818182, "pct_income_60_100k": 20.727272727272727, "pct_income_100k_plus": 25.527272727272727, "pct_age_15_24": 23.54485776805252, "pct_age_25_34": 26.17067833698031, "pct_age_35_44": 10.678336980306344, "pct_age_45_54": 7.702407002188185, "pct_age_55_64": 8.752735229759299, "pct_age_65_74": 8.49015317286652, "pct_age_75_plus": 8.446389496717725, "pct_edu_none": 3.3444816053511706, "pct_edu_secondary": 17.630195891065455, "pct_edu_college": 11.466794075489728, "pct_edu_university": 61.63401815575729, "pct_french": 21.13785557986871, "pct_owners": 32.35294117647059}}, {"arcs": [[-628, -643, 643, 644, 645, 646, -611, -617, -621]], "type": "Polygon", "properties": {"CFSAUID": "H3H", "DGUID": "2021A0011H3H", "PRUID": "24", "PRNAME": "Quebec / Qu\u00e9bec", "LANDAREA": 3.7198, "Somme": 4699.0, "Nombre de donateurs": 51, "Moyenne": 92.1372549019608, "age_total": 20690.0, "median_income_hh": 12345.0, "pct_income_0_30k": 38.517618469015794, "pct_income_30_60k": 20.008100445524505, "pct_income_60_100k": 23.248278655326043, "pct_income_100k_plus": 15.309842041312272, "pct_age_15_24": 22.1846302561624, "pct_age_25_34": 32.334461092315124, "pct_age_35_44": 12.614789753504107, "pct_age_45_54": 7.032382793620107, "pct_age_55_64": 6.114064765587241, "pct_age_65_74": 7.008216529724505, "pct_age_75_plus": 6.52489125181247, "pct_edu_none": 4.491786447638604, "pct_edu_secondary": 18.17248459958932, "pct_edu_college": 13.193018480492814, "pct_edu_university": 57.82854209445585, "pct_french": 17.61143410852713, "pct_owners": 14.722222222222223}}, {"arcs": [[647, 648, -644, -642, -634, 649]], "type": "Polygon", "properties": {"CFSAUID": "H3J", "DGUID": "2021A0011H3J", "PRUID": "24", "PRNAME": "Quebec / Qu\u00e9bec", "LANDAREA": 1.1, "Somme": 4205.0, "Nombre de donateurs": 41, "Moyenne": 102.5609756097561, "age_total": 11915.0, "median_income_hh": 5625.0, "pct_income_0_30k": 22.933333333333334, "pct_income_30_60k": 14.57777777777778, "pct_income_60_100k": 24.444444444444443, "pct_income_100k_plus": 33.24444444444444, "pct_age_15_24": 11.540075535039866, "pct_age_25_34": 19.051615610574903, "pct_age_35_44": 15.02308015107008, "pct_age_45_54": 11.246328157784305, "pct_age_55_64": 13.134704154427194, "pct_age_65_74": 8.854385228703315, "pct_age_75_plus": 6.294586655476291, "pct_edu_none": 14.609571788413096, "pct_edu_secondary": 18.53904282115869, "pct_edu_college": 13.753148614609572, "pct_edu_university": 43.5264483627204, "pct_french": 39.92197659297789, "pct_owners": 36.19631901840491}}, {"arcs": [[650, -640, 651, 652, -650, -633, 653, 654, 655]], "type": "Polygon", "properties": {"CFSAUID": "H3K", "DGUID": "2021A0011H3K", "PRUID": "24", "PRNAME": "Quebec / Qu\u00e9bec", "LANDAREA": 4.4367, "Somme": 6210.0, "Nombre de donateurs": 65, "Moyenne": 95.53846153846152, "age_total": 15275.0, "median_income_hh": 7835.0, "pct_income_0_30k": 22.08040842373963, "pct_income_30_60k": 17.03892788768347, "pct_income_60_100k": 25.845564773452452, "pct_income_100k_plus": 30.50414805360562, "pct_age_15_24": 8.739770867430442, "pct_age_25_34": 23.109656301145662, "pct_age_35_44": 17.97054009819967, "pct_age_45_54": 11.653027823240588, "pct_age_55_64": 11.88216039279869, "pct_age_65_74": 7.855973813420622, "pct_age_75_plus": 4.091653027823241, "pct_edu_none": 17.17408274785324, "pct_edu_secondary": 16.354410616705696, "pct_edu_college": 13.427010148321624, "pct_edu_university": 42.62295081967213, "pct_french": 52.84391534391535, "pct_owners": 34.480560866794136}}, {"arcs": [[-597, -600, 656, 657, 658, -571]], "type": "Polygon", "properties": {"CFSAUID": "H3L", "DGUID": "2021A0011H3L", "PRUID": "24", "PRNAME": "Quebec / Qu\u00e9bec", "LANDAREA": 3.6271, "Somme": 47052.33, "Nombre de donateurs": 501, "Moyenne": 93.9168263473054, "age_total": 20995.0, "median_income_hh": 9860.0, "pct_income_0_30k": 19.421906693711968, "pct_income_30_60k": 18.711967545638945, "pct_income_60_100k": 26.97768762677485, "pct_income_100k_plus": 30.324543610547668, "pct_age_15_24": 10.8359133126935, "pct_age_25_34": 16.146701595618005, "pct_age_35_44": 16.00381043105501, "pct_age_45_54": 12.431531316980234, "pct_age_55_64": 12.836389616575374, "pct_age_65_74": 9.025958561562277, "pct_age_75_plus": 6.406287211240771, "pct_edu_none": 11.75768427335124, "pct_edu_secondary": 14.831393613846611, "pct_edu_college": 15.21933751119069, "pct_edu_university": 45.80722172485825, "pct_french": 71.79930795847751, "pct_owners": 35.876705406771094}}, {"arcs": [[659, 660, 661, -658]], "type": "Polygon", "properties": {"CFSAUID": "H3M", "DGUID": "2021A0011H3M", "PRUID": "24", "PRNAME": "Quebec / Qu\u00e9bec", "LANDAREA": 2.8339, "Somme": 12470.0, "Nombre de donateurs": 133, "Moyenne": 93.7593984962406, "age_total": 15840.0, "median_income_hh": 6450.0, "pct_income_0_30k": 19.147286821705425, "pct_income_30_60k": 19.302325581395348, "pct_income_60_100k": 27.2093023255814, "pct_income_100k_plus": 29.224806201550383, "pct_age_15_24": 11.237373737373735, "pct_age_25_34": 9.943181818181818, "pct_age_35_44": 12.468434343434344, "pct_age_45_54": 13.88888888888889, "pct_age_55_64": 12.5, "pct_age_65_74": 9.595959595959595, "pct_age_75_plus": 14.52020202020202, "pct_edu_none": 20.831683168316832, "pct_edu_secondary": 20.95049504950495, "pct_edu_college": 15.564356435643564, "pct_edu_university": 29.74257425742574, "pct_french": 36.4390555201021, "pct_owners": 44.92979719188768}}, {"arcs": [[662, 663, -602, -604, -607, -616]], "type": "Polygon", "properties": {"CFSAUID": "H3N", "DGUID": "2021A0011H3N", "PRUID": "24", "PRNAME": "Quebec / Qu\u00e9bec", "LANDAREA": 1.6611, "Somme": 3595.0, "Nombre de donateurs": 43, "Moyenne": 83.6046511627907, "age_total": 29080.0, "median_income_hh": 12310.0, "pct_income_0_30k": 27.09179528838343, "pct_income_30_60k": 24.898456539398865, "pct_income_60_100k": 30.54427294882209, "pct_income_100k_plus": 13.119415109666935, "pct_age_15_24": 13.531636863823934, "pct_age_25_34": 17.606602475928472, "pct_age_35_44": 15.440165061898211, "pct_age_45_54": 12.20770288858322, "pct_age_55_64": 10.247592847317744, "pct_age_65_74": 7.582530949105914, "pct_age_75_plus": 7.548143053645116, "pct_edu_none": 32.30800990916598, "pct_edu_secondary": 25.598678777869527, "pct_edu_college": 11.705202312138727, "pct_edu_university": 21.84145334434352, "pct_french": 17.412250516173433, "pct_owners": 19.93503857084856}}, {"arcs": [[-615, 664, 665, 666, -663]], "type": "Polygon", "properties": {"CFSAUID": "H3P", "DGUID": "2021A0011H3P", "PRUID": "24", "PRNAME": "Quebec / Qu\u00e9bec", "LANDAREA": 2.7467, "Somme": 8740.0, "Nombre de donateurs": 80, "Moyenne": 109.25, "age_total": 10175.0, "median_income_hh": 3700.0, "pct_income_0_30k": 10.0, "pct_income_30_60k": 8.378378378378379, "pct_income_60_100k": 16.756756756756758, "pct_income_100k_plus": 60.810810810810814, "pct_age_15_24": 13.267813267813269, "pct_age_25_34": 7.076167076167077, "pct_age_35_44": 12.48157248157248, "pct_age_45_54": 14.791154791154792, "pct_age_55_64": 12.432432432432432, "pct_age_65_74": 9.680589680589682, "pct_age_75_plus": 10.515970515970515, "pct_edu_none": 7.318573185731856, "pct_edu_secondary": 13.591635916359165, "pct_edu_college": 11.808118081180812, "pct_edu_university": 60.332103321033216, "pct_french": 47.581047381546135, "pct_owners": 66.80053547523427}}, {"arcs": [[667, 668, 669, 670, -666]], "type": "Polygon", "properties": {"CFSAUID": "H3R", "DGUID": "2021A0011H3R", "PRUID": "24", "PRNAME": "Quebec / Qu\u00e9bec", "LANDAREA": 2.6791, "Somme": 2860.0, "Nombre de donateurs": 28, "Moyenne": 102.14285714285714, "age_total": 10110.0, "median_income_hh": 3595.0, "pct_income_0_30k": 10.70931849791377, "pct_income_30_60k": 9.735744089012517, "pct_income_60_100k": 18.35883171070932, "pct_income_100k_plus": 57.02364394993046, "pct_age_15_24": 13.798219584569733, "pct_age_25_34": 6.132542037586548, "pct_age_35_44": 12.80909990108803, "pct_age_45_54": 14.540059347181009, "pct_age_55_64": 11.968348170128586, "pct_age_65_74": 8.852621167161226, "pct_age_75_plus": 11.9188921859545, "pct_edu_none": 8.588158750813273, "pct_edu_secondary": 12.556929082628496, "pct_edu_college": 12.752114508783343, "pct_edu_university": 59.4014313597918, "pct_french": 42.49871991807476, "pct_owners": 62.58790436005626}}, {"arcs": [[-614, 671, 672, -668, -665]], "type": "Polygon", "properties": {"CFSAUID": "H3S", "DGUID": "2021A0011H3S", "PRUID": "24", "PRNAME": "Quebec / Qu\u00e9bec", "LANDAREA": 2.8468, "Somme": 9360.0, "Nombre de donateurs": 105, "Moyenne": 89.14285714285714, "age_total": 33620.0, "median_income_hh": 14795.0, "pct_income_0_30k": 24.19736397431565, "pct_income_30_60k": 21.52754308888138, "pct_income_60_100k": 28.928692125718147, "pct_income_100k_plus": 20.58127745860088, "pct_age_15_24": 16.061867935752527, "pct_age_25_34": 17.162403331350387, "pct_age_35_44": 14.678762641284948, "pct_age_45_54": 11.451516954193933, "pct_age_55_64": 9.830458060678168, "pct_age_65_74": 7.004759071980963, "pct_age_75_plus": 6.469363474122545, "pct_edu_none": 12.93795620437956, "pct_edu_secondary": 20.52919708029197, "pct_edu_college": 14.434306569343066, "pct_edu_university": 41.64233576642336, "pct_french": 31.398653702318622, "pct_owners": 17.854718262050238}}, {"arcs": [[673, 674, -672, -613]], "type": "Polygon", "properties": {"CFSAUID": "H3T", "DGUID": "2021A0011H3T", "PRUID": "24", "PRNAME": "Quebec / Qu\u00e9bec", "LANDAREA": 1.5744, "Somme": 13180.0, "Nombre de donateurs": 137, "Moyenne": 96.2043795620438, "age_total": 13010.0, "median_income_hh": 6510.0, "pct_income_0_30k": 32.104454685099846, "pct_income_30_60k": 20.27649769585253, "pct_income_60_100k": 24.65437788018433, "pct_income_100k_plus": 19.431643625192013, "pct_age_15_24": 25.55726364335127, "pct_age_25_34": 21.406610299769408, "pct_age_35_44": 11.913912375096078, "pct_age_45_54": 8.608762490392007, "pct_age_55_64": 7.840122982321292, "pct_age_65_74": 6.879323597232897, "pct_age_75_plus": 7.455803228285935, "pct_edu_none": 5.3064958828911255, "pct_edu_secondary": 14.45562671546203, "pct_edu_college": 16.37694419030192, "pct_edu_university": 55.94693504117109, "pct_french": 56.28220372572335, "pct_owners": 15.247678018575852}}, {"arcs": [[-612, -647, 675, 676, -674]], "type": "Polygon", "properties": {"CFSAUID": "H3V", "DGUID": "2021A0011H3V", "PRUID": "24", "PRNAME": "Quebec / Qu\u00e9bec", "LANDAREA": 1.7925, "Somme": 6855.0, "Nombre de donateurs": 68, "Moyenne": 100.80882352941175, "age_total": 6735.0, "median_income_hh": 4010.0, "pct_income_0_30k": 28.05486284289277, "pct_income_30_60k": 21.94513715710723, "pct_income_60_100k": 30.174563591022448, "pct_income_100k_plus": 16.33416458852868, "pct_age_15_24": 16.70378619153675, "pct_age_25_34": 22.271714922049, "pct_age_35_44": 14.179658500371197, "pct_age_45_54": 8.760207869339272, "pct_age_55_64": 9.131403118040089, "pct_age_65_74": 8.68596881959911, "pct_age_75_plus": 12.323682256867112, "pct_edu_none": 5.117790414297319, "pct_edu_secondary": 13.403736799350122, "pct_edu_college": 14.703493095044678, "pct_edu_university": 58.57026807473599, "pct_french": 44.98886414253897, "pct_owners": 9.363295880149812}}, {"arcs": [[-677, 677, 678, 679, -543, 680, -669, -673, -675]], "type": "Polygon", "properties": {"CFSAUID": "H3W", "DGUID": "2021A0011H3W", "PRUID": "24", "PRNAME": "Quebec / Qu\u00e9bec", "LANDAREA": 2.9969, "Somme": 6500.0, "Nombre de donateurs": 72, "Moyenne": 90.27777777777776, "age_total": 30765.0, "median_income_hh": 12705.0, "pct_income_0_30k": 21.605667060212514, "pct_income_30_60k": 18.732782369146005, "pct_income_60_100k": 30.85399449035813, "pct_income_100k_plus": 23.77016922471468, "pct_age_15_24": 14.740776856817812, "pct_age_25_34": 15.74841540711848, "pct_age_35_44": 14.106939704209328, "pct_age_45_54": 12.237932715748416, "pct_age_55_64": 11.035267349260524, "pct_age_65_74": 8.74370225906062, "pct_age_75_plus": 7.768568178124492, "pct_edu_none": 12.948090107737512, "pct_edu_secondary": 21.253672869735556, "pct_edu_college": 15.84720861900098, "pct_edu_university": 39.843290891283054, "pct_french": 20.94206466436895, "pct_owners": 21.15683229813665}}, {"arcs": [[-680, 681, 682, 683, -539]], "type": "Polygon", "properties": {"CFSAUID": "H3X", "DGUID": "2021A0011H3X", "PRUID": "24", "PRNAME": "Quebec / Qu\u00e9bec", "LANDAREA": 3.4584, "Somme": 3825.0, "Nombre de donateurs": 41, "Moyenne": 93.29268292682929, "age_total": 24215.0, "median_income_hh": 10525.0, "pct_income_0_30k": 16.864608076009503, "pct_income_30_60k": 15.534441805225654, "pct_income_60_100k": 25.795724465558195, "pct_income_100k_plus": 36.91211401425178, "pct_age_15_24": 13.11170761924427, "pct_age_25_34": 14.268015692752426, "pct_age_35_44": 13.380136279165804, "pct_age_45_54": 12.07928969646913, "pct_age_55_64": 11.955399545736114, "pct_age_65_74": 10.097047284740864, "pct_age_75_plus": 9.395003097253769, "pct_edu_none": 8.7173100871731, "pct_edu_secondary": 18.08219178082192, "pct_edu_college": 15.965130759651307, "pct_edu_university": 48.81693648816937, "pct_french": 22.041666666666668, "pct_owners": 41.12903225806452}}, {"arcs": [[684, 685, -678, -676, -646]], "type": "Polygon", "properties": {"CFSAUID": "H3Y", "DGUID": "2021A0011H3Y", "PRUID": "24", "PRNAME": "Quebec / Qu\u00e9bec", "LANDAREA": 2.5363, "Somme": 1215.0, "Nombre de donateurs": 13, "Moyenne": 93.46153846153848, "age_total": 9565.0, "median_income_hh": 3425.0, "pct_income_0_30k": 7.007299270072993, "pct_income_30_60k": 4.817518248175182, "pct_income_60_100k": 10.218978102189782, "pct_income_100k_plus": 76.05839416058394, "pct_age_15_24": 15.525352848928383, "pct_age_25_34": 6.2205959226346055, "pct_age_35_44": 9.513852587558809, "pct_age_45_54": 14.532148457919495, "pct_age_55_64": 15.9958180867747, "pct_age_65_74": 11.70935703084161, "pct_age_75_plus": 8.991113434396237, "pct_edu_none": 5.115408608858391, "pct_edu_secondary": 11.915159076731127, "pct_edu_college": 12.102308172177167, "pct_edu_university": 66.8122270742358, "pct_french": 19.13225300575013, "pct_owners": 84.92753623188406}}, {"arcs": [[686, -685, -645, -649, 687]], "type": "Polygon", "properties": {"CFSAUID": "H3Z", "DGUID": "2021A0011H3Z", "PRUID": "24", "PRNAME": "Quebec / Qu\u00e9bec", "LANDAREA": 1.5413, "Somme": 785.0, "Nombre de donateurs": 12, "Moyenne": 65.41666666666667, "age_total": 11545.0, "median_income_hh": 5890.0, "pct_income_0_30k": 16.808149405772497, "pct_income_30_60k": 14.68590831918506, "pct_income_60_100k": 23.599320882852293, "pct_income_100k_plus": 40.57724957555178, "pct_age_15_24": 10.783889129493287, "pct_age_25_34": 11.26028583802512, "pct_age_35_44": 10.870506712862712, "pct_age_45_54": 10.39411000433088, "pct_age_55_64": 11.779991338241665, "pct_age_65_74": 13.382416630576008, "pct_age_75_plus": 20.09527934170637, "pct_edu_none": 5.041152263374485, "pct_edu_secondary": 16.152263374485596, "pct_edu_college": 12.5, "pct_edu_university": 60.2880658436214, "pct_french": 16.497573886193205, "pct_owners": 34.13173652694611}}, {"arcs": [[-686, -687, 688, 689, -682, -679]], "type": "Polygon", "properties": {"CFSAUID": "H4A", "DGUID": "2021A0011H4A", "PRUID": "24", "PRNAME": "Quebec / Qu\u00e9bec", "LANDAREA": 3.0336, "Somme": 30845.0, "Nombre de donateurs": 274, "Moyenne": 112.57299270072993, "age_total": 26360.0, "median_income_hh": 12125.0, "pct_income_0_30k": 16.783505154639176, "pct_income_30_60k": 15.216494845360826, "pct_income_60_100k": 24.082474226804123, "pct_income_100k_plus": 39.01030927835051, "pct_age_15_24": 13.106980273141122, "pct_age_25_34": 15.686646433990894, "pct_age_35_44": 14.624430955993931, "pct_age_45_54": 13.201820940819422, "pct_age_55_64": 11.779210925644916, "pct_age_65_74": 9.578907435508349, "pct_age_75_plus": 6.790591805766312, "pct_edu_none": 6.781975421028676, "pct_edu_secondary": 15.065999089667727, "pct_edu_college": 15.543923532089211, "pct_edu_university": 55.07510241238052, "pct_french": 32.02915228231684, "pct_owners": 44.42157266364759}}, {"arcs": [[690, 691, -683, -690, 692]], "type": "Polygon", "properties": {"CFSAUID": "H4B", "DGUID": "2021A0011H4B", "PRUID": "24", "PRNAME": "Quebec / Qu\u00e9bec", "LANDAREA": 3.0934, "Somme": 4015.0, "Nombre de donateurs": 42, "Moyenne": 95.5952380952381, "age_total": 20935.0, "median_income_hh": 10525.0, "pct_income_0_30k": 27.363420427553443, "pct_income_30_60k": 21.425178147268408, "pct_income_60_100k": 26.22327790973872, "pct_income_100k_plus": 21.187648456057005, "pct_age_15_24": 11.917840936231192, "pct_age_25_34": 15.81084308574158, "pct_age_35_44": 16.121327919751614, "pct_age_45_54": 13.470265106281348, "pct_age_55_64": 11.20133747313112, "pct_age_65_74": 9.362311917840936, "pct_age_75_plus": 7.260568426080725, "pct_edu_none": 9.696796338672767, "pct_edu_secondary": 19.107551487414188, "pct_edu_college": 15.98970251716247, "pct_edu_university": 45.90961098398169, "pct_french": 19.4221898519058, "pct_owners": 24.01331431288635}}, {"arcs": [[693, 694, 695, 696, -693, -689, -688, -648]], "type": "Polygon", "properties": {"CFSAUID": "H4C", "DGUID": "2021A0011H4C", "PRUID": "24", "PRNAME": "Quebec / Qu\u00e9bec", "LANDAREA": 3.9029, "Somme": 6257.0, "Nombre de donateurs": 63, "Moyenne": 99.31746031746032, "age_total": 17300.0, "median_income_hh": 9490.0, "pct_income_0_30k": 20.65331928345627, "pct_income_30_60k": 17.755532139093784, "pct_income_60_100k": 28.714436248682823, "pct_income_100k_plus": 27.713382507903056, "pct_age_15_24": 10.144508670520231, "pct_age_25_34": 30.404624277456648, "pct_age_35_44": 17.485549132947977, "pct_age_45_54": 9.768786127167632, "pct_age_55_64": 8.988439306358382, "pct_age_65_74": 6.618497109826589, "pct_age_75_plus": 5.8381502890173405, "pct_edu_none": 12.769485903814262, "pct_edu_secondary": 15.887230514096183, "pct_edu_college": 15.124378109452737, "pct_edu_university": 46.50082918739636, "pct_french": 50.55783910745743, "pct_owners": 28.465998945703745}}, {"arcs": [[697, 698, 699, -694, -653]], "type": "Polygon", "properties": {"CFSAUID": "H4E", "DGUID": "2021A0011H4E", "PRUID": "24", "PRNAME": "Quebec / Qu\u00e9bec", "LANDAREA": 4.5651, "Somme": 18790.0, "Nombre de donateurs": 181, "Moyenne": 103.8121546961326, "age_total": 30155.0, "median_income_hh": 14730.0, "pct_income_0_30k": 19.823489477257297, "pct_income_30_60k": 21.58859470468432, "pct_income_60_100k": 30.07467752885268, "pct_income_100k_plus": 23.319755600814663, "pct_age_15_24": 10.213894876471564, "pct_age_25_34": 18.91891891891892, "pct_age_35_44": 15.420328303763888, "pct_age_45_54": 11.838832697728405, "pct_age_55_64": 12.833692588293816, "pct_age_65_74": 9.74962692754104, "pct_age_75_plus": 6.980600232133974, "pct_edu_none": 18.165750196386487, "pct_edu_secondary": 21.563236449332283, "pct_edu_college": 15.082482325216024, "pct_edu_university": 31.186174391201888, "pct_french": 56.68672684720829, "pct_owners": 34.30508474576271}}, {"arcs": [[-639, 700, -698, -652]], "type": "Polygon", "properties": {"CFSAUID": "H4G", "DGUID": "2021A0011H4G", "PRUID": "24", "PRNAME": "Quebec / Qu\u00e9bec", "LANDAREA": 2.7796, "Somme": 19095.0, "Nombre de donateurs": 208, "Moyenne": 91.8028846153846, "age_total": 29860.0, "median_income_hh": 15810.0, "pct_income_0_30k": 19.481340923466163, "pct_income_30_60k": 19.797596457938013, "pct_income_60_100k": 31.404174573055027, "pct_income_100k_plus": 24.003795066413662, "pct_age_15_24": 8.305425318151373, "pct_age_25_34": 27.076356329537845, "pct_age_35_44": 18.41929002009377, "pct_age_45_54": 10.649698593436034, "pct_age_55_64": 10.632953784326858, "pct_age_65_74": 7.434695244474213, "pct_age_75_plus": 5.659745478901541, "pct_edu_none": 13.687694704049845, "pct_edu_secondary": 16.335669781931465, "pct_edu_college": 15.342679127725855, "pct_edu_university": 42.912772585669785, "pct_french": 59.3691389599318, "pct_owners": 26.59943271352033}}, {"arcs": [[701, 702, 703, -699, -701, -638]], "type": "Polygon", "properties": {"CFSAUID": "H4H", "DGUID": "2021A0011H4H", "PRUID": "24", "PRNAME": "Quebec / Qu\u00e9bec", "LANDAREA": 3.1279, "Somme": 9510.0, "Nombre de donateurs": 107, "Moyenne": 88.8785046728972, "age_total": 18935.0, "median_income_hh": 8965.0, "pct_income_0_30k": 15.281650864472953, "pct_income_30_60k": 17.345231455660905, "pct_income_60_100k": 29.838259899609596, "pct_income_100k_plus": 32.01338538761851, "pct_age_15_24": 8.449960390810668, "pct_age_25_34": 16.1605492474254, "pct_age_35_44": 16.87351465540005, "pct_age_45_54": 12.01478743068392, "pct_age_55_64": 13.546342751518353, "pct_age_65_74": 9.875891206759968, "pct_age_75_plus": 7.050435701082651, "pct_edu_none": 15.096774193548388, "pct_edu_secondary": 19.19354838709677, "pct_edu_college": 17.612903225806452, "pct_edu_university": 35.193548387096776, "pct_french": 63.807475127722505, "pct_owners": 33.87458006718925}}, {"arcs": [[704, 705, 706, 707, -661]], "type": "Polygon", "properties": {"CFSAUID": "H4J", "DGUID": "2021A0011H4J", "PRUID": "24", "PRNAME": "Quebec / Qu\u00e9bec", "LANDAREA": 2.8353, "Somme": 7276.0, "Nombre de donateurs": 73, "Moyenne": 99.67123287671232, "age_total": 18075.0, "median_income_hh": 7345.0, "pct_income_0_30k": 22.872702518720217, "pct_income_30_60k": 20.626276378488768, "pct_income_60_100k": 27.978216473791694, "pct_income_100k_plus": 23.349217154526887, "pct_age_15_24": 11.147994467496543, "pct_age_25_34": 13.056708160442602, "pct_age_35_44": 15.103734439834025, "pct_age_45_54": 13.692946058091287, "pct_age_55_64": 10.926694329183956, "pct_age_65_74": 7.053941908713693, "pct_age_75_plus": 8.105117565698478, "pct_edu_none": 19.71626045834849, "pct_edu_secondary": 19.53437613677701, "pct_edu_college": 15.53292106220444, "pct_edu_university": 31.53874136049473, "pct_french": 46.39463387367244, "pct_owners": 31.926480599046968}}, {"arcs": [[708, 709, 710, 711, 712, -707]], "type": "Polygon", "properties": {"CFSAUID": "H4K", "DGUID": "2021A0011H4K", "PRUID": "24", "PRNAME": "Quebec / Qu\u00e9bec", "LANDAREA": 4.3891, "Somme": 8122.0, "Nombre de donateurs": 84, "Moyenne": 96.6904761904762, "age_total": 11320.0, "median_income_hh": 4005.0, "pct_income_0_30k": 12.234706616729088, "pct_income_30_60k": 14.481897627965044, "pct_income_60_100k": 23.470661672908864, "pct_income_100k_plus": 44.81897627965044, "pct_age_15_24": 11.439929328621908, "pct_age_25_34": 9.408127208480565, "pct_age_35_44": 11.351590106007068, "pct_age_45_54": 13.38339222614841, "pct_age_55_64": 12.146643109540635, "pct_age_65_74": 10.954063604240282, "pct_age_75_plus": 13.38339222614841, "pct_edu_none": 16.911764705882355, "pct_edu_secondary": 19.457013574660635, "pct_edu_college": 15.780542986425338, "pct_edu_university": 36.93438914027149, "pct_french": 37.16305788775961, "pct_owners": 62.88916562889165}}, {"arcs": [[713, 714, -709, -706, 715, 716]], "type": "Polygon", "properties": {"CFSAUID": "H4L", "DGUID": "2021A0011H4L", "PRUID": "24", "PRNAME": "Quebec / Qu\u00e9bec", "LANDAREA": 5.53, "Somme": 9790.0, "Nombre de donateurs": 130, "Moyenne": 75.3076923076923, "age_total": 36215.0, "median_income_hh": 14175.0, "pct_income_0_30k": 16.472663139329807, "pct_income_30_60k": 18.65961199294533, "pct_income_60_100k": 30.75837742504409, "pct_income_100k_plus": 28.536155202821867, "pct_age_15_24": 12.508629021123843, "pct_age_25_34": 13.102305674444292, "pct_age_35_44": 13.765014496755487, "pct_age_45_54": 12.715725528096092, "pct_age_55_64": 11.431727184868148, "pct_age_65_74": 8.98798840259561, "pct_age_75_plus": 9.678310092503107, "pct_edu_none": 17.087845968712394, "pct_edu_secondary": 20.079078562833075, "pct_edu_college": 16.0220044696579, "pct_edu_university": 34.485129791989, "pct_french": 34.068080357142854, "pct_owners": 43.37561663143059}}, {"arcs": [[717, 718, 719, -714]], "type": "Polygon", "properties": {"CFSAUID": "H4M", "DGUID": "2021A0011H4M", "PRUID": "24", "PRNAME": "Quebec / Qu\u00e9bec", "LANDAREA": 2.761, "Somme": 2125.0, "Nombre de donateurs": 26, "Moyenne": 81.73076923076923, "age_total": 12470.0, "median_income_hh": 4585.0, "pct_income_0_30k": 11.450381679389311, "pct_income_30_60k": 15.04907306434024, "pct_income_60_100k": 26.93565976008724, "pct_income_100k_plus": 40.89422028353326, "pct_age_15_24": 13.552526062550122, "pct_age_25_34": 12.06896551724138, "pct_age_35_44": 13.2317562149158, "pct_age_45_54": 13.51242983159583, "pct_age_55_64": 11.668003207698478, "pct_age_65_74": 9.663191659983962, "pct_age_75_plus": 7.497995188452286, "pct_edu_none": 12.60545905707196, "pct_edu_secondary": 20.0, "pct_edu_college": 16.377171215880892, "pct_edu_university": 40.19851116625311, "pct_french": 27.557160048134776, "pct_owners": 58.142076502732245}}, {"arcs": [[-667, -671, -716, -705, -660, -657, -599, -664]], "type": "Polygon", "properties": {"CFSAUID": "H4N", "DGUID": "2021A0011H4N", "PRUID": "24", "PRNAME": "Quebec / Qu\u00e9bec", "LANDAREA": 5.3313, "Somme": 2000.0, "Nombre de donateurs": 28, "Moyenne": 71.42857142857143, "age_total": 30200.0, "median_income_hh": 12070.0, "pct_income_0_30k": 19.05550952775476, "pct_income_30_60k": 19.92543496271748, "pct_income_60_100k": 34.67274233637117, "pct_income_100k_plus": 20.671085335542667, "pct_age_15_24": 12.417218543046356, "pct_age_25_34": 13.940397350993376, "pct_age_35_44": 15.612582781456954, "pct_age_45_54": 13.211920529801324, "pct_age_55_64": 10.215231788079471, "pct_age_65_74": 7.0198675496688745, "pct_age_75_plus": 7.251655629139073, "pct_edu_none": 18.103629116844974, "pct_edu_secondary": 20.68386826096077, "pct_edu_college": 15.208726662471156, "pct_edu_university": 33.354310887350536, "pct_french": 30.943708609271525, "pct_owners": 29.251137774100123}}, {"arcs": [[-542, 720, -718, -717, -670, -681]], "type": "Polygon", "properties": {"CFSAUID": "H4P", "DGUID": "2021A0011H4P", "PRUID": "24", "PRNAME": "Quebec / Qu\u00e9bec", "LANDAREA": 3.4168, "Somme": 1195.0, "Nombre de donateurs": 15, "Moyenne": 79.66666666666667, "age_total": 9110.0, "median_income_hh": 4430.0, "pct_income_0_30k": 19.977426636568847, "pct_income_30_60k": 17.042889390519186, "pct_income_60_100k": 30.474040632054177, "pct_income_100k_plus": 27.65237020316027, "pct_age_15_24": 13.391877058177826, "pct_age_25_34": 23.600439077936333, "pct_age_35_44": 17.56311745334797, "pct_age_45_54": 11.251372118551044, "pct_age_55_64": 9.604829857299672, "pct_age_65_74": 5.598243688254665, "pct_age_75_plus": 3.8968166849615806, "pct_edu_none": 8.602846054333764, "pct_edu_secondary": 16.558861578266495, "pct_edu_college": 15.071151358344114, "pct_edu_university": 50.77619663648124, "pct_french": 27.347611202635917, "pct_owners": 39.97722095671982}}, {"arcs": [[721, 722, -710, -715, -720]], "type": "Polygon", "properties": {"CFSAUID": "H4R", "DGUID": "2021A0011H4R", "PRUID": "24", "PRNAME": "Quebec / Qu\u00e9bec", "LANDAREA": 8.5006, "Somme": 5275.0, "Nombre de donateurs": 49, "Moyenne": 107.6530612244898, "age_total": 31130.0, "median_income_hh": 12130.0, "pct_income_0_30k": 11.500412201154164, "pct_income_30_60k": 13.107996702390768, "pct_income_60_100k": 26.009892827699915, "pct_income_100k_plus": 43.981863149216814, "pct_age_15_24": 10.986186957918406, "pct_age_25_34": 11.869579184066817, "pct_age_35_44": 15.724381625441698, "pct_age_45_54": 15.11403790555734, "pct_age_55_64": 11.114680372630904, "pct_age_65_74": 7.789913266945068, "pct_age_75_plus": 7.372309669129456, "pct_edu_none": 11.47239263803681, "pct_edu_secondary": 18.56850715746421, "pct_edu_college": 15.807770961145197, "pct_edu_university": 45.39877300613497, "pct_french": 28.11336032388664, "pct_owners": 61.13861386138614}}, {"arcs": [[723, 724, 725, 726, 727, -711, -723]], "type": "Polygon", "properties": {"CFSAUID": "H4S", "DGUID": "2021A0011H4S", "PRUID": "24", "PRNAME": "Quebec / Qu\u00e9bec", "LANDAREA": 16.1571, "Somme": 0, "Nombre de donateurs": 0, "Moyenne": 0, "age_total": 565.0, "median_income_hh": 215.0, "pct_income_0_30k": 6.976744186046512, "pct_income_30_60k": 16.27906976744186, "pct_income_60_100k": 16.27906976744186, "pct_income_100k_plus": 55.81395348837209, "pct_age_15_24": 8.849557522123893, "pct_age_25_34": 9.734513274336283, "pct_age_35_44": 13.274336283185844, "pct_age_45_54": 19.469026548672566, "pct_age_55_64": 14.15929203539823, "pct_age_65_74": 7.079646017699115, "pct_age_75_plus": 3.5398230088495577, "pct_edu_none": 15.306122448979592, "pct_edu_secondary": 15.306122448979592, "pct_edu_college": 13.26530612244898, "pct_edu_university": 44.89795918367347, "pct_french": 32.743362831858406, "pct_owners": 81.81818181818183}}, {"arcs": [[-541, 728, 729, -724, -722, -719, -721]], "type": "Polygon", "properties": {"CFSAUID": "H4T", "DGUID": "2021A0011H4T", "PRUID": "24", "PRNAME": "Quebec / Qu\u00e9bec", "LANDAREA": 5.2708, "Somme": 0, "Nombre de donateurs": 0, "Moyenne": 0, "age_total": 0.0, "median_income_hh": 0.0, "pct_income_0_30k": 0.0, "pct_income_30_60k": 0.0, "pct_income_60_100k": 0.0, "pct_income_100k_plus": 0.0, "pct_age_15_24": 0.0, "pct_age_25_34": 0.0, "pct_age_35_44": 0.0, "pct_age_45_54": 0.0, "pct_age_55_64": 0.0, "pct_age_65_74": 0.0, "pct_age_75_plus": 0.0, "pct_edu_none": 0.0, "pct_edu_secondary": 0.0, "pct_edu_college": 0.0, "pct_edu_university": 0.0, "pct_french": 0.0, "pct_owners": 0.0}}, {"arcs": [[-692, 730, 731, -684]], "type": "Polygon", "properties": {"CFSAUID": "H4V", "DGUID": "2021A0011H4V", "PRUID": "24", "PRNAME": "Quebec / Qu\u00e9bec", "LANDAREA": 2.6588, "Somme": 870.0, "Nombre de donateurs": 7, "Moyenne": 124.28571428571428, "age_total": 20700.0, "median_income_hh": 9180.0, "pct_income_0_30k": 20.969498910675384, "pct_income_30_60k": 21.0239651416122, "pct_income_60_100k": 27.8322440087146, "pct_income_100k_plus": 25.10893246187364, "pct_age_15_24": 12.51207729468599, "pct_age_25_34": 11.690821256038648, "pct_age_35_44": 13.18840579710145, "pct_age_45_54": 13.236714975845407, "pct_age_55_64": 11.884057971014492, "pct_age_65_74": 10.096618357487923, "pct_age_75_plus": 10.772946859903382, "pct_edu_none": 14.849734826163818, "pct_edu_secondary": 20.83087802003536, "pct_edu_college": 16.26399528579847, "pct_edu_university": 37.566293459045376, "pct_french": 16.427703523693804, "pct_owners": 34.95092693565976}}, {"arcs": [[-732, 732, 733, -729, -540]], "type": "Polygon", "properties": {"CFSAUID": "H4W", "DGUID": "2021A0011H4W", "PRUID": "24", "PRNAME": "Quebec / Qu\u00e9bec", "LANDAREA": 5.7786, "Somme": 475.0, "Nombre de donateurs": 7, "Moyenne": 67.85714285714286, "age_total": 26360.0, "median_income_hh": 10710.0, "pct_income_0_30k": 15.873015873015872, "pct_income_30_60k": 16.433239962651726, "pct_income_60_100k": 26.28384687208217, "pct_income_100k_plus": 36.507936507936506, "pct_age_15_24": 10.944613050075873, "pct_age_25_34": 9.787556904400606, "pct_age_35_44": 12.34825493171472, "pct_age_45_54": 11.001517450682853, "pct_age_55_64": 9.844461305007588, "pct_age_65_74": 11.760242792109256, "pct_age_75_plus": 15.515933232169951, "pct_edu_none": 9.99517141477547, "pct_edu_secondary": 21.1733462095606, "pct_edu_college": 16.36890391115403, "pct_edu_university": 42.32254949299856, "pct_french": 17.073170731707318, "pct_owners": 50.326797385620914}}, {"arcs": [[-691, -697, 734, 735, -733, -731]], "type": "Polygon", "properties": {"CFSAUID": "H4X", "DGUID": "2021A0011H4X", "PRUID": "24", "PRNAME": "Quebec / Qu\u00e9bec", "LANDAREA": 1.6261, "Somme": 165.0, "Nombre de donateurs": 6, "Moyenne": 27.5, "age_total": 6465.0, "median_income_hh": 2535.0, "pct_income_0_30k": 10.453648915187378, "pct_income_30_60k": 11.83431952662722, "pct_income_60_100k": 21.301775147929, "pct_income_100k_plus": 51.67652859960552, "pct_age_15_24": 12.915699922660478, "pct_age_25_34": 9.280742459396752, "pct_age_35_44": 13.302397525135346, "pct_age_45_54": 13.68909512761021, "pct_age_55_64": 13.766434648105182, "pct_age_65_74": 10.904872389791183, "pct_age_75_plus": 7.733952049497293, "pct_edu_none": 9.742120343839542, "pct_edu_secondary": 16.523400191021967, "pct_edu_college": 15.18624641833811, "pct_edu_university": 50.90735434574975, "pct_french": 13.090627420604184, "pct_owners": 65.8051689860835}}, {"arcs": [[-505, -512, 736, 737, 738, 739, -502]], "type": "Polygon", "properties": {"CFSAUID": "H7A", "DGUID": "2021A0011H7A", "PRUID": "24", "PRNAME": "Quebec / Qu\u00e9bec", "LANDAREA": 18.3298, "Somme": 8270.0, "Nombre de donateurs": 130, "Moyenne": 63.61538461538461, "age_total": 21640.0, "median_income_hh": 7460.0, "pct_income_0_30k": 5.361930294906166, "pct_income_30_60k": 9.919571045576408, "pct_income_60_100k": 26.675603217158177, "pct_income_100k_plus": 50.87131367292225, "pct_age_15_24": 12.222735674676526, "pct_age_25_34": 11.021256931608132, "pct_age_35_44": 14.140480591497228, "pct_age_45_54": 14.926062846580407, "pct_age_55_64": 14.302218114602589, "pct_age_65_74": 8.341035120147874, "pct_age_75_plus": 4.690388170055453, "pct_edu_none": 17.402597402597404, "pct_edu_secondary": 23.17460317460317, "pct_edu_college": 18.4992784992785, "pct_edu_university": 19.22077922077922, "pct_french": 70.27276930189551, "pct_owners": 87.97595190380761}}, {"arcs": [[740, 741, 742, -738]], "type": "Polygon", "properties": {"CFSAUID": "H7B", "DGUID": "2021A0011H7B", "PRUID": "24", "PRNAME": "Quebec / Qu\u00e9bec", "LANDAREA": 13.5758, "Somme": 3920.0, "Nombre de donateurs": 59, "Moyenne": 66.44067796610169, "age_total": 2955.0, "median_income_hh": 1060.0, "pct_income_0_30k": 5.188679245283019, "pct_income_30_60k": 9.433962264150944, "pct_income_60_100k": 27.83018867924528, "pct_income_100k_plus": 48.11320754716981, "pct_age_15_24": 10.490693739424705, "pct_age_25_34": 10.152284263959393, "pct_age_35_44": 12.013536379018612, "pct_age_45_54": 14.55160744500846, "pct_age_55_64": 14.55160744500846, "pct_age_65_74": 11.505922165820644, "pct_age_75_plus": 7.952622673434856, "pct_edu_none": 17.59465478841871, "pct_edu_secondary": 23.385300668151448, "pct_edu_college": 16.70378619153675, "pct_edu_university": 21.158129175946545, "pct_french": 85.59027777777779, "pct_owners": 87.26415094339622}}, {"arcs": [[-737, -511, -515, 743, 744, 745, -741]], "type": "Polygon", "properties": {"CFSAUID": "H7C", "DGUID": "2021A0011H7C", "PRUID": "24", "PRNAME": "Quebec / Qu\u00e9bec", "LANDAREA": 18.0816, "Somme": 8455.0, "Nombre de donateurs": 127, "Moyenne": 66.5748031496063, "age_total": 8820.0, "median_income_hh": 3510.0, "pct_income_0_30k": 13.105413105413104, "pct_income_30_60k": 19.37321937321937, "pct_income_60_100k": 29.48717948717949, "pct_income_100k_plus": 33.33333333333333, "pct_age_15_24": 11.224489795918368, "pct_age_25_34": 11.621315192743763, "pct_age_35_44": 13.151927437641724, "pct_age_45_54": 14.342403628117914, "pct_age_55_64": 14.285714285714285, "pct_age_65_74": 9.467120181405896, "pct_age_75_plus": 9.92063492063492, "pct_edu_none": 20.058997050147493, "pct_edu_secondary": 24.926253687315636, "pct_edu_college": 16.371681415929203, "pct_edu_university": 18.51032448377581, "pct_french": 68.76528117359413, "pct_owners": 52.991452991453}}, {"arcs": [[-514, -569, 746, 747, 748, -744]], "type": "Polygon", "properties": {"CFSAUID": "H7E", "DGUID": "2021A0011H7E", "PRUID": "24", "PRNAME": "Quebec / Qu\u00e9bec", "LANDAREA": 18.3096, "Somme": 22005.0, "Nombre de donateurs": 275, "Moyenne": 80.01818181818182, "age_total": 26590.0, "median_income_hh": 10150.0, "pct_income_0_30k": 7.044334975369458, "pct_income_30_60k": 12.364532019704432, "pct_income_60_100k": 25.07389162561576, "pct_income_100k_plus": 50.04926108374384, "pct_age_15_24": 12.65513350883791, "pct_age_25_34": 10.191801429108688, "pct_age_35_44": 11.282437006393382, "pct_age_45_54": 14.55434373824746, "pct_age_55_64": 15.174877773599096, "pct_age_65_74": 10.323429860849943, "pct_age_75_plus": 8.988341481760061, "pct_edu_none": 13.69644484958979, "pct_edu_secondary": 21.21695533272561, "pct_edu_college": 18.527803099361893, "pct_edu_university": 30.26435733819508, "pct_french": 59.47477800869072, "pct_owners": 77.77230162641695}}, {"arcs": [[749, 750, -747, -568, -573]], "type": "Polygon", "properties": {"CFSAUID": "H7G", "DGUID": "2021A0011H7G", "PRUID": "24", "PRNAME": "Quebec / Qu\u00e9bec", "LANDAREA": 6.4765, "Somme": 18724.0, "Nombre de donateurs": 239, "Moyenne": 78.34309623430963, "age_total": 22050.0, "median_income_hh": 9075.0, "pct_income_0_30k": 13.774104683195592, "pct_income_30_60k": 17.741046831955924, "pct_income_60_100k": 30.964187327823687, "pct_income_100k_plus": 31.40495867768595, "pct_age_15_24": 10.249433106575964, "pct_age_25_34": 11.859410430839002, "pct_age_35_44": 12.879818594104307, "pct_age_45_54": 12.063492063492063, "pct_age_55_64": 13.46938775510204, "pct_age_65_74": 10.0, "pct_age_75_plus": 12.811791383219957, "pct_edu_none": 18.86244921648288, "pct_edu_secondary": 20.48752176436448, "pct_edu_college": 16.45385954730122, "pct_edu_university": 24.347069065583284, "pct_french": 71.3669391462307, "pct_owners": 50.69175428887659}}, {"arcs": [[751, 752, 753, 754, 755]], "type": "Polygon", "properties": {"CFSAUID": "H7H", "DGUID": "2021A0011H7H", "PRUID": "24", "PRNAME": "Quebec / Qu\u00e9bec", "LANDAREA": 6.1779, "Somme": 5995.0, "Nombre de donateurs": 77, "Moyenne": 77.85714285714286, "age_total": 13865.0, "median_income_hh": 5020.0, "pct_income_0_30k": 5.677290836653386, "pct_income_30_60k": 9.362549800796812, "pct_income_60_100k": 26.79282868525896, "pct_income_100k_plus": 51.69322709163347, "pct_age_15_24": 12.297151099891812, "pct_age_25_34": 10.710421925712224, "pct_age_35_44": 14.5329967544176, "pct_age_45_54": 15.290299314821493, "pct_age_55_64": 15.146051208077893, "pct_age_65_74": 7.753335737468446, "pct_age_75_plus": 4.29138117562207, "pct_edu_none": 15.325497287522603, "pct_edu_secondary": 19.349005424954797, "pct_edu_college": 21.112115732368892, "pct_edu_university": 24.005424954792044, "pct_french": 73.16455696202532, "pct_owners": 84.53093812375249}}, {"arcs": [[-742, -746, 756, -755, 757, 758, 759]], "type": "Polygon", "properties": {"CFSAUID": "H7J", "DGUID": "2021A0011H7J", "PRUID": "24", "PRNAME": "Quebec / Qu\u00e9bec", "LANDAREA": 28.8811, "Somme": 3195.0, "Nombre de donateurs": 34, "Moyenne": 93.97058823529412, "age_total": 2160.0, "median_income_hh": 875.0, "pct_income_0_30k": 6.285714285714287, "pct_income_30_60k": 12.0, "pct_income_60_100k": 29.142857142857142, "pct_income_100k_plus": 47.42857142857143, "pct_age_15_24": 9.722222222222223, "pct_age_25_34": 7.87037037037037, "pct_age_35_44": 12.26851851851852, "pct_age_45_54": 14.583333333333334, "pct_age_55_64": 19.675925925925927, "pct_age_65_74": 12.037037037037036, "pct_age_75_plus": 7.87037037037037, "pct_edu_none": 11.594202898550725, "pct_edu_secondary": 24.347826086956523, "pct_edu_college": 20.0, "pct_edu_university": 21.44927536231884, "pct_french": 84.14918414918415, "pct_owners": 89.08045977011494}}, {"arcs": [[-749, 760, 761, -756, -757, -745]], "type": "Polygon", "properties": {"CFSAUID": "H7K", "DGUID": "2021A0011H7K", "PRUID": "24", "PRNAME": "Quebec / Qu\u00e9bec", "LANDAREA": 11.5598, "Somme": 9440.0, "Nombre de donateurs": 122, "Moyenne": 77.37704918032787, "age_total": 22475.0, "median_income_hh": 8210.0, "pct_income_0_30k": 6.333739342265529, "pct_income_30_60k": 10.71863580998782, "pct_income_60_100k": 24.238733252131546, "pct_income_100k_plus": 52.436053593179054, "pct_age_15_24": 13.03670745272525, "pct_age_25_34": 10.389321468298109, "pct_age_35_44": 12.080088987764183, "pct_age_45_54": 15.239154616240269, "pct_age_55_64": 16.373748609566185, "pct_age_65_74": 9.96662958843159, "pct_age_75_plus": 6.25139043381535, "pct_edu_none": 14.632829373650107, "pct_edu_secondary": 21.598272138228943, "pct_edu_college": 20.05939524838013, "pct_edu_university": 26.21490280777537, "pct_french": 60.61013907581875, "pct_owners": 84.48905109489051}}, {"arcs": [[-762, 762, 763, 764, 765, 766, -752]], "type": "Polygon", "properties": {"CFSAUID": "H7L", "DGUID": "2021A0011H7L", "PRUID": "24", "PRNAME": "Quebec / Qu\u00e9bec", "LANDAREA": 15.9364, "Somme": 36035.0, "Nombre de donateurs": 525, "Moyenne": 68.63809523809523, "age_total": 37890.0, "median_income_hh": 13555.0, "pct_income_0_30k": 6.565842862412394, "pct_income_30_60k": 9.406123201770564, "pct_income_60_100k": 23.386204352637403, "pct_income_100k_plus": 54.26042050903725, "pct_age_15_24": 13.262074425969914, "pct_age_25_34": 8.920559514383744, "pct_age_35_44": 14.106624439166009, "pct_age_45_54": 16.36315650567432, "pct_age_55_64": 14.09342834520982, "pct_age_65_74": 7.825283716020058, "pct_age_75_plus": 5.581947743467933, "pct_edu_none": 13.207231335788416, "pct_edu_secondary": 19.14964847673251, "pct_edu_college": 20.33813190492133, "pct_edu_university": 30.482089052561097, "pct_french": 73.34311241498867, "pct_owners": 80.74511250461084}}, {"arcs": [[767, -763, -761, -748, -751, 768]], "type": "Polygon", "properties": {"CFSAUID": "H7M", "DGUID": "2021A0011H7M", "PRUID": "24", "PRNAME": "Quebec / Qu\u00e9bec", "LANDAREA": 11.1036, "Somme": 15425.0, "Nombre de donateurs": 205, "Moyenne": 75.2439024390244, "age_total": 27730.0, "median_income_hh": 10625.0, "pct_income_0_30k": 9.552941176470588, "pct_income_30_60k": 15.482352941176469, "pct_income_60_100k": 27.435294117647057, "pct_income_100k_plus": 41.78823529411765, "pct_age_15_24": 10.782545979084023, "pct_age_25_34": 10.926794085827623, "pct_age_35_44": 11.684096646231518, "pct_age_45_54": 12.170934006491164, "pct_age_55_64": 16.516408222142083, "pct_age_65_74": 11.521817526144968, "pct_age_75_plus": 11.684096646231518, "pct_edu_none": 18.47801829948672, "pct_edu_secondary": 23.030573532693595, "pct_edu_college": 18.81276500781076, "pct_edu_university": 21.22294130774381, "pct_french": 61.33574007220216, "pct_owners": 69.29948283968031}}, {"arcs": [[-572, -659, -662, 769, 770, -769, -750]], "type": "Polygon", "properties": {"CFSAUID": "H7N", "DGUID": "2021A0011H7N", "PRUID": "24", "PRNAME": "Quebec / Qu\u00e9bec", "LANDAREA": 8.2897, "Somme": 26122.66, "Nombre de donateurs": 346, "Moyenne": 75.49901734104046, "age_total": 44645.0, "median_income_hh": 20355.0, "pct_income_0_30k": 16.359616801768606, "pct_income_30_60k": 19.896831245394253, "pct_income_60_100k": 31.908621960206336, "pct_income_100k_plus": 25.890444608204373, "pct_age_15_24": 10.34830328144249, "pct_age_25_34": 16.172023742860343, "pct_age_35_44": 14.234516743196329, "pct_age_45_54": 11.871430171351776, "pct_age_55_64": 12.274610818680705, "pct_age_65_74": 9.7547317728749, "pct_age_75_plus": 10.101915108074811, "pct_edu_none": 17.781113537117903, "pct_edu_secondary": 20.715065502183407, "pct_edu_college": 16.58024017467249, "pct_edu_university": 27.04694323144105, "pct_french": 66.28693886758403, "pct_owners": 39.52462631707915}}, {"arcs": [[771, 772, 773, -765, 774]], "type": "Polygon", "properties": {"CFSAUID": "H7P", "DGUID": "2021A0011H7P", "PRUID": "24", "PRNAME": "Quebec / Qu\u00e9bec", "LANDAREA": 16.1875, "Somme": 30408.0, "Nombre de donateurs": 512, "Moyenne": 59.390625, "age_total": 37455.0, "median_income_hh": 14335.0, "pct_income_0_30k": 8.405999302406697, "pct_income_30_60k": 12.69619811649808, "pct_income_60_100k": 27.86885245901639, "pct_income_100k_plus": 44.541332403208926, "pct_age_15_24": 11.974369243091711, "pct_age_25_34": 10.479241756774796, "pct_age_35_44": 12.681884928580963, "pct_age_45_54": 14.684287812041116, "pct_age_55_64": 14.670938459484717, "pct_age_65_74": 10.225604058203178, "pct_age_75_plus": 7.982912828727806, "pct_edu_none": 16.685584562996596, "pct_edu_secondary": 24.16085616993676, "pct_edu_college": 18.712502026917463, "pct_edu_university": 21.95556996919085, "pct_french": 63.61932806853166, "pct_owners": 75.52374301675978}}, {"arcs": [[775, 776, 777, 778, 779, -773, 780, 781]], "type": "Polygon", "properties": {"CFSAUID": "H7R", "DGUID": "2021A0011H7R", "PRUID": "24", "PRNAME": "Quebec / Qu\u00e9bec", "LANDAREA": 17.5033, "Somme": 13787.0, "Nombre de donateurs": 214, "Moyenne": 64.42523364485982, "age_total": 31005.0, "median_income_hh": 11255.0, "pct_income_0_30k": 8.174144824522434, "pct_income_30_60k": 12.039093736117282, "pct_income_60_100k": 27.05464238116393, "pct_income_100k_plus": 46.02398933807197, "pct_age_15_24": 11.498145460409612, "pct_age_25_34": 10.224157393968715, "pct_age_35_44": 13.659087243992904, "pct_age_45_54": 15.013707466537657, "pct_age_55_64": 15.062086760199966, "pct_age_65_74": 8.514755684567005, "pct_age_75_plus": 7.369779067892275, "pct_edu_none": 18.401639344262293, "pct_edu_secondary": 23.094262295081965, "pct_edu_college": 18.135245901639344, "pct_edu_university": 19.83606557377049, "pct_french": 64.68480208503013, "pct_owners": 82.21431747443309}}, {"arcs": [[782, -775, -764, -768, -771]], "type": "Polygon", "properties": {"CFSAUID": "H7S", "DGUID": "2021A0011H7S", "PRUID": "24", "PRNAME": "Quebec / Qu\u00e9bec", "LANDAREA": 9.6383, "Somme": 2545.0, "Nombre de donateurs": 33, "Moyenne": 77.12121212121212, "age_total": 7750.0, "median_income_hh": 3245.0, "pct_income_0_30k": 13.713405238828967, "pct_income_30_60k": 19.72265023112481, "pct_income_60_100k": 31.2788906009245, "pct_income_100k_plus": 29.121725731895225, "pct_age_15_24": 11.870967741935484, "pct_age_25_34": 13.032258064516128, "pct_age_35_44": 12.580645161290322, "pct_age_45_54": 13.225806451612904, "pct_age_55_64": 14.129032258064516, "pct_age_65_74": 8.38709677419355, "pct_age_75_plus": 9.483870967741934, "pct_edu_none": 17.176470588235293, "pct_edu_secondary": 22.03921568627451, "pct_edu_college": 16.392156862745097, "pct_edu_university": 26.666666666666668, "pct_french": 57.72727272727273, "pct_owners": 48.69029275808937}}, {"arcs": [[783, 784, -781, -772, -783, 785]], "type": "Polygon", "properties": {"CFSAUID": "H7T", "DGUID": "2021A0011H7T", "PRUID": "24", "PRNAME": "Quebec / Qu\u00e9bec", "LANDAREA": 11.6602, "Somme": 10600.0, "Nombre de donateurs": 133, "Moyenne": 79.69924812030075, "age_total": 28210.0, "median_income_hh": 11495.0, "pct_income_0_30k": 10.221835580687255, "pct_income_30_60k": 15.789473684210526, "pct_income_60_100k": 30.44802087864289, "pct_income_100k_plus": 37.1900826446281, "pct_age_15_24": 10.669975186104216, "pct_age_25_34": 12.743707904998228, "pct_age_35_44": 12.637362637362637, "pct_age_45_54": 13.310882665721374, "pct_age_55_64": 14.25026586316909, "pct_age_65_74": 11.130804679191776, "pct_age_75_plus": 10.244594115561858, "pct_edu_none": 17.72668672110013, "pct_edu_secondary": 21.852170176192523, "pct_edu_college": 17.468844005156857, "pct_edu_university": 27.4172754619682, "pct_french": 42.56475276218076, "pct_owners": 61.17903930131005}}, {"arcs": [[-708, 786, -786, -770]], "type": "Polygon", "properties": {"CFSAUID": "H7V", "DGUID": "2021A0011H7V", "PRUID": "24", "PRNAME": "Quebec / Qu\u00e9bec", "LANDAREA": 5.6008, "Somme": 13224.0, "Nombre de donateurs": 164, "Moyenne": 80.63414634146342, "age_total": 23240.0, "median_income_hh": 9730.0, "pct_income_0_30k": 23.997944501541625, "pct_income_30_60k": 20.65775950668037, "pct_income_60_100k": 31.294964028776977, "pct_income_100k_plus": 19.373072970195278, "pct_age_15_24": 10.176419965576592, "pct_age_25_34": 11.940619621342512, "pct_age_35_44": 11.983648881239242, "pct_age_45_54": 11.61790017211704, "pct_age_55_64": 12.521514629948364, "pct_age_65_74": 10.929432013769365, "pct_age_75_plus": 13.876936316695351, "pct_edu_none": 26.008230452674898, "pct_edu_secondary": 24.0877914951989, "pct_edu_college": 14.238683127572015, "pct_edu_university": 20.054869684499312, "pct_french": 45.42490762877635, "pct_owners": 34.35897435897436}}, {"arcs": [[-713, 787, 788, -784, -787]], "type": "Polygon", "properties": {"CFSAUID": "H7W", "DGUID": "2021A0011H7W", "PRUID": "24", "PRNAME": "Quebec / Qu\u00e9bec", "LANDAREA": 9.6847, "Somme": 15140.0, "Nombre de donateurs": 152, "Moyenne": 99.60526315789474, "age_total": 42580.0, "median_income_hh": 16910.0, "pct_income_0_30k": 13.808397397989356, "pct_income_30_60k": 18.95328208160852, "pct_income_60_100k": 30.57362507392076, "pct_income_100k_plus": 30.81017149615612, "pct_age_15_24": 11.002818224518553, "pct_age_25_34": 11.202442461249412, "pct_age_35_44": 11.672146547674965, "pct_age_45_54": 12.775951150775011, "pct_age_55_64": 12.99906059182715, "pct_age_65_74": 11.70737435415688, "pct_age_75_plus": 13.17519962423673, "pct_edu_none": 24.71846846846847, "pct_edu_secondary": 24.61993243243243, "pct_edu_college": 15.104166666666666, "pct_edu_university": 21.00225225225225, "pct_french": 30.031948881789138, "pct_owners": 59.78710821998817}}, {"arcs": [[-789, 789, 790, -782, -785]], "type": "Polygon", "properties": {"CFSAUID": "H7X", "DGUID": "2021A0011H7X", "PRUID": "24", "PRNAME": "Quebec / Qu\u00e9bec", "LANDAREA": 12.7664, "Somme": 17885.0, "Nombre de donateurs": 226, "Moyenne": 79.13716814159292, "age_total": 27330.0, "median_income_hh": 9545.0, "pct_income_0_30k": 6.6526977475117866, "pct_income_30_60k": 10.00523834468308, "pct_income_60_100k": 23.834468308014667, "pct_income_100k_plus": 53.79779989523311, "pct_age_15_24": 13.84924990852543, "pct_age_25_34": 9.275521405049396, "pct_age_35_44": 13.154043175997074, "pct_age_45_54": 16.611781924624953, "pct_age_55_64": 14.56275155506769, "pct_age_65_74": 7.976582510062203, "pct_age_75_plus": 6.45810464690816, "pct_edu_none": 15.711687130513871, "pct_edu_secondary": 21.941791723510686, "pct_edu_college": 18.55388813096862, "pct_edu_university": 29.786266484765804, "pct_french": 44.038390550018455, "pct_owners": 79.44269190325971}}, {"arcs": [[791, 792, 793, -776, -791]], "type": "Polygon", "properties": {"CFSAUID": "H7Y", "DGUID": "2021A0011H7Y", "PRUID": "24", "PRNAME": "Quebec / Qu\u00e9bec", "LANDAREA": 6.3723, "Somme": 3428.0, "Nombre de donateurs": 47, "Moyenne": 72.93617021276596, "age_total": 9980.0, "median_income_hh": 3390.0, "pct_income_0_30k": 3.687315634218289, "pct_income_30_60k": 6.637168141592921, "pct_income_60_100k": 18.58407079646018, "pct_income_100k_plus": 65.04424778761062, "pct_age_15_24": 14.07815631262525, "pct_age_25_34": 7.464929859719439, "pct_age_35_44": 14.478957915831664, "pct_age_45_54": 19.438877755511022, "pct_age_55_64": 13.026052104208416, "pct_age_65_74": 6.763527054108216, "pct_age_75_plus": 3.75751503006012, "pct_edu_none": 11.648079306071873, "pct_edu_secondary": 17.71995043370508, "pct_edu_college": 19.26889714993804, "pct_edu_university": 39.90086741016109, "pct_french": 55.21042084168337, "pct_owners": 92.12827988338192}}, {"arcs": [[-704, 794, 795, -695, -700]], "type": "Polygon", "properties": {"CFSAUID": "H8N", "DGUID": "2021A0011H8N", "PRUID": "24", "PRNAME": "Quebec / Qu\u00e9bec", "LANDAREA": 7.9675, "Somme": 5545.0, "Nombre de donateurs": 94, "Moyenne": 58.98936170212766, "age_total": 33205.0, "median_income_hh": 14145.0, "pct_income_0_30k": 16.896429833863554, "pct_income_30_60k": 20.0424178154825, "pct_income_60_100k": 31.35383527748321, "pct_income_100k_plus": 25.87486744432661, "pct_age_15_24": 12.09155247703659, "pct_age_25_34": 15.223610901972595, "pct_age_35_44": 13.040204788435478, "pct_age_45_54": 12.678813431712092, "pct_age_55_64": 11.609697334738744, "pct_age_65_74": 10.073784068664358, "pct_age_75_plus": 10.826682728504744, "pct_edu_none": 17.939835916134914, "pct_edu_secondary": 25.70647219690064, "pct_edu_college": 16.536007292616226, "pct_edu_university": 25.979945305378305, "pct_french": 26.75101671938545, "pct_owners": 44.73498233215548}}, {"arcs": [[796, -795, -703, 797, 798, 799]], "type": "Polygon", "properties": {"CFSAUID": "H8P", "DGUID": "2021A0011H8P", "PRUID": "24", "PRNAME": "Quebec / Qu\u00e9bec", "LANDAREA": 4.4125, "Somme": 12175.0, "Nombre de donateurs": 130, "Moyenne": 93.65384615384616, "age_total": 22980.0, "median_income_hh": 10475.0, "pct_income_0_30k": 17.470167064439142, "pct_income_30_60k": 19.28400954653938, "pct_income_60_100k": 30.214797136038182, "pct_income_100k_plus": 28.35322195704057, "pct_age_15_24": 9.508268059181898, "pct_age_25_34": 11.879895561357705, "pct_age_35_44": 13.25065274151436, "pct_age_45_54": 12.6414273281114, "pct_age_55_64": 14.1644908616188, "pct_age_65_74": 11.684073107049608, "pct_age_75_plus": 11.705831157528284, "pct_edu_none": 17.732013907461887, "pct_edu_secondary": 24.953196041722386, "pct_edu_college": 15.833110457341537, "pct_edu_university": 25.30088258892752, "pct_french": 46.37777777777778, "pct_owners": 38.70043000477783}}, {"arcs": [[-797, 800, 801, -735, -696, -796]], "type": "Polygon", "properties": {"CFSAUID": "H8R", "DGUID": "2021A0011H8R", "PRUID": "24", "PRNAME": "Quebec / Qu\u00e9bec", "LANDAREA": 7.072, "Somme": 2175.0, "Nombre de donateurs": 34, "Moyenne": 63.97058823529412, "age_total": 31490.0, "median_income_hh": 13600.0, "pct_income_0_30k": 18.56617647058824, "pct_income_30_60k": 20.330882352941178, "pct_income_60_100k": 32.20588235294118, "pct_income_100k_plus": 23.455882352941178, "pct_age_15_24": 12.448396316290886, "pct_age_25_34": 13.369323594791998, "pct_age_35_44": 14.14734836456018, "pct_age_45_54": 12.940616068593206, "pct_age_55_64": 13.14703080342966, "pct_age_65_74": 9.14576055890759, "pct_age_75_plus": 6.922832645284218, "pct_edu_none": 21.129788897576237, "pct_edu_secondary": 25.840500390930416, "pct_edu_college": 17.12275215011728, "pct_edu_university": 21.59890539483972, "pct_french": 37.21786457499599, "pct_owners": 32.25450533284296}}, {"arcs": [[-736, -802, 802, 803, 804, -725, -730, -734]], "type": "Polygon", "properties": {"CFSAUID": "H8S", "DGUID": "2021A0011H8S", "PRUID": "24", "PRNAME": "Quebec / Qu\u00e9bec", "LANDAREA": 12.4235, "Somme": 7088.0, "Nombre de donateurs": 97, "Moyenne": 73.0721649484536, "age_total": 25685.0, "median_income_hh": 11635.0, "pct_income_0_30k": 19.338203695745595, "pct_income_30_60k": 21.14310270734852, "pct_income_60_100k": 31.542758917060592, "pct_income_100k_plus": 22.561237645036528, "pct_age_15_24": 10.395172279540589, "pct_age_25_34": 15.281292583219775, "pct_age_35_44": 14.093829083122444, "pct_age_45_54": 12.088767763285963, "pct_age_55_64": 13.217831419116216, "pct_age_65_74": 8.993576017130621, "pct_age_75_plus": 10.16157290247226, "pct_edu_none": 18.8598694123556, "pct_edu_secondary": 23.405323957810147, "pct_edu_college": 14.992466097438474, "pct_edu_university": 23.78201908588649, "pct_french": 53.70370370370371, "pct_owners": 34.48127421437796}}, {"arcs": [[805, 806, -804]], "type": "Polygon", "properties": {"CFSAUID": "H8T", "DGUID": "2021A0011H8T", "PRUID": "24", "PRNAME": "Quebec / Qu\u00e9bec", "LANDAREA": 3.3164, "Somme": 4690.0, "Nombre de donateurs": 57, "Moyenne": 82.28070175438596, "age_total": 15270.0, "median_income_hh": 6835.0, "pct_income_0_30k": 14.484272128749083, "pct_income_30_60k": 15.80102414045355, "pct_income_60_100k": 25.45720555961961, "pct_income_100k_plus": 39.64886613021215, "pct_age_15_24": 10.019646365422396, "pct_age_25_34": 9.85592665356909, "pct_age_35_44": 14.21087098886706, "pct_age_45_54": 14.472822527832353, "pct_age_55_64": 15.324165029469548, "pct_age_65_74": 11.165684348395546, "pct_age_75_plus": 8.02226588081205, "pct_edu_none": 12.380191693290737, "pct_edu_secondary": 20.12779552715655, "pct_edu_college": 17.292332268370608, "pct_edu_university": 37.57987220447284, "pct_french": 49.434464404524284, "pct_owners": 58.74177029992684}}, {"arcs": [[807, 808, 809, -792, -790, -788, -712, -728]], "type": "Polygon", "properties": {"CFSAUID": "H8Y", "DGUID": "2021A0011H8Y", "PRUID": "24", "PRNAME": "Quebec / Qu\u00e9bec", "LANDAREA": 5.7689, "Somme": 4055.0, "Nombre de donateurs": 38, "Moyenne": 106.71052631578948, "age_total": 19915.0, "median_income_hh": 7625.0, "pct_income_0_30k": 13.639344262295085, "pct_income_30_60k": 16.19672131147541, "pct_income_60_100k": 29.63934426229508, "pct_income_100k_plus": 34.75409836065574, "pct_age_15_24": 12.703991965854884, "pct_age_25_34": 11.373336680893798, "pct_age_35_44": 13.582726587998994, "pct_age_45_54": 13.08059251820236, "pct_age_55_64": 13.356766256590513, "pct_age_65_74": 9.942254581973389, "pct_age_75_plus": 6.502636203866433, "pct_edu_none": 14.121663563004343, "pct_edu_secondary": 25.41899441340782, "pct_edu_college": 17.411545623836126, "pct_edu_university": 29.60893854748604, "pct_french": 33.417402269861284, "pct_owners": 55.10071474983755}}, {"arcs": [[810, 811, 812, -793, -810]], "type": "Polygon", "properties": {"CFSAUID": "H8Z", "DGUID": "2021A0011H8Z", "PRUID": "24", "PRNAME": "Quebec / Qu\u00e9bec", "LANDAREA": 4.4481, "Somme": 1345.0, "Nombre de donateurs": 23, "Moyenne": 58.47826086956522, "age_total": 15125.0, "median_income_hh": 5640.0, "pct_income_0_30k": 10.195035460992909, "pct_income_30_60k": 14.27304964539007, "pct_income_60_100k": 28.45744680851064, "pct_income_100k_plus": 40.86879432624114, "pct_age_15_24": 12.429752066115702, "pct_age_25_34": 10.677685950413224, "pct_age_35_44": 12.033057851239668, "pct_age_45_54": 13.520661157024794, "pct_age_55_64": 14.776859504132233, "pct_age_65_74": 11.37190082644628, "pct_age_75_plus": 8.694214876033058, "pct_edu_none": 14.67631684760756, "pct_edu_secondary": 24.48733413751508, "pct_edu_college": 18.25492561318858, "pct_edu_university": 29.3124246079614, "pct_french": 22.895957587806496, "pct_owners": 78.48214285714286}}, {"arcs": [[813, 814, 815, -811, -809]], "type": "Polygon", "properties": {"CFSAUID": "H9A", "DGUID": "2021A0011H9A", "PRUID": "24", "PRNAME": "Quebec / Qu\u00e9bec", "LANDAREA": 4.5065, "Somme": 1120.0, "Nombre de donateurs": 12, "Moyenne": 93.33333333333331, "age_total": 15270.0, "median_income_hh": 5265.0, "pct_income_0_30k": 10.256410256410255, "pct_income_30_60k": 10.256410256410255, "pct_income_60_100k": 20.417853751187085, "pct_income_100k_plus": 53.94112060778728, "pct_age_15_24": 13.555992141453832, "pct_age_25_34": 10.183366077275704, "pct_age_35_44": 12.14800261951539, "pct_age_45_54": 13.817943680419123, "pct_age_55_64": 14.243614931237722, "pct_age_65_74": 11.329404060248857, "pct_age_75_plus": 7.072691552062868, "pct_edu_none": 10.515713134568896, "pct_edu_secondary": 20.789685737308623, "pct_edu_college": 19.78243352135375, "pct_edu_university": 40.16921837228042, "pct_french": 13.392563343205005, "pct_owners": 79.59770114942529}}, {"arcs": [[-727, 816, 817, 818, -814, -808]], "type": "Polygon", "properties": {"CFSAUID": "H9B", "DGUID": "2021A0011H9B", "PRUID": "24", "PRNAME": "Quebec / Qu\u00e9bec", "LANDAREA": 7.1053, "Somme": 1260.0, "Nombre de donateurs": 13, "Moyenne": 96.92307692307692, "age_total": 21105.0, "median_income_hh": 7580.0, "pct_income_0_30k": 10.224274406332452, "pct_income_30_60k": 14.116094986807386, "pct_income_60_100k": 27.242744063324537, "pct_income_100k_plus": 42.28232189973615, "pct_age_15_24": 12.79317697228145, "pct_age_25_34": 11.300639658848617, "pct_age_35_44": 12.082444918265814, "pct_age_45_54": 12.485193082208006, "pct_age_55_64": 13.4802179578299, "pct_age_65_74": 11.608623548922056, "pct_age_75_plus": 9.594882729211088, "pct_edu_none": 15.484429065743946, "pct_edu_secondary": 24.048442906574397, "pct_edu_college": 18.31026528258362, "pct_edu_university": 31.28604382929642, "pct_french": 13.782432754106166, "pct_owners": 70.61143984220908}}, {"arcs": [[-794, -813, 819, 820, 821, 822, -777]], "type": "Polygon", "properties": {"CFSAUID": "H9C", "DGUID": "2021A0011H9C", "PRUID": "24", "PRNAME": "Quebec / Qu\u00e9bec", "LANDAREA": 9.2913, "Somme": 5055.0, "Nombre de donateurs": 56, "Moyenne": 90.26785714285714, "age_total": 11725.0, "median_income_hh": 4140.0, "pct_income_0_30k": 5.797101449275362, "pct_income_30_60k": 8.695652173913043, "pct_income_60_100k": 21.13526570048309, "pct_income_100k_plus": 58.81642512077294, "pct_age_15_24": 13.219616204690832, "pct_age_25_34": 8.699360341151385, "pct_age_35_44": 11.812366737739872, "pct_age_45_54": 14.968017057569297, "pct_age_55_64": 17.270788912579956, "pct_age_65_74": 11.599147121535182, "pct_age_75_plus": 5.884861407249467, "pct_edu_none": 10.708742886704604, "pct_edu_secondary": 22.659079151577856, "pct_edu_college": 18.72736678737713, "pct_edu_university": 34.86808070356958, "pct_french": 44.12147505422993, "pct_owners": 87.06586826347305}}, {"arcs": [[823, 824, 825, -821]], "type": "Polygon", "properties": {"CFSAUID": "H9E", "DGUID": "2021A0011H9E", "PRUID": "24", "PRNAME": "Quebec / Qu\u00e9bec", "LANDAREA": 13.2161, "Somme": 3405.0, "Nombre de donateurs": 39, "Moyenne": 87.3076923076923, "age_total": 3190.0, "median_income_hh": 1205.0, "pct_income_0_30k": 8.29875518672199, "pct_income_30_60k": 12.033195020746888, "pct_income_60_100k": 21.16182572614108, "pct_income_100k_plus": 52.28215767634856, "pct_age_15_24": 12.06896551724138, "pct_age_25_34": 8.77742946708464, "pct_age_35_44": 12.539184952978054, "pct_age_45_54": 15.047021943573668, "pct_age_55_64": 17.0846394984326, "pct_age_65_74": 11.285266457680253, "pct_age_75_plus": 5.799373040752351, "pct_edu_none": 13.345864661654137, "pct_edu_secondary": 25.375939849624064, "pct_edu_college": 18.98496240601504, "pct_edu_university": 28.00751879699248, "pct_french": 42.362204724409445, "pct_owners": 84.71074380165288}}, {"arcs": [[826, 827, -815, -819]], "type": "Polygon", "properties": {"CFSAUID": "H9G", "DGUID": "2021A0011H9G", "PRUID": "24", "PRNAME": "Quebec / Qu\u00e9bec", "LANDAREA": 4.1259, "Somme": 1580.0, "Nombre de donateurs": 20, "Moyenne": 79.0, "age_total": 15345.0, "median_income_hh": 5740.0, "pct_income_0_30k": 8.188153310104529, "pct_income_30_60k": 12.54355400696864, "pct_income_60_100k": 26.742160278745647, "pct_income_100k_plus": 46.25435540069686, "pct_age_15_24": 12.41446725317693, "pct_age_25_34": 10.426849136526556, "pct_age_35_44": 11.827956989247312, "pct_age_45_54": 13.131313131313131, "pct_age_55_64": 14.59758879113718, "pct_age_65_74": 12.77289019224503, "pct_age_75_plus": 9.644835451287063, "pct_edu_none": 12.38022230739747, "pct_edu_secondary": 21.73246454580299, "pct_edu_college": 18.934457646607896, "pct_edu_university": 35.45419701034879, "pct_french": 13.843648208469055, "pct_owners": 75.36988685813752}}, {"arcs": [[-816, -828, 828, 829, 830, -824, -820, -812]], "type": "Polygon", "properties": {"CFSAUID": "H9H", "DGUID": "2021A0011H9H", "PRUID": "24", "PRNAME": "Quebec / Qu\u00e9bec", "LANDAREA": 9.0398, "Somme": 2620.0, "Nombre de donateurs": 22, "Moyenne": 119.0909090909091, "age_total": 25095.0, "median_income_hh": 9375.0, "pct_income_0_30k": 10.666666666666668, "pct_income_30_60k": 13.493333333333332, "pct_income_60_100k": 27.41333333333333, "pct_income_100k_plus": 42.82666666666667, "pct_age_15_24": 12.372982665869694, "pct_age_25_34": 9.962143853357244, "pct_age_35_44": 12.133891213389122, "pct_age_45_54": 13.18987846184499, "pct_age_55_64": 15.6804144251843, "pct_age_65_74": 11.297071129707112, "pct_age_75_plus": 10.0418410041841, "pct_edu_none": 12.9930966469428, "pct_edu_secondary": 22.68244575936884, "pct_edu_college": 18.71301775147929, "pct_edu_university": 33.11143984220907, "pct_french": 19.357479025987317, "pct_owners": 69.53250940354648}}, {"arcs": [[831, 832, 833, 834, 835, -825, -831]], "type": "Polygon", "properties": {"CFSAUID": "H9J", "DGUID": "2021A0011H9J", "PRUID": "24", "PRNAME": "Quebec / Qu\u00e9bec", "LANDAREA": 11.1911, "Somme": 1515.0, "Nombre de donateurs": 18, "Moyenne": 84.16666666666667, "age_total": 21395.0, "median_income_hh": 7530.0, "pct_income_0_30k": 7.03851261620186, "pct_income_30_60k": 10.292164674634794, "pct_income_60_100k": 22.90836653386454, "pct_income_100k_plus": 54.24966799468791, "pct_age_15_24": 13.905118018228556, "pct_age_25_34": 8.459920542182752, "pct_age_35_44": 12.315961673288152, "pct_age_45_54": 14.69969619069876, "pct_age_55_64": 17.036690815611124, "pct_age_65_74": 10.586585650853005, "pct_age_75_plus": 6.356625379761627, "pct_edu_none": 10.059338796270133, "pct_edu_secondary": 21.58801921446736, "pct_edu_college": 19.836111896015822, "pct_edu_university": 38.45719129697655, "pct_french": 16.5884561238855, "pct_owners": 83.5978835978836}}, {"arcs": [[836, -834]], "type": "Polygon", "properties": {"CFSAUID": "H9K", "DGUID": "2021A0011H9K", "PRUID": "24", "PRNAME": "Quebec / Qu\u00e9bec", "LANDAREA": 6.3849, "Somme": 1340.0, "Nombre de donateurs": 18, "Moyenne": 74.44444444444444, "age_total": 8900.0, "median_income_hh": 3025.0, "pct_income_0_30k": 7.43801652892562, "pct_income_30_60k": 9.75206611570248, "pct_income_60_100k": 20.66115702479339, "pct_income_100k_plus": 57.190082644628106, "pct_age_15_24": 15.730337078651685, "pct_age_25_34": 9.775280898876405, "pct_age_35_44": 11.685393258426966, "pct_age_45_54": 17.359550561797754, "pct_age_55_64": 16.91011235955056, "pct_age_65_74": 6.460674157303371, "pct_age_75_plus": 5.224719101123595, "pct_edu_none": 11.280276816608996, "pct_edu_secondary": 20.0, "pct_edu_college": 18.131487889273355, "pct_edu_university": 41.66089965397924, "pct_french": 20.730337078651687, "pct_owners": 75.24752475247524}}, {"arcs": [[-805, 837, 838, -817, -726]], "type": "Polygon", "properties": {"CFSAUID": "H9P", "DGUID": "2021A0011H9P", "PRUID": "24", "PRNAME": "Quebec / Qu\u00e9bec", "LANDAREA": 15.3944, "Somme": 100.0, "Nombre de donateurs": 1, "Moyenne": 100.0, "age_total": 3835.0, "median_income_hh": 1515.0, "pct_income_0_30k": 9.9009900990099, "pct_income_30_60k": 14.19141914191419, "pct_income_60_100k": 27.72277227722773, "pct_income_100k_plus": 40.92409240924093, "pct_age_15_24": 10.691003911342897, "pct_age_25_34": 11.994784876140807, "pct_age_35_44": 13.298565840938725, "pct_age_45_54": 13.298565840938725, "pct_age_55_64": 16.94915254237288, "pct_age_65_74": 11.082138200782268, "pct_age_75_plus": 6.910039113428944, "pct_edu_none": 13.679245283018869, "pct_edu_secondary": 28.459119496855344, "pct_edu_college": 18.39622641509434, "pct_edu_university": 26.729559748427672, "pct_french": 18.03921568627451, "pct_owners": 76.74418604651163}}, {"arcs": [[839, 840, -829, -827, -818, -839]], "type": "Polygon", "properties": {"CFSAUID": "H9R", "DGUID": "2021A0011H9R", "PRUID": "24", "PRNAME": "Quebec / Qu\u00e9bec", "LANDAREA": 15.1388, "Somme": 2575.0, "Nombre de donateurs": 27, "Moyenne": 95.37037037037037, "age_total": 26005.0, "median_income_hh": 9920.0, "pct_income_0_30k": 10.181451612903226, "pct_income_30_60k": 13.004032258064516, "pct_income_60_100k": 24.949596774193548, "pct_income_100k_plus": 46.068548387096776, "pct_age_15_24": 10.70947894635647, "pct_age_25_34": 8.921361276677562, "pct_age_35_44": 12.151509325129782, "pct_age_45_54": 12.382234185733513, "pct_age_55_64": 14.497212074601038, "pct_age_65_74": 10.978657950394156, "pct_age_75_plus": 15.112478369544318, "pct_edu_none": 9.795213422156428, "pct_edu_secondary": 22.15642733777449, "pct_edu_college": 19.615099925980758, "pct_edu_university": 39.00814211695041, "pct_french": 15.413094310210443, "pct_owners": 70.53481331987891}}, {"arcs": [[841, 842, 843, 844, -840, -838, -807]], "type": "Polygon", "properties": {"CFSAUID": "H9S", "DGUID": "2021A0011H9S", "PRUID": "24", "PRNAME": "Quebec / Qu\u00e9bec", "LANDAREA": 9.4827, "Somme": 3145.0, "Nombre de donateurs": 36, "Moyenne": 87.36111111111111, "age_total": 22985.0, "median_income_hh": 10625.0, "pct_income_0_30k": 12.423529411764706, "pct_income_30_60k": 16.517647058823528, "pct_income_60_100k": 27.105882352941173, "pct_income_100k_plus": 39.05882352941176, "pct_age_15_24": 10.593865564498586, "pct_age_25_34": 10.702632151403089, "pct_age_35_44": 11.463998259734607, "pct_age_45_54": 13.095497063302153, "pct_age_55_64": 15.53186860996302, "pct_age_65_74": 13.487056776158363, "pct_age_75_plus": 12.181857733304328, "pct_edu_none": 9.582059123343528, "pct_edu_secondary": 21.89092762487258, "pct_edu_college": 18.730886850152903, "pct_edu_university": 38.17533129459735, "pct_french": 24.59775181838219, "pct_owners": 59.10588235294117}}, {"arcs": [[845, 846, -832, -830, -841, -845]], "type": "Polygon", "properties": {"CFSAUID": "H9W", "DGUID": "2021A0011H9W", "PRUID": "24", "PRNAME": "Quebec / Qu\u00e9bec", "LANDAREA": 11.0308, "Somme": 5895.0, "Nombre de donateurs": 55, "Moyenne": 107.1818181818182, "age_total": 19275.0, "median_income_hh": 6755.0, "pct_income_0_30k": 5.329385640266469, "pct_income_30_60k": 6.9578090303478906, "pct_income_60_100k": 17.912657290895634, "pct_income_100k_plus": 65.50703182827536, "pct_age_15_24": 14.007782101167315, "pct_age_25_34": 6.1738002594033725, "pct_age_35_44": 11.880674448767833, "pct_age_45_54": 15.252918287937744, "pct_age_55_64": 15.149156939040209, "pct_age_65_74": 10.557717250324254, "pct_age_75_plus": 8.975356679636835, "pct_edu_none": 7.064868336544637, "pct_edu_secondary": 15.992292870905588, "pct_edu_college": 18.9145793192036, "pct_edu_university": 50.83493898522801, "pct_french": 16.671028526563727, "pct_owners": 89.62962962962962}}, {"arcs": [[-847, 847, 848, -835, -837, -833]], "type": "Polygon", "properties": {"CFSAUID": "H9X", "DGUID": "2021A0011H9X", "PRUID": "24", "PRNAME": "Quebec / Qu\u00e9bec", "LANDAREA": 23.9345, "Somme": 950.0, "Nombre de donateurs": 9, "Moyenne": 105.55555555555556, "age_total": 9740.0, "median_income_hh": 3785.0, "pct_income_0_30k": 10.568031704095112, "pct_income_30_60k": 10.83223249669749, "pct_income_60_100k": 21.136063408190225, "pct_income_100k_plus": 52.443857331572, "pct_age_15_24": 14.835728952772072, "pct_age_25_34": 10.215605749486652, "pct_age_35_44": 9.342915811088297, "pct_age_45_54": 13.70636550308008, "pct_age_55_64": 15.862422997946611, "pct_age_65_74": 11.344969199178646, "pct_age_75_plus": 12.679671457905544, "pct_edu_none": 7.391304347826087, "pct_edu_secondary": 18.633540372670808, "pct_edu_college": 18.75776397515528, "pct_edu_university": 45.962732919254655, "pct_french": 20.618007458710707, "pct_owners": 71.73051519154558}}, {"arcs": [[-130, 849, 850, 851, 852, -233, -136, -393, -389, -385, -391], [853]], "type": "Polygon", "properties": {"CFSAUID": "J0A", "DGUID": "2021A0011J0A", "PRUID": "24", "PRNAME": "Quebec / Qu\u00e9bec", "LANDAREA": 1320.2669, "Somme": 10910.0, "Nombre de donateurs": 147, "Moyenne": 74.21768707482993, "age_total": 19150.0, "median_income_hh": 8235.0, "pct_income_0_30k": 14.08621736490589, "pct_income_30_60k": 19.79356405585914, "pct_income_60_100k": 31.63327261687917, "pct_income_100k_plus": 28.051001821493628, "pct_age_15_24": 9.216710182767624, "pct_age_25_34": 10.234986945169714, "pct_age_35_44": 12.637075718015666, "pct_age_45_54": 11.984334203655353, "pct_age_55_64": 16.344647519582246, "pct_age_65_74": 13.707571801566578, "pct_age_75_plus": 7.624020887728459, "pct_edu_none": 25.51588601375696, "pct_edu_secondary": 19.62004585653456, "pct_edu_college": 17.130691123485096, "pct_edu_university": 10.645266950540451, "pct_french": 96.22989717901396, "pct_owners": 78.39318320146074}}, {"arcs": [[[854, 855, 856, 857, 858, 859, 860, 861, 862, 863, 864, 865, -850, -129, -231]], [[866, 867, 868, 869, 870, 871, 872, 873, -852]]], "type": "MultiPolygon", "properties": {"CFSAUID": "J0B", "DGUID": "2021A0011J0B", "PRUID": "24", "PRNAME": "Quebec / Qu\u00e9bec", "LANDAREA": 5103.8733, "Somme": 45989.19, "Nombre de donateurs": 546, "Moyenne": 84.22928571428572, "age_total": 65700.0, "median_income_hh": 28135.0, "pct_income_0_30k": 13.79065221254665, "pct_income_30_60k": 18.92660387417807, "pct_income_60_100k": 30.495823707126355, "pct_income_100k_plus": 30.851252887862096, "pct_age_15_24": 8.82800608828006, "pct_age_25_34": 10.053272450532724, "pct_age_35_44": 12.123287671232877, "pct_age_45_54": 11.659056316590563, "pct_age_55_64": 17.00152207001522, "pct_age_65_74": 14.292237442922373, "pct_age_75_plus": 8.668188736681888, "pct_edu_none": 22.620728607737927, "pct_edu_secondary": 21.877059211145628, "pct_edu_college": 14.986350371834698, "pct_edu_university": 16.200696601713265, "pct_french": 82.93955200981897, "pct_owners": 79.9146059420032}}, {"arcs": [[[-234, -853, -874, 874, 875, 876, 877, 878, -482]], [[879, 880, 881, 882, 883, 884, 885]]], "type": "MultiPolygon", "properties": {"CFSAUID": "J0C", "DGUID": "2021A0011J0C", "PRUID": "24", "PRNAME": "Quebec / Qu\u00e9bec", "LANDAREA": 1080.3758, "Somme": 15922.0, "Nombre de donateurs": 191, "Moyenne": 83.36125654450262, "age_total": 23445.0, "median_income_hh": 9790.0, "pct_income_0_30k": 13.227783452502551, "pct_income_30_60k": 18.84576098059244, "pct_income_60_100k": 30.64351378958121, "pct_income_100k_plus": 30.541368743615934, "pct_age_15_24": 9.46896992962252, "pct_age_25_34": 11.750906376626148, "pct_age_35_44": 13.584986137769247, "pct_age_45_54": 11.942844956280656, "pct_age_55_64": 15.12049477500533, "pct_age_65_74": 11.921518447430156, "pct_age_75_plus": 7.1443804649178935, "pct_edu_none": 24.764214497440044, "pct_edu_secondary": 20.91080571274589, "pct_edu_college": 17.515494475882512, "pct_edu_university": 9.431420102398276, "pct_french": 98.08643302515588, "pct_owners": 78.67007672634271}}, {"arcs": [[[886, -858, 887, 888, 889, 890, 891, 892, 893, 894, 895, 896, 897, 898, -872]], [[899]]], "type": "MultiPolygon", "properties": {"CFSAUID": "J0E", "DGUID": "2021A0011J0E", "PRUID": "24", "PRNAME": "Quebec / Qu\u00e9bec", "LANDAREA": 2236.4971, "Somme": 34708.0, "Nombre de donateurs": 403, "Moyenne": 86.12406947890818, "age_total": 51895.0, "median_income_hh": 23185.0, "pct_income_0_30k": 13.241319818848392, "pct_income_30_60k": 17.338796635755877, "pct_income_60_100k": 30.3860254474876, "pct_income_100k_plus": 33.01703687729135, "pct_age_15_24": 7.919838134695058, "pct_age_25_34": 9.788997013199731, "pct_age_35_44": 11.783408806243376, "pct_age_45_54": 11.292031987667404, "pct_age_55_64": 18.479622314288463, "pct_age_65_74": 15.89748530686964, "pct_age_75_plus": 9.085653723865498, "pct_edu_none": 20.22276366167769, "pct_edu_secondary": 23.48300266852303, "pct_edu_college": 16.103956375449588, "pct_edu_university": 18.92330896855784, "pct_french": 82.0007762468465, "pct_owners": 78.49439171699741}}, {"arcs": [[900, -886, 901, 902, 903, 904, 905, 906, -217, 907, -483, -879]], "type": "Polygon", "properties": {"CFSAUID": "J0G", "DGUID": "2021A0011J0G", "PRUID": "24", "PRNAME": "Quebec / Qu\u00e9bec", "LANDAREA": 1048.4694, "Somme": 9902.0, "Nombre de donateurs": 126, "Moyenne": 78.58730158730158, "age_total": 18625.0, "median_income_hh": 8495.0, "pct_income_0_30k": 16.068275456150676, "pct_income_30_60k": 20.01177163037081, "pct_income_60_100k": 30.95938787522072, "pct_income_100k_plus": 27.133608004708652, "pct_age_15_24": 8.429530201342281, "pct_age_25_34": 10.442953020134228, "pct_age_35_44": 11.651006711409396, "pct_age_45_54": 12.18791946308725, "pct_age_55_64": 18.14765100671141, "pct_age_65_74": 15.248322147651006, "pct_age_75_plus": 8.456375838926174, "pct_edu_none": 26.35092180546726, "pct_edu_secondary": 20.62937062937063, "pct_edu_college": 16.1474888747616, "pct_edu_university": 8.741258741258742, "pct_french": 98.09191077667296, "pct_owners": 79.39964685108887}}, {"arcs": [[908, -875, -873, -899, 909, 910, 911, -902, -885], [912, 913, 914]], "type": "Polygon", "properties": {"CFSAUID": "J0H", "DGUID": "2021A0011J0H", "PRUID": "24", "PRNAME": "Quebec / Qu\u00e9bec", "LANDAREA": 1954.1085, "Somme": 36557.0, "Nombre de donateurs": 486, "Moyenne": 75.2201646090535, "age_total": 52945.0, "median_income_hh": 22055.0, "pct_income_0_30k": 11.562004080707322, "pct_income_30_60k": 17.955112219451372, "pct_income_60_100k": 31.104058036726368, "pct_income_100k_plus": 33.00838812060757, "pct_age_15_24": 9.982056851449618, "pct_age_25_34": 11.370289923505524, "pct_age_35_44": 13.344036264047595, "pct_age_45_54": 12.541316460477857, "pct_age_55_64": 15.629426763622629, "pct_age_65_74": 11.70082160732836, "pct_age_75_plus": 6.553971102087071, "pct_edu_none": 26.344275797152605, "pct_edu_secondary": 22.649723496881982, "pct_edu_college": 16.67254971173079, "pct_edu_university": 8.706906694905282, "pct_french": 97.80490112593434, "pct_owners": 75.37414965986395}}, {"arcs": [[915, 916, -889, 917, 918, 919, 920, 921, 922, 923, 924]], "type": "Polygon", "properties": {"CFSAUID": "J0J", "DGUID": "2021A0011J0J", "PRUID": "24", "PRNAME": "Quebec / Qu\u00e9bec", "LANDAREA": 1510.2477, "Somme": 15785.85, "Nombre de donateurs": 199, "Moyenne": 79.32587939698493, "age_total": 42140.0, "median_income_hh": 17745.0, "pct_income_0_30k": 11.947027331642715, "pct_income_30_60k": 16.765285996055226, "pct_income_60_100k": 30.853761622992398, "pct_income_100k_plus": 33.86869540715695, "pct_age_15_24": 8.602278120550546, "pct_age_25_34": 11.651637399145704, "pct_age_35_44": 12.13811105837684, "pct_age_45_54": 11.93640246796393, "pct_age_55_64": 17.42999525391552, "pct_age_65_74": 12.992406264831512, "pct_age_75_plus": 7.819174181300427, "pct_edu_none": 23.85107620709715, "pct_edu_secondary": 24.47643979057592, "pct_edu_college": 15.823152995927863, "pct_edu_university": 11.460151250727169, "pct_french": 88.75267793382527, "pct_owners": 81.16023655308365}}, {"arcs": [[925, -906, 926, 927, 928, 929, 930, 931, 932, 933, 934, 935, 936, 937, 938, 939, -219], [940]], "type": "Polygon", "properties": {"CFSAUID": "J0K", "DGUID": "2021A0011J0K", "PRUID": "24", "PRNAME": "Quebec / Qu\u00e9bec", "LANDAREA": 12791.2938, "Somme": 124539.5, "Nombre de donateurs": 1550, "Moyenne": 80.34806451612903, "age_total": 149240.0, "median_income_hh": 67140.0, "pct_income_0_30k": 15.988978254393803, "pct_income_30_60k": 20.36044086982425, "pct_income_60_100k": 31.590705987488832, "pct_income_100k_plus": 26.35537682454572, "pct_age_15_24": 7.9469311176628255, "pct_age_25_34": 11.005762530152774, "pct_age_35_44": 11.622219244170465, "pct_age_45_54": 11.618868935942109, "pct_age_55_64": 18.852184400964887, "pct_age_65_74": 14.731305280085769, "pct_age_75_plus": 8.513133208255159, "pct_edu_none": 25.4300400696159, "pct_edu_secondary": 24.086291334439636, "pct_edu_college": 14.591006597320597, "pct_edu_university": 9.997166794835472, "pct_french": 95.6229297640776, "pct_owners": 75.98123184627988}}, {"arcs": [[[-898, 941, -925, 942, 943, 944, -910]], [[-912, 945, 946, 947, 948, 949, 950, 951, 952, -929, 953, -903]], [[954, -919, 955, 956, 957, 958, 959, 960]]], "type": "MultiPolygon", "properties": {"CFSAUID": "J0L", "DGUID": "2021A0011J0L", "PRUID": "24", "PRNAME": "Quebec / Qu\u00e9bec", "LANDAREA": 1274.3479, "Somme": 33453.4, "Nombre de donateurs": 512, "Moyenne": 65.338671875, "age_total": 83315.0, "median_income_hh": 33385.0, "pct_income_0_30k": 9.675003744196497, "pct_income_30_60k": 13.973341320952525, "pct_income_60_100k": 29.204732664370223, "pct_income_100k_plus": 40.60206679646548, "pct_age_15_24": 9.314049090799976, "pct_age_25_34": 13.743023465162334, "pct_age_35_44": 14.877273000060011, "pct_age_45_54": 12.032647182380124, "pct_age_55_64": 14.193122486947129, "pct_age_65_74": 10.184240532917242, "pct_age_75_plus": 6.199363860049211, "pct_edu_none": 23.269378357636224, "pct_edu_secondary": 23.23100537221796, "pct_edu_college": 16.930161166538756, "pct_edu_university": 12.095165003837298, "pct_french": 93.91969177051352, "pct_owners": 76.79988025744649}}, {"arcs": [[[961]], [[962]], [[963, 964]], [[965, 966]], [[967]], [[968, 969]], [[970, 971]], [[972, 973]], [[974, 975]], [[976]], [[977]], [[978]], [[979]], [[980]], [[981]], [[982, 983]], [[984]], [[985]], [[986]], [[987]], [[988, 989]]], "type": "MultiPolygon", "properties": {"CFSAUID": "J0M", "DGUID": "2021A0011J0M", "PRUID": "24", "PRNAME": "Quebec / Qu\u00e9bec", "LANDAREA": 7588.2175, "Somme": 175.0, "Nombre de donateurs": 2, "Moyenne": 87.5, "age_total": 25105.0, "median_income_hh": 6645.0, "pct_income_0_30k": 7.900677200902935, "pct_income_30_60k": 9.631301730624529, "pct_income_60_100k": 24.60496613995485, "pct_income_100k_plus": 51.16629044394282, "pct_age_15_24": 17.14797849034057, "pct_age_25_34": 15.395339573790082, "pct_age_35_44": 11.133240390360486, "pct_age_45_54": 10.5556662019518, "pct_age_55_64": 7.528380800637323, "pct_age_65_74": 3.8637721569408487, "pct_age_75_plus": 1.5335590519816769, "pct_edu_none": 54.98957402442657, "pct_edu_secondary": 18.856121537086683, "pct_edu_college": 9.442955019362524, "pct_edu_university": 5.481084301459636, "pct_french": 2.7372627372627374, "pct_owners": 6.1607813673929375}}, {"arcs": [[[-822, -826, -836, -849, 990, 991, 992, 993, 994]], [[995, 996, 997, 998, 999, 1000]]], "type": "MultiPolygon", "properties": {"CFSAUID": "J0N", "DGUID": "2021A0011J0N", "PRUID": "24", "PRNAME": "Quebec / Qu\u00e9bec", "LANDAREA": 216.8419, "Somme": 12296.0, "Nombre de donateurs": 176, "Moyenne": 69.86363636363636, "age_total": 52115.0, "median_income_hh": 20250.0, "pct_income_0_30k": 8.419753086419753, "pct_income_30_60k": 13.703703703703704, "pct_income_60_100k": 29.1358024691358, "pct_income_100k_plus": 41.92592592592593, "pct_age_15_24": 9.699702580830854, "pct_age_25_34": 11.94473759953948, "pct_age_35_44": 15.974287633119063, "pct_age_45_54": 12.971313441427611, "pct_age_55_64": 14.285714285714285, "pct_age_65_74": 9.488630912405258, "pct_age_75_plus": 4.998560874988008, "pct_edu_none": 20.14060187469166, "pct_edu_secondary": 23.53231376418352, "pct_edu_college": 16.872224962999507, "pct_edu_university": 14.220522940305871, "pct_french": 90.92941862726036, "pct_owners": 79.62962962962963}}, {"arcs": [[[-992, 1001, 1002, 1003, 1004, 1005, 1006, 1007, 1008, 1009, 1010]], [[1011, 1012, 1013, 1014]]], "type": "MultiPolygon", "properties": {"CFSAUID": "J0P", "DGUID": "2021A0011J0P", "PRUID": "24", "PRNAME": "Quebec / Qu\u00e9bec", "LANDAREA": 581.7591, "Somme": 18890.0, "Nombre de donateurs": 214, "Moyenne": 88.27102803738318, "age_total": 42965.0, "median_income_hh": 17815.0, "pct_income_0_30k": 10.300308728599497, "pct_income_30_60k": 14.313780522031996, "pct_income_60_100k": 28.34689868088689, "pct_income_100k_plus": 40.86444007858546, "pct_age_15_24": 9.519376236471548, "pct_age_25_34": 10.985686023507506, "pct_age_35_44": 12.929128360293262, "pct_age_45_54": 13.103689049226114, "pct_age_55_64": 15.722099383218898, "pct_age_65_74": 12.265797742348424, "pct_age_75_plus": 7.808681484929594, "pct_edu_none": 17.331993107409534, "pct_edu_secondary": 24.612291786329692, "pct_edu_college": 18.624353819643883, "pct_edu_university": 17.604824813325674, "pct_french": 75.85560243788092, "pct_owners": 79.06846240179574}}, {"arcs": [[1015, 1016, 1017, 1018, 1019, 1020, 1021, 1022, 1023]], "type": "Polygon", "properties": {"CFSAUID": "J0R", "DGUID": "2021A0011J0R", "PRUID": "24", "PRNAME": "Quebec / Qu\u00e9bec", "LANDAREA": 245.5991, "Somme": 41683.64, "Nombre de donateurs": 483, "Moyenne": 86.3015320910973, "age_total": 39045.0, "median_income_hh": 18065.0, "pct_income_0_30k": 10.655964572377526, "pct_income_30_60k": 15.44422917243288, "pct_income_60_100k": 27.705507888181568, "pct_income_100k_plus": 40.07749792416275, "pct_age_15_24": 7.92675118453067, "pct_age_25_34": 8.131642976053271, "pct_age_35_44": 11.000128057369702, "pct_age_45_54": 13.03624023562556, "pct_age_55_64": 19.759252144960943, "pct_age_65_74": 16.685875272121912, "pct_age_75_plus": 9.757971571263926, "pct_edu_none": 12.221391174270757, "pct_edu_secondary": 23.455497382198956, "pct_edu_college": 20.359012715033657, "pct_edu_university": 24.457741211667912, "pct_french": 88.88746145940391, "pct_owners": 79.0420819490587}}, {"arcs": [[-957, 1024, -1009, 1025, 1026, 1027, 1028, 1029, 1030]], "type": "Polygon", "properties": {"CFSAUID": "J0S", "DGUID": "2021A0011J0S", "PRUID": "24", "PRNAME": "Quebec / Qu\u00e9bec", "LANDAREA": 1459.7824, "Somme": 17335.0, "Nombre de donateurs": 203, "Moyenne": 85.39408866995073, "age_total": 34120.0, "median_income_hh": 14780.0, "pct_income_0_30k": 14.411366711772668, "pct_income_30_60k": 19.01217861975643, "pct_income_60_100k": 30.818673883626523, "pct_income_100k_plus": 30.00676589986469, "pct_age_15_24": 8.61664712778429, "pct_age_25_34": 11.97245017584994, "pct_age_35_44": 11.532825322391558, "pct_age_45_54": 11.430246189917936, "pct_age_55_64": 17.23329425556858, "pct_age_65_74": 13.423212192262602, "pct_age_75_plus": 8.748534583821806, "pct_edu_none": 24.08367602360093, "pct_edu_secondary": 24.58430180582872, "pct_edu_college": 16.860361165742894, "pct_edu_university": 10.763454317897372, "pct_french": 75.85189555981708, "pct_owners": 74.45008460236888}}, {"arcs": [[1031, -1022, 1032, 1033, 1034, 1035, 1036, 1037, -938], [1038], [1039]], "type": "Polygon", "properties": {"CFSAUID": "J0T", "DGUID": "2021A0011J0T", "PRUID": "24", "PRNAME": "Quebec / Qu\u00e9bec", "LANDAREA": 5319.6991, "Somme": 50889.0, "Nombre de donateurs": 607, "Moyenne": 83.83690280065898, "age_total": 51465.0, "median_income_hh": 26035.0, "pct_income_0_30k": 17.822162473593238, "pct_income_30_60k": 20.47244094488189, "pct_income_60_100k": 31.534472825043213, "pct_income_100k_plus": 24.9279815632802, "pct_age_15_24": 5.955503740406101, "pct_age_25_34": 7.956863888079277, "pct_age_35_44": 10.414845040318662, "pct_age_45_54": 11.85271543767609, "pct_age_55_64": 23.2293791897406, "pct_age_65_74": 18.91576799766832, "pct_age_75_plus": 10.142815505683474, "pct_edu_none": 19.81417217060338, "pct_edu_secondary": 23.855367737602148, "pct_edu_college": 16.00806000223889, "pct_edu_university": 16.646143512817645, "pct_french": 92.06364797171202, "pct_owners": 79.84227736103097}}, {"arcs": [[[1040, -993, -1011, 1041, 1042, 1043]], [[1044, 1045, -1020, 1046]], [[1047, -1035, 1048, 1049, 1050, 1051, 1052, 1053, -1037]]], "type": "MultiPolygon", "properties": {"CFSAUID": "J0V", "DGUID": "2021A0011J0V", "PRUID": "24", "PRNAME": "Quebec / Qu\u00e9bec", "LANDAREA": 2377.9266, "Somme": 25428.55, "Nombre de donateurs": 296, "Moyenne": 85.90726351351351, "age_total": 27295.0, "median_income_hh": 12910.0, "pct_income_0_30k": 17.195972114639815, "pct_income_30_60k": 20.75910147172734, "pct_income_60_100k": 31.099922540666157, "pct_income_100k_plus": 25.135553834237022, "pct_age_15_24": 7.25407583806558, "pct_age_25_34": 8.976002930939734, "pct_age_35_44": 10.05678695731819, "pct_age_45_54": 12.090126396775966, "pct_age_55_64": 20.864627221102765, "pct_age_65_74": 17.750503755266532, "pct_age_75_plus": 10.05678695731819, "pct_edu_none": 23.93289445742196, "pct_edu_secondary": 25.1221066043746, "pct_edu_college": 15.035039286472712, "pct_edu_university": 11.849649607135271, "pct_french": 88.66568374493181, "pct_owners": 77.35124760076776}}, {"arcs": [[-1038, -1054, 1054, 1055, 1056, 1057, 1058, 1059, -939]], "type": "Polygon", "properties": {"CFSAUID": "J0W", "DGUID": "2021A0011J0W", "PRUID": "24", "PRNAME": "Quebec / Qu\u00e9bec", "LANDAREA": 9333.9895, "Somme": 8334.31, "Nombre de donateurs": 102, "Moyenne": 81.70892156862745, "age_total": 16610.0, "median_income_hh": 8135.0, "pct_income_0_30k": 19.17639827904118, "pct_income_30_60k": 24.09342347879533, "pct_income_60_100k": 31.16164720344192, "pct_income_100k_plus": 20.71296865396435, "pct_age_15_24": 6.532209512341964, "pct_age_25_34": 8.037326911499097, "pct_age_35_44": 9.63275135460566, "pct_age_45_54": 10.806742925948225, "pct_age_55_64": 21.88440698374473, "pct_age_65_74": 20.409391932570745, "pct_age_75_plus": 10.98735701384708, "pct_edu_none": 29.68858131487889, "pct_edu_secondary": 21.10726643598616, "pct_edu_college": 13.01038062283737, "pct_edu_university": 8.477508650519031, "pct_french": 96.83066706912165, "pct_owners": 80.11083743842364}}, {"arcs": [[[1060, 1061, 1062, -1051]], [[1063, -1055, -1053, 1064, 1065, 1066, 1067, 1068, 1069, 1070, 1071, -1059]]], "type": "MultiPolygon", "properties": {"CFSAUID": "J0X", "DGUID": "2021A0011J0X", "PRUID": "24", "PRNAME": "Quebec / Qu\u00e9bec", "LANDAREA": 22196.4282, "Somme": 13765.0, "Nombre de donateurs": 146, "Moyenne": 94.28082191780824, "age_total": 48485.0, "median_income_hh": 21785.0, "pct_income_0_30k": 16.800550837732384, "pct_income_30_60k": 18.33830617397292, "pct_income_60_100k": 28.345191645627725, "pct_income_100k_plus": 31.099380307551066, "pct_age_15_24": 8.208724347736414, "pct_age_25_34": 9.817469320408376, "pct_age_35_44": 10.559967000103123, "pct_age_45_54": 12.488398473754769, "pct_age_55_64": 19.655563576363825, "pct_age_65_74": 15.582138805816232, "pct_age_75_plus": 8.724347736413323, "pct_edu_none": 26.906050172159368, "pct_edu_secondary": 25.84849975405804, "pct_edu_college": 17.36350221347762, "pct_edu_university": 12.161829808165272, "pct_french": 58.52974768975184, "pct_owners": 81.58256880733946}}, {"arcs": [[[1072, -61, 1073, -59, -175, -451, -201, -447, -452, -445, -220, -940, -1060, -1072, 1074, 1075, 1076, 1077, 1078, 1079, -965, 1080, -967, 1081, -970, 1082, -972, 1083, -974, 1084, -976, 1085, -984, 1086, -990, 1087], [-195], [-196], [-197], [-198], [-962], [-963], [-968], [-977], [-978], [-979], [-980], [-981], [-982], [-985], [-986], [-987], [-988], [1089]], [[1088]]], "type": "MultiPolygon", "properties": {"CFSAUID": "J0Y", "DGUID": "2021A0011J0Y", "PRUID": "24", "PRNAME": "Quebec / Qu\u00e9bec", "LANDAREA": 758980.8299, "Somme": 11881.0, "Nombre de donateurs": 150, "Moyenne": 79.20666666666666, "age_total": 29035.0, "median_income_hh": 12280.0, "pct_income_0_30k": 13.232899022801304, "pct_income_30_60k": 15.675895765472312, "pct_income_60_100k": 27.48371335504886, "pct_income_100k_plus": 37.9885993485342, "pct_age_15_24": 10.10848975374548, "pct_age_25_34": 12.054417082831064, "pct_age_35_44": 11.95109350783537, "pct_age_45_54": 12.226623041157223, "pct_age_55_64": 16.445669020148095, "pct_age_65_74": 11.95109350783537, "pct_age_75_plus": 5.889443774754607, "pct_edu_none": 32.50054312404953, "pct_edu_secondary": 19.422116011296986, "pct_edu_college": 13.317401694547035, "pct_edu_university": 7.929611123180534, "pct_french": 88.34632034632035, "pct_owners": 72.46022031823746}}, {"arcs": [[[1090, 1091, 1092, 1093, -1077, 1094, -1075, -1071, 1095, 1096, 1097, 1098], [1103], [1104]], [[1099, 1100, 1101, 1102, -1079], [1105]]], "type": "MultiPolygon", "properties": {"CFSAUID": "J0Z", "DGUID": "2021A0011J0Z", "PRUID": "24", "PRNAME": "Quebec / Qu\u00e9bec", "LANDAREA": 26583.4089, "Somme": 19108.0, "Nombre de donateurs": 244, "Moyenne": 78.31147540983606, "age_total": 34455.0, "median_income_hh": 15060.0, "pct_income_0_30k": 14.375830013280211, "pct_income_30_60k": 17.861885790172643, "pct_income_60_100k": 27.98804780876494, "pct_income_100k_plus": 34.36254980079681, "pct_age_15_24": 9.389058191844434, "pct_age_25_34": 10.44841097083152, "pct_age_35_44": 12.146277753591642, "pct_age_45_54": 11.420693658395008, "pct_age_55_64": 17.486576694238863, "pct_age_65_74": 13.597445943984908, "pct_age_75_plus": 7.2703526338702655, "pct_edu_none": 28.169522091974752, "pct_edu_secondary": 20.162308385933272, "pct_edu_college": 14.265103697024346, "pct_edu_university": 8.854824165915238, "pct_french": 90.02333722287048, "pct_owners": 80.84469571000997}}, {"arcs": [[1106, -856]], "type": "Polygon", "properties": {"CFSAUID": "J1A", "DGUID": "2021A0011J1A", "PRUID": "24", "PRNAME": "Quebec / Qu\u00e9bec", "LANDAREA": 219.4495, "Somme": 6115.0, "Nombre de donateurs": 71, "Moyenne": 86.12676056338029, "age_total": 9130.0, "median_income_hh": 4115.0, "pct_income_0_30k": 17.132442284325638, "pct_income_30_60k": 21.38517618469016, "pct_income_60_100k": 31.470230862697445, "pct_income_100k_plus": 24.4228432563791, "pct_age_15_24": 9.967141292442497, "pct_age_25_34": 10.514786418400876, "pct_age_35_44": 10.624315443592552, "pct_age_45_54": 10.733844468784229, "pct_age_55_64": 16.210295728368017, "pct_age_65_74": 13.417305585980284, "pct_age_75_plus": 12.431544359255204, "pct_edu_none": 29.912221471978395, "pct_edu_secondary": 23.295070898041864, "pct_edu_college": 11.411208642808914, "pct_edu_university": 8.305199189736664, "pct_french": 93.14538419016031, "pct_owners": 61.2942612942613}}, {"arcs": [[1107, 1108, 1109, -868, 1110, -865]], "type": "Polygon", "properties": {"CFSAUID": "J1C", "DGUID": "2021A0011J1C", "PRUID": "24", "PRNAME": "Quebec / Qu\u00e9bec", "LANDAREA": 77.1706, "Somme": 1170.0, "Nombre de donateurs": 23, "Moyenne": 50.869565217391305, "age_total": 6840.0, "median_income_hh": 2750.0, "pct_income_0_30k": 10.727272727272728, "pct_income_30_60k": 15.272727272727272, "pct_income_60_100k": 30.909090909090907, "pct_income_100k_plus": 36.90909090909091, "pct_age_15_24": 9.7953216374269, "pct_age_25_34": 10.67251461988304, "pct_age_35_44": 13.669590643274852, "pct_age_45_54": 12.207602339181287, "pct_age_55_64": 14.035087719298245, "pct_age_65_74": 11.769005847953215, "pct_age_75_plus": 9.502923976608187, "pct_edu_none": 16.11058150619638, "pct_edu_secondary": 20.68636796949476, "pct_edu_college": 20.400381315538606, "pct_edu_university": 18.398474737845564, "pct_french": 97.21203228173148, "pct_owners": 72.54545454545455}}, {"arcs": [[1111, 1112, 1113, 1114, -1109, 1115]], "type": "Polygon", "properties": {"CFSAUID": "J1E", "DGUID": "2021A0011J1E", "PRUID": "24", "PRNAME": "Quebec / Qu\u00e9bec", "LANDAREA": 18.2747, "Somme": 14145.14, "Nombre de donateurs": 186, "Moyenne": 76.04913978494623, "age_total": 25865.0, "median_income_hh": 12655.0, "pct_income_0_30k": 23.38996444093244, "pct_income_30_60k": 23.0738838403793, "pct_income_60_100k": 29.316475701303837, "pct_income_100k_plus": 19.35993678387989, "pct_age_15_24": 13.783104581480766, "pct_age_25_34": 15.464913976416009, "pct_age_35_44": 12.255944326309685, "pct_age_45_54": 9.955538372317804, "pct_age_55_64": 12.023970616663444, "pct_age_65_74": 11.270056060313165, "pct_age_75_plus": 8.930987821380242, "pct_edu_none": 21.27208480565371, "pct_edu_secondary": 22.75618374558304, "pct_edu_college": 17.45583038869258, "pct_edu_university": 16.560659599528858, "pct_french": 89.08246225319397, "pct_owners": 40.12588512981904}}, {"arcs": [[1116, 1117, -1112, 1118, -863]], "type": "Polygon", "properties": {"CFSAUID": "J1G", "DGUID": "2021A0011J1G", "PRUID": "24", "PRNAME": "Quebec / Qu\u00e9bec", "LANDAREA": 11.867, "Somme": 12630.0, "Nombre de donateurs": 163, "Moyenne": 77.48466257668711, "age_total": 19635.0, "median_income_hh": 9140.0, "pct_income_0_30k": 20.51422319474836, "pct_income_30_60k": 20.787746170678336, "pct_income_60_100k": 28.82932166301969, "pct_income_100k_plus": 24.89059080962801, "pct_age_15_24": 10.6951871657754, "pct_age_25_34": 11.331805449452508, "pct_age_35_44": 11.662846956964604, "pct_age_45_54": 10.338680926916222, "pct_age_55_64": 14.795008912655971, "pct_age_65_74": 14.540361599185127, "pct_age_75_plus": 11.76470588235294, "pct_edu_none": 19.29321872015282, "pct_edu_secondary": 20.885068449538363, "pct_edu_college": 18.115249920407518, "pct_edu_university": 19.26138172556511, "pct_french": 91.7057902973396, "pct_owners": 53.047775947281714}}, {"arcs": [[[-1118, 1119, -861, 1120, 1121, 1122, -1113]], [[-1116, -1108, -864, -1119]]], "type": "MultiPolygon", "properties": {"CFSAUID": "J1H", "DGUID": "2021A0011J1H", "PRUID": "24", "PRNAME": "Quebec / Qu\u00e9bec", "LANDAREA": 23.8305, "Somme": 18836.59, "Nombre de donateurs": 241, "Moyenne": 78.1601244813278, "age_total": 29655.0, "median_income_hh": 15595.0, "pct_income_0_30k": 30.07374158384097, "pct_income_30_60k": 24.911830714972748, "pct_income_60_100k": 27.98974030137865, "pct_income_100k_plus": 13.337608207758898, "pct_age_15_24": 17.433822289664473, "pct_age_25_34": 19.47395042994436, "pct_age_35_44": 11.937278705108753, "pct_age_45_54": 9.49249704940145, "pct_age_55_64": 11.566346315966952, "pct_age_65_74": 10.13319844882819, "pct_age_75_plus": 7.132018209408194, "pct_edu_none": 18.21887100061137, "pct_edu_secondary": 19.604646423476662, "pct_edu_college": 17.607499490523743, "pct_edu_university": 26.553902588139398, "pct_french": 85.21663778162912, "pct_owners": 24.71946136582238}}, {"arcs": [[-1123, 1123, 1124, -1114]], "type": "Polygon", "properties": {"CFSAUID": "J1J", "DGUID": "2021A0011J1J", "PRUID": "24", "PRNAME": "Quebec / Qu\u00e9bec", "LANDAREA": 8.268, "Somme": 38020.0, "Nombre de donateurs": 400, "Moyenne": 95.05, "age_total": 15450.0, "median_income_hh": 7300.0, "pct_income_0_30k": 16.575342465753426, "pct_income_30_60k": 19.52054794520548, "pct_income_60_100k": 29.10958904109589, "pct_income_100k_plus": 30.273972602739725, "pct_age_15_24": 10.355987055016184, "pct_age_25_34": 11.003236245954692, "pct_age_35_44": 10.647249190938512, "pct_age_45_54": 9.676375404530743, "pct_age_55_64": 14.239482200647249, "pct_age_65_74": 14.433656957928804, "pct_age_75_plus": 17.37864077669903, "pct_edu_none": 10.88659793814433, "pct_edu_secondary": 16.948453608247423, "pct_edu_college": 18.2680412371134, "pct_edu_university": 39.298969072164944, "pct_french": 88.74488403819917, "pct_owners": 50.624133148404994}}, {"arcs": [[1125, 1126, -1124, -1122]], "type": "Polygon", "properties": {"CFSAUID": "J1K", "DGUID": "2021A0011J1K", "PRUID": "24", "PRNAME": "Quebec / Qu\u00e9bec", "LANDAREA": 7.5532, "Somme": 11200.0, "Nombre de donateurs": 114, "Moyenne": 98.24561403508773, "age_total": 7435.0, "median_income_hh": 3450.0, "pct_income_0_30k": 22.89855072463768, "pct_income_30_60k": 20.57971014492753, "pct_income_60_100k": 29.130434782608692, "pct_income_100k_plus": 22.17391304347826, "pct_age_15_24": 23.40282447881641, "pct_age_25_34": 15.870880968392736, "pct_age_35_44": 10.1546738399462, "pct_age_45_54": 9.616677874915938, "pct_age_55_64": 11.230665770006723, "pct_age_65_74": 7.599193006052454, "pct_age_75_plus": 9.21318090114324, "pct_edu_none": 11.906677393403058, "pct_edu_secondary": 15.205148833467415, "pct_edu_college": 22.84794851166533, "pct_edu_university": 33.3869670152856, "pct_french": 87.54208754208754, "pct_owners": 48.613138686131386}}, {"arcs": [[-1127, 1127, 1128, -869, -1110, -1115, -1125]], "type": "Polygon", "properties": {"CFSAUID": "J1L", "DGUID": "2021A0011J1L", "PRUID": "24", "PRNAME": "Quebec / Qu\u00e9bec", "LANDAREA": 25.6087, "Somme": 20367.0, "Nombre de donateurs": 236, "Moyenne": 86.30084745762711, "age_total": 16040.0, "median_income_hh": 8215.0, "pct_income_0_30k": 17.46804625684723, "pct_income_30_60k": 23.554473524041388, "pct_income_60_100k": 31.284236153377964, "pct_income_100k_plus": 22.58064516129032, "pct_age_15_24": 10.317955112219453, "pct_age_25_34": 10.910224438902745, "pct_age_35_44": 10.06857855361596, "pct_age_45_54": 9.72568578553616, "pct_age_55_64": 13.21695760598504, "pct_age_65_74": 15.679551122194512, "pct_age_75_plus": 18.51620947630923, "pct_edu_none": 14.924297043979813, "pct_edu_secondary": 23.14347512617159, "pct_edu_college": 18.385003604902668, "pct_edu_university": 26.42393655371305, "pct_french": 87.18428437792329, "pct_owners": 38.493975903614455}}, {"arcs": [[-1120, -1117, -862]], "type": "Polygon", "properties": {"CFSAUID": "J1M", "DGUID": "2021A0011J1M", "PRUID": "24", "PRNAME": "Quebec / Qu\u00e9bec", "LANDAREA": 27.9132, "Somme": 3045.0, "Nombre de donateurs": 35, "Moyenne": 87.0, "age_total": 5925.0, "median_income_hh": 2625.0, "pct_income_0_30k": 22.47619047619048, "pct_income_30_60k": 18.857142857142858, "pct_income_60_100k": 26.666666666666668, "pct_income_100k_plus": 27.80952380952381, "pct_age_15_24": 16.624472573839665, "pct_age_25_34": 12.57383966244726, "pct_age_35_44": 11.645569620253164, "pct_age_45_54": 9.78902953586498, "pct_age_55_64": 12.151898734177214, "pct_age_65_74": 11.476793248945148, "pct_age_75_plus": 10.80168776371308, "pct_edu_none": 11.937172774869111, "pct_edu_secondary": 21.780104712041883, "pct_edu_college": 19.162303664921467, "pct_edu_university": 31.93717277486911, "pct_french": 45.51056338028169, "pct_owners": 51.61290322580645}}, {"arcs": [[-1126, -1121, -860, 1129, 1130, -1128]], "type": "Polygon", "properties": {"CFSAUID": "J1N", "DGUID": "2021A0011J1N", "PRUID": "24", "PRNAME": "Quebec / Qu\u00e9bec", "LANDAREA": 80.0132, "Somme": 19342.0, "Nombre de donateurs": 228, "Moyenne": 84.83333333333333, "age_total": 35085.0, "median_income_hh": 14510.0, "pct_income_0_30k": 7.925568573397657, "pct_income_30_60k": 14.886285320468644, "pct_income_60_100k": 29.186767746381804, "pct_income_100k_plus": 41.557546519641626, "pct_age_15_24": 11.614650135385492, "pct_age_25_34": 12.38420977625766, "pct_age_35_44": 14.407866609662248, "pct_age_45_54": 13.068262790366251, "pct_age_55_64": 12.768989596693745, "pct_age_65_74": 10.161037480404731, "pct_age_75_plus": 5.657688470856492, "pct_edu_none": 13.578909353557242, "pct_edu_secondary": 19.429396894185626, "pct_edu_college": 19.30299747201156, "pct_edu_university": 25.857710364752617, "pct_french": 93.79457917261055, "pct_owners": 72.89944903581267}}, {"arcs": [[1131, -870, -1129, -1131]], "type": "Polygon", "properties": {"CFSAUID": "J1R", "DGUID": "2021A0011J1R", "PRUID": "24", "PRNAME": "Quebec / Qu\u00e9bec", "LANDAREA": 72.899, "Somme": 4467.0, "Nombre de donateurs": 62, "Moyenne": 72.04838709677419, "age_total": 10960.0, "median_income_hh": 4220.0, "pct_income_0_30k": 5.213270142180095, "pct_income_30_60k": 12.322274881516588, "pct_income_60_100k": 29.14691943127962, "pct_income_100k_plus": 46.44549763033176, "pct_age_15_24": 10.675182481751824, "pct_age_25_34": 11.4507299270073, "pct_age_35_44": 15.465328467153286, "pct_age_45_54": 14.096715328467152, "pct_age_55_64": 13.138686131386862, "pct_age_65_74": 8.85036496350365, "pct_age_75_plus": 4.288321167883212, "pct_edu_none": 14.92450638792102, "pct_edu_secondary": 21.254355400696863, "pct_edu_college": 20.78977932636469, "pct_edu_university": 19.57026713124274, "pct_french": 95.8941605839416, "pct_owners": 86.05200945626478}}, {"arcs": [[-866, -1111, -867, -851]], "type": "Polygon", "properties": {"CFSAUID": "J1S", "DGUID": "2021A0011J1S", "PRUID": "24", "PRNAME": "Quebec / Qu\u00e9bec", "LANDAREA": 225.0653, "Somme": 3160.0, "Nombre de donateurs": 42, "Moyenne": 75.23809523809524, "age_total": 7865.0, "median_income_hh": 3440.0, "pct_income_0_30k": 15.55232558139535, "pct_income_30_60k": 18.75, "pct_income_60_100k": 31.3953488372093, "pct_income_100k_plus": 28.63372093023256, "pct_age_15_24": 8.900190718372535, "pct_age_25_34": 11.252383979656706, "pct_age_35_44": 12.20597584233948, "pct_age_45_54": 11.315956770502224, "pct_age_55_64": 16.1474888747616, "pct_age_65_74": 11.888111888111888, "pct_age_75_plus": 9.853782581055308, "pct_edu_none": 22.74573517465475, "pct_edu_secondary": 22.095857026807472, "pct_edu_college": 17.465475223395615, "pct_edu_university": 8.367181153533712, "pct_french": 96.46365422396856, "pct_owners": 69.03039073806077}}, {"arcs": [[-854]], "type": "Polygon", "properties": {"CFSAUID": "J1T", "DGUID": "2021A0011J1T", "PRUID": "24", "PRNAME": "Quebec / Qu\u00e9bec", "LANDAREA": 47.1673, "Somme": 7480.0, "Nombre de donateurs": 92, "Moyenne": 81.30434782608695, "age_total": 7990.0, "median_income_hh": 3870.0, "pct_income_0_30k": 25.58139534883721, "pct_income_30_60k": 24.67700258397933, "pct_income_60_100k": 29.97416020671835, "pct_income_100k_plus": 15.503875968992247, "pct_age_15_24": 8.385481852315396, "pct_age_25_34": 8.32290362953692, "pct_age_35_44": 10.075093867334168, "pct_age_45_54": 9.574468085106384, "pct_age_55_64": 15.206508135168962, "pct_age_65_74": 18.21026282853567, "pct_age_75_plus": 16.520650813516895, "pct_edu_none": 30.03831417624521, "pct_edu_secondary": 24.90421455938697, "pct_edu_college": 13.10344827586207, "pct_edu_university": 6.360153256704981, "pct_french": 96.9329073482428, "pct_owners": 58.24742268041238}}, {"arcs": [[-871, -1132, -1130, -859, -887]], "type": "Polygon", "properties": {"CFSAUID": "J1X", "DGUID": "2021A0011J1X", "PRUID": "24", "PRNAME": "Quebec / Qu\u00e9bec", "LANDAREA": 333.4512, "Somme": 43165.0, "Nombre de donateurs": 463, "Moyenne": 93.22894168466524, "age_total": 33945.0, "median_income_hh": 15965.0, "pct_income_0_30k": 16.47353585969308, "pct_income_30_60k": 19.69934231130598, "pct_income_60_100k": 28.280613842781083, "pct_income_100k_plus": 30.3163169433135, "pct_age_15_24": 7.7330976579761375, "pct_age_25_34": 8.116070113418766, "pct_age_35_44": 10.458093975548682, "pct_age_45_54": 11.533362792752982, "pct_age_55_64": 18.30902931212255, "pct_age_65_74": 16.791869200176755, "pct_age_75_plus": 13.566062748563851, "pct_edu_none": 18.99341988262493, "pct_edu_secondary": 21.376489418459897, "pct_edu_college": 16.041259114351767, "pct_edu_university": 22.461319580295218, "pct_french": 92.46268656716416, "pct_owners": 66.8126368470441}}, {"arcs": [[1132, 1133, 1134, 1135, -880, -901, -878]], "type": "Polygon", "properties": {"CFSAUID": "J1Z", "DGUID": "2021A0011J1Z", "PRUID": "24", "PRNAME": "Quebec / Qu\u00e9bec", "LANDAREA": 170.087, "Somme": 4085.0, "Nombre de donateurs": 40, "Moyenne": 102.125, "age_total": 5740.0, "median_income_hh": 2185.0, "pct_income_0_30k": 10.297482837528603, "pct_income_30_60k": 16.475972540045767, "pct_income_60_100k": 29.290617848970253, "pct_income_100k_plus": 38.672768878718536, "pct_age_15_24": 10.452961672473869, "pct_age_25_34": 11.062717770034842, "pct_age_35_44": 14.45993031358885, "pct_age_45_54": 12.717770034843207, "pct_age_55_64": 12.282229965156796, "pct_age_65_74": 10.888501742160278, "pct_age_75_plus": 4.790940766550523, "pct_edu_none": 22.5769669327252, "pct_edu_secondary": 20.63854047890536, "pct_edu_college": 17.103762827822123, "pct_edu_university": 11.630558722919044, "pct_french": 98.513986013986, "pct_owners": 80.45977011494253}}, {"arcs": [[-909, -884, 1136, 1137, 1138, -876]], "type": "Polygon", "properties": {"CFSAUID": "J2A", "DGUID": "2021A0011J2A", "PRUID": "24", "PRNAME": "Quebec / Qu\u00e9bec", "LANDAREA": 95.4163, "Somme": 3625.0, "Nombre de donateurs": 51, "Moyenne": 71.07843137254902, "age_total": 12265.0, "median_income_hh": 4955.0, "pct_income_0_30k": 9.687184661957618, "pct_income_30_60k": 15.438950554994952, "pct_income_60_100k": 32.39152371342079, "pct_income_100k_plus": 36.02421796165489, "pct_age_15_24": 10.395434162250304, "pct_age_25_34": 11.944557684467998, "pct_age_35_44": 15.12433754586221, "pct_age_45_54": 13.045250713412148, "pct_age_55_64": 14.920505503465144, "pct_age_65_74": 10.191602119853242, "pct_age_75_plus": 4.035874439461884, "pct_edu_none": 20.634920634920636, "pct_edu_secondary": 22.68305171530978, "pct_edu_college": 18.17716333845366, "pct_edu_university": 11.059907834101384, "pct_french": 96.49408887077048, "pct_owners": 80.5247225025227}}, {"arcs": [[[1139, -881, -1136]], [[-1137, -883, 1140, 1141]], [[-877, -1139, 1142, -1133]]], "type": "MultiPolygon", "properties": {"CFSAUID": "J2B", "DGUID": "2021A0011J2B", "PRUID": "24", "PRNAME": "Quebec / Qu\u00e9bec", "LANDAREA": 97.3022, "Somme": 16575.0, "Nombre de donateurs": 221, "Moyenne": 75.0, "age_total": 33110.0, "median_income_hh": 15380.0, "pct_income_0_30k": 20.51365409622887, "pct_income_30_60k": 21.65149544863459, "pct_income_60_100k": 28.99869960988297, "pct_income_100k_plus": 23.569570871261377, "pct_age_15_24": 10.827544548474782, "pct_age_25_34": 12.428269405013593, "pct_age_35_44": 13.772274237390516, "pct_age_45_54": 11.114466928420416, "pct_age_55_64": 13.711869525823014, "pct_age_65_74": 12.488674116581093, "pct_age_75_plus": 8.230141951072184, "pct_edu_none": 24.315133194785567, "pct_edu_secondary": 23.011524655204987, "pct_edu_college": 17.041375401473644, "pct_edu_university": 12.77158511241262, "pct_french": 94.8347425057648, "pct_owners": 50.84580351333767}}, {"arcs": [[-1138, -1142, 1143, -1134, -1143]], "type": "Polygon", "properties": {"CFSAUID": "J2C", "DGUID": "2021A0011J2C", "PRUID": "24", "PRNAME": "Quebec / Qu\u00e9bec", "LANDAREA": 26.7063, "Somme": 24850.0, "Nombre de donateurs": 292, "Moyenne": 85.1027397260274, "age_total": 29990.0, "median_income_hh": 14605.0, "pct_income_0_30k": 20.78055460458747, "pct_income_30_60k": 22.868880520369736, "pct_income_60_100k": 28.894214310167747, "pct_income_100k_plus": 23.10852447791852, "pct_age_15_24": 10.336778926308767, "pct_age_25_34": 9.453151050350115, "pct_age_35_44": 10.78692897632544, "pct_age_45_54": 10.703567855951984, "pct_age_55_64": 15.45515171723908, "pct_age_65_74": 16.255418472824275, "pct_age_75_plus": 15.35511837279093, "pct_edu_none": 20.363933755878143, "pct_edu_secondary": 24.86199141279902, "pct_edu_college": 18.42159067675322, "pct_edu_university": 16.070333265180945, "pct_french": 95.88295338550527, "pct_owners": 46.68035592060233}}, {"arcs": [[-1144, -1141, -882, -1140, -1135]], "type": "Polygon", "properties": {"CFSAUID": "J2E", "DGUID": "2021A0011J2E", "PRUID": "24", "PRNAME": "Quebec / Qu\u00e9bec", "LANDAREA": 25.2983, "Somme": 1140.0, "Nombre de donateurs": 13, "Moyenne": 87.6923076923077, "age_total": 4455.0, "median_income_hh": 2000.0, "pct_income_0_30k": 12.0, "pct_income_30_60k": 20.75, "pct_income_60_100k": 32.75, "pct_income_100k_plus": 27.750000000000004, "pct_age_15_24": 12.00897867564534, "pct_age_25_34": 12.570145903479238, "pct_age_35_44": 12.906846240179574, "pct_age_45_54": 12.682379349046016, "pct_age_55_64": 15.488215488215488, "pct_age_65_74": 13.019079685746352, "pct_age_75_plus": 4.8260381593714925, "pct_edu_none": 20.34805890227577, "pct_edu_secondary": 25.435073627844712, "pct_edu_college": 19.544846050870145, "pct_edu_university": 10.575635876840696, "pct_french": 96.17977528089888, "pct_owners": 60.04962779156328}}, {"arcs": [[1144, 1145]], "type": "Polygon", "properties": {"CFSAUID": "J2G", "DGUID": "2021A0011J2G", "PRUID": "24", "PRNAME": "Quebec / Qu\u00e9bec", "LANDAREA": 17.6698, "Somme": 16285.0, "Nombre de donateurs": 204, "Moyenne": 79.82843137254902, "age_total": 28295.0, "median_income_hh": 14405.0, "pct_income_0_30k": 25.37313432835821, "pct_income_30_60k": 25.51197500867754, "pct_income_60_100k": 29.364803887539047, "pct_income_100k_plus": 15.44602568552586, "pct_age_15_24": 9.188902632974024, "pct_age_25_34": 10.814631560346353, "pct_age_35_44": 10.390528361901396, "pct_age_45_54": 10.319844495493903, "pct_age_55_64": 16.663721505566354, "pct_age_65_74": 14.949637745184663, "pct_age_75_plus": 15.250044177416504, "pct_edu_none": 29.301423027166884, "pct_edu_secondary": 28.22337214316516, "pct_edu_college": 13.971539456662354, "pct_edu_university": 9.422164726175076, "pct_french": 93.2571849668386, "pct_owners": 39.709944751381215}}, {"arcs": [[1146, 1147, 1148, -1146, 1149, -893]], "type": "Polygon", "properties": {"CFSAUID": "J2H", "DGUID": "2021A0011J2H", "PRUID": "24", "PRNAME": "Quebec / Qu\u00e9bec", "LANDAREA": 55.9278, "Somme": 10765.0, "Nombre de donateurs": 151, "Moyenne": 71.29139072847683, "age_total": 22475.0, "median_income_hh": 9060.0, "pct_income_0_30k": 6.401766004415011, "pct_income_30_60k": 13.134657836644593, "pct_income_60_100k": 31.125827814569533, "pct_income_100k_plus": 42.439293598234, "pct_age_15_24": 9.96662958843159, "pct_age_25_34": 9.632925472747496, "pct_age_35_44": 12.614015572858731, "pct_age_45_54": 11.991101223581758, "pct_age_55_64": 15.795328142380422, "pct_age_65_74": 13.882091212458286, "pct_age_75_plus": 7.652947719688543, "pct_edu_none": 15.004167824395664, "pct_edu_secondary": 24.201166990830785, "pct_edu_college": 19.89441511530981, "pct_edu_university": 20.36676854681856, "pct_french": 94.55842997323818, "pct_owners": 76.49006622516556}}, {"arcs": [[-1145, -1149, 1150, -894, -1150]], "type": "Polygon", "properties": {"CFSAUID": "J2J", "DGUID": "2021A0011J2J", "PRUID": "24", "PRNAME": "Quebec / Qu\u00e9bec", "LANDAREA": 79.0886, "Somme": 8870.0, "Nombre de donateurs": 106, "Moyenne": 83.67924528301887, "age_total": 18345.0, "median_income_hh": 8430.0, "pct_income_0_30k": 14.531435349940688, "pct_income_30_60k": 22.123368920521948, "pct_income_60_100k": 32.26571767497035, "pct_income_100k_plus": 25.029655990510086, "pct_age_15_24": 9.430362496593077, "pct_age_25_34": 10.54783319705642, "pct_age_35_44": 12.482965385663668, "pct_age_45_54": 11.420005451076587, "pct_age_55_64": 15.917143635868085, "pct_age_65_74": 14.3090760425184, "pct_age_75_plus": 9.893704006541292, "pct_edu_none": 23.058823529411764, "pct_edu_secondary": 28.000000000000004, "pct_edu_college": 16.537815126050422, "pct_edu_university": 10.420168067226893, "pct_french": 93.78252533552453, "pct_owners": 55.342136854741895}}, {"arcs": [[-890, -917, 1151, -896, 1152]], "type": "Polygon", "properties": {"CFSAUID": "J2K", "DGUID": "2021A0011J2K", "PRUID": "24", "PRNAME": "Quebec / Qu\u00e9bec", "LANDAREA": 138.8112, "Somme": 14900.0, "Nombre de donateurs": 177, "Moyenne": 84.18079096045197, "age_total": 18290.0, "median_income_hh": 8275.0, "pct_income_0_30k": 17.522658610271904, "pct_income_30_60k": 22.05438066465257, "pct_income_60_100k": 30.81570996978852, "pct_income_100k_plus": 24.410876132930515, "pct_age_15_24": 8.802624384909787, "pct_age_25_34": 10.60688901038819, "pct_age_35_44": 11.7550574084199, "pct_age_45_54": 11.153635866593769, "pct_age_55_64": 15.33624931656643, "pct_age_65_74": 14.84417714598141, "pct_age_75_plus": 12.083105522143248, "pct_edu_none": 23.12971859986273, "pct_edu_secondary": 27.79684282772821, "pct_edu_college": 15.614275909402885, "pct_edu_university": 12.38846945778998, "pct_french": 80.90753424657534, "pct_owners": 55.97104945717732}}, {"arcs": [[-891, -1153, -895, -1151, -1148, 1153]], "type": "Polygon", "properties": {"CFSAUID": "J2L", "DGUID": "2021A0011J2L", "PRUID": "24", "PRNAME": "Quebec / Qu\u00e9bec", "LANDAREA": 114.0497, "Somme": 9815.0, "Nombre de donateurs": 102, "Moyenne": 96.22549019607844, "age_total": 11380.0, "median_income_hh": 5075.0, "pct_income_0_30k": 7.684729064039408, "pct_income_30_60k": 11.822660098522167, "pct_income_60_100k": 25.32019704433497, "pct_income_100k_plus": 49.85221674876848, "pct_age_15_24": 8.567662565905097, "pct_age_25_34": 8.479789103690685, "pct_age_35_44": 13.400702987697716, "pct_age_45_54": 13.093145869947277, "pct_age_55_64": 18.848857644991213, "pct_age_65_74": 14.323374340949032, "pct_age_75_plus": 7.161687170474516, "pct_edu_none": 8.435013262599469, "pct_edu_secondary": 18.40848806366048, "pct_edu_college": 19.363395225464192, "pct_edu_university": 37.18832891246685, "pct_french": 91.58547387068202, "pct_owners": 76.01184600197433}}, {"arcs": [[-1154, -1147, -892], [-900]], "type": "Polygon", "properties": {"CFSAUID": "J2M", "DGUID": "2021A0011J2M", "PRUID": "24", "PRNAME": "Quebec / Qu\u00e9bec", "LANDAREA": 117.9905, "Somme": 6845.0, "Nombre de donateurs": 81, "Moyenne": 84.50617283950618, "age_total": 7240.0, "median_income_hh": 2905.0, "pct_income_0_30k": 6.712564543889846, "pct_income_30_60k": 12.392426850258175, "pct_income_60_100k": 27.19449225473322, "pct_income_100k_plus": 48.02065404475043, "pct_age_15_24": 9.461325966850827, "pct_age_25_34": 8.08011049723757, "pct_age_35_44": 13.259668508287293, "pct_age_45_54": 14.3646408839779, "pct_age_55_64": 18.646408839779006, "pct_age_65_74": 14.157458563535911, "pct_age_75_plus": 5.455801104972376, "pct_edu_none": 16.115702479338843, "pct_edu_secondary": 20.826446280991732, "pct_edu_college": 18.59504132231405, "pct_edu_university": 23.801652892561982, "pct_french": 91.56293222683264, "pct_owners": 92.28130360205832}}, {"arcs": [[-1152, -916, -942, -897]], "type": "Polygon", "properties": {"CFSAUID": "J2N", "DGUID": "2021A0011J2N", "PRUID": "24", "PRNAME": "Quebec / Qu\u00e9bec", "LANDAREA": 92.1177, "Somme": 4520.0, "Nombre de donateurs": 49, "Moyenne": 92.24489795918367, "age_total": 10150.0, "median_income_hh": 4450.0, "pct_income_0_30k": 14.9438202247191, "pct_income_30_60k": 19.325842696629213, "pct_income_60_100k": 32.92134831460674, "pct_income_100k_plus": 26.29213483146067, "pct_age_15_24": 9.753694581280788, "pct_age_25_34": 13.990147783251231, "pct_age_35_44": 12.610837438423644, "pct_age_45_54": 10.295566502463052, "pct_age_55_64": 13.94088669950739, "pct_age_65_74": 12.266009852216747, "pct_age_75_plus": 7.931034482758621, "pct_edu_none": 27.334993773349936, "pct_edu_secondary": 23.972602739726025, "pct_edu_college": 14.694894146948942, "pct_edu_university": 10.336239103362391, "pct_french": 94.88325881768505, "pct_owners": 58.71766029246345}}, {"arcs": [[1154, 1155, -915]], "type": "Polygon", "properties": {"CFSAUID": "J2R", "DGUID": "2021A0011J2R", "PRUID": "24", "PRNAME": "Quebec / Qu\u00e9bec", "LANDAREA": 104.793, "Somme": 9850.0, "Nombre de donateurs": 143, "Moyenne": 68.88111888111888, "age_total": 10380.0, "median_income_hh": 4410.0, "pct_income_0_30k": 8.616780045351474, "pct_income_30_60k": 15.98639455782313, "pct_income_60_100k": 31.40589569160997, "pct_income_100k_plus": 36.84807256235828, "pct_age_15_24": 10.35645472061657, "pct_age_25_34": 10.54913294797688, "pct_age_35_44": 12.090558766859344, "pct_age_45_54": 12.427745664739884, "pct_age_55_64": 16.136801541425818, "pct_age_65_74": 14.017341040462428, "pct_age_75_plus": 7.89980732177264, "pct_edu_none": 21.894858463316, "pct_edu_secondary": 22.472559214326974, "pct_edu_college": 17.908723281340265, "pct_edu_university": 12.593876372039285, "pct_french": 97.44701348747591, "pct_owners": 73.5593220338983}}, {"arcs": [[-913, -1156, 1156]], "type": "Polygon", "properties": {"CFSAUID": "J2S", "DGUID": "2021A0011J2S", "PRUID": "24", "PRNAME": "Quebec / Qu\u00e9bec", "LANDAREA": 26.3973, "Somme": 49720.26, "Nombre de donateurs": 685, "Moyenne": 72.58432116788322, "age_total": 29945.0, "median_income_hh": 14680.0, "pct_income_0_30k": 23.978201634877383, "pct_income_30_60k": 22.71798365122616, "pct_income_60_100k": 29.393732970027248, "pct_income_100k_plus": 19.856948228882835, "pct_age_15_24": 10.419101686425112, "pct_age_25_34": 11.404241108699283, "pct_age_35_44": 11.871764902320924, "pct_age_45_54": 10.769744531641342, "pct_age_55_64": 13.624979128402073, "pct_age_65_74": 13.357822674903993, "pct_age_75_plus": 14.94406411754884, "pct_edu_none": 25.68807339449541, "pct_edu_secondary": 24.62468723936614, "pct_edu_college": 15.304420350291911, "pct_edu_university": 14.762301918265225, "pct_french": 91.15564000690964, "pct_owners": 36.0326641714869}}, {"arcs": [[-914, -1157, -1155]], "type": "Polygon", "properties": {"CFSAUID": "J2T", "DGUID": "2021A0011J2T", "PRUID": "24", "PRNAME": "Quebec / Qu\u00e9bec", "LANDAREA": 57.6603, "Somme": 12192.0, "Nombre de donateurs": 192, "Moyenne": 63.5, "age_total": 17070.0, "median_income_hh": 7835.0, "pct_income_0_30k": 14.67772814294831, "pct_income_30_60k": 18.953414167198467, "pct_income_60_100k": 32.48245054243778, "pct_income_100k_plus": 28.334396936821957, "pct_age_15_24": 9.636789689513767, "pct_age_25_34": 11.277094317516111, "pct_age_35_44": 12.185120093731692, "pct_age_45_54": 11.042765084944346, "pct_age_55_64": 15.143526654950204, "pct_age_65_74": 13.708260105448156, "pct_age_75_plus": 11.013473930872877, "pct_edu_none": 21.242774566473987, "pct_edu_secondary": 24.783236994219653, "pct_edu_college": 16.871387283236995, "pct_edu_university": 13.872832369942197, "pct_french": 94.8566361217854, "pct_owners": 58.42408712363869}}, {"arcs": [[1157, 1158, 1159, 1160, 1161, 1162]], "type": "Polygon", "properties": {"CFSAUID": "J2W", "DGUID": "2021A0011J2W", "PRUID": "24", "PRNAME": "Quebec / Qu\u00e9bec", "LANDAREA": 50.9989, "Somme": 16105.0, "Nombre de donateurs": 217, "Moyenne": 74.21658986175115, "age_total": 28760.0, "median_income_hh": 11165.0, "pct_income_0_30k": 5.508284818629647, "pct_income_30_60k": 10.658307210031348, "pct_income_60_100k": 26.37707120465741, "pct_income_100k_plus": 51.41065830721004, "pct_age_15_24": 10.97009735744089, "pct_age_25_34": 10.326842837273992, "pct_age_35_44": 14.04728789986092, "pct_age_45_54": 14.412378303198889, "pct_age_55_64": 15.142559109874826, "pct_age_65_74": 10.726703755215578, "pct_age_75_plus": 5.4242002781641165, "pct_edu_none": 14.636775167061868, "pct_edu_secondary": 22.224617374434143, "pct_edu_college": 21.125242509161456, "pct_edu_university": 20.521664151756845, "pct_french": 93.7032527396069, "pct_owners": 82.5}}, {"arcs": [[1163, 1164, -1158, 1165, -922]], "type": "Polygon", "properties": {"CFSAUID": "J2X", "DGUID": "2021A0011J2X", "PRUID": "24", "PRNAME": "Quebec / Qu\u00e9bec", "LANDAREA": 58.8232, "Somme": 9968.21, "Nombre de donateurs": 128, "Moyenne": 77.876640625, "age_total": 20485.0, "median_income_hh": 8470.0, "pct_income_0_30k": 11.983471074380166, "pct_income_30_60k": 16.706021251475796, "pct_income_60_100k": 28.748524203069657, "pct_income_100k_plus": 36.12750885478158, "pct_age_15_24": 9.641200878691729, "pct_age_25_34": 11.667073468391504, "pct_age_35_44": 13.692946058091287, "pct_age_45_54": 11.618257261410788, "pct_age_55_64": 13.61972174762021, "pct_age_65_74": 12.057603124237248, "pct_age_75_plus": 8.71369294605809, "pct_edu_none": 20.18720748829953, "pct_edu_secondary": 23.556942277691107, "pct_edu_college": 17.597503900156006, "pct_edu_university": 15.101404056162243, "pct_french": 96.48216482164824, "pct_owners": 65.7412876550502}}, {"arcs": [[1166, -920, -955, 1167, -1161]], "type": "Polygon", "properties": {"CFSAUID": "J2Y", "DGUID": "2021A0011J2Y", "PRUID": "24", "PRNAME": "Quebec / Qu\u00e9bec", "LANDAREA": 69.4986, "Somme": 3215.0, "Nombre de donateurs": 40, "Moyenne": 80.375, "age_total": 5575.0, "median_income_hh": 2185.0, "pct_income_0_30k": 6.864988558352403, "pct_income_30_60k": 10.526315789473683, "pct_income_60_100k": 27.23112128146453, "pct_income_100k_plus": 47.59725400457666, "pct_age_15_24": 9.417040358744394, "pct_age_25_34": 10.582959641255606, "pct_age_35_44": 13.094170403587444, "pct_age_45_54": 14.260089686098654, "pct_age_55_64": 17.57847533632287, "pct_age_65_74": 12.466367713004484, "pct_age_75_plus": 4.843049327354261, "pct_edu_none": 18.400876232201533, "pct_edu_secondary": 25.191675794085437, "pct_edu_college": 18.83899233296824, "pct_edu_university": 12.924424972617745, "pct_french": 95.33632286995515, "pct_owners": 94.2528735632184}}, {"arcs": [[-1165, 1168, -1159]], "type": "Polygon", "properties": {"CFSAUID": "J3A", "DGUID": "2021A0011J3A", "PRUID": "24", "PRNAME": "Quebec / Qu\u00e9bec", "LANDAREA": 3.172, "Somme": 9275.0, "Nombre de donateurs": 117, "Moyenne": 79.27350427350427, "age_total": 9135.0, "median_income_hh": 5360.0, "pct_income_0_30k": 28.544776119402982, "pct_income_30_60k": 27.33208955223881, "pct_income_60_100k": 29.011194029850746, "pct_income_100k_plus": 11.753731343283585, "pct_age_15_24": 6.513409961685824, "pct_age_25_34": 10.071154898741105, "pct_age_35_44": 8.319649698960044, "pct_age_45_54": 8.593322386425834, "pct_age_55_64": 13.026819923371647, "pct_age_65_74": 18.7192118226601, "pct_age_75_plus": 26.05363984674329, "pct_edu_none": 27.575175943698017, "pct_edu_secondary": 28.534868841970567, "pct_edu_college": 14.011516314779271, "pct_edu_university": 11.900191938579654, "pct_french": 92.88515406162465, "pct_owners": 22.06572769953052}}, {"arcs": [[-921, -1167, -1160, -1169, -1164]], "type": "Polygon", "properties": {"CFSAUID": "J3B", "DGUID": "2021A0011J3B", "PRUID": "24", "PRNAME": "Quebec / Qu\u00e9bec", "LANDAREA": 44.4399, "Somme": 25565.0, "Nombre de donateurs": 309, "Moyenne": 82.73462783171522, "age_total": 33910.0, "median_income_hh": 15730.0, "pct_income_0_30k": 16.24284806102988, "pct_income_30_60k": 19.357914812460265, "pct_income_60_100k": 31.11888111888112, "pct_income_100k_plus": 27.81309599491418, "pct_age_15_24": 9.716897670303744, "pct_age_25_34": 14.332055440872898, "pct_age_35_44": 13.034503096431733, "pct_age_45_54": 11.39781775287526, "pct_age_55_64": 14.538484222943085, "pct_age_65_74": 11.707460925980536, "pct_age_75_plus": 9.009141846063107, "pct_edu_none": 22.39213544511196, "pct_edu_secondary": 25.10467868195886, "pct_edu_college": 17.385763699253594, "pct_edu_university": 12.94374658656472, "pct_french": 94.04690318701142, "pct_owners": 48.80838894184938}}, {"arcs": [[1169, 1170, 1171, 1172, 1173, -948]], "type": "Polygon", "properties": {"CFSAUID": "J3E", "DGUID": "2021A0011J3E", "PRUID": "24", "PRNAME": "Quebec / Qu\u00e9bec", "LANDAREA": 48.4921, "Somme": 28445.0, "Nombre de donateurs": 334, "Moyenne": 85.16467065868264, "age_total": 30045.0, "median_income_hh": 11610.0, "pct_income_0_30k": 5.4694229112833765, "pct_income_30_60k": 10.378983634797589, "pct_income_60_100k": 24.375538329026703, "pct_income_100k_plus": 53.875968992248055, "pct_age_15_24": 12.631053419870195, "pct_age_25_34": 8.570477616907972, "pct_age_35_44": 12.680978532201696, "pct_age_45_54": 15.942752537859878, "pct_age_55_64": 14.844400066566816, "pct_age_65_74": 10.584123814278582, "pct_age_75_plus": 7.405558329172908, "pct_edu_none": 12.03646157033354, "pct_edu_secondary": 20.758234928527035, "pct_edu_college": 20.799668531178785, "pct_edu_university": 26.64180650507561, "pct_french": 94.230442898354, "pct_owners": 79.83627746660922}}, {"arcs": [[1174, 1175, -1170, -947]], "type": "Polygon", "properties": {"CFSAUID": "J3G", "DGUID": "2021A0011J3G", "PRUID": "24", "PRNAME": "Quebec / Qu\u00e9bec", "LANDAREA": 66.8893, "Somme": 43380.0, "Nombre de donateurs": 553, "Moyenne": 78.44484629294756, "age_total": 33665.0, "median_income_hh": 14020.0, "pct_income_0_30k": 8.7018544935806, "pct_income_30_60k": 12.91012838801712, "pct_income_60_100k": 27.960057061340944, "pct_income_100k_plus": 44.72182596291013, "pct_age_15_24": 9.119263329867817, "pct_age_25_34": 11.361948611317391, "pct_age_35_44": 14.451210455963167, "pct_age_45_54": 11.852071884746769, "pct_age_55_64": 13.47096390910441, "pct_age_65_74": 11.569879697014704, "pct_age_75_plus": 9.475716619634635, "pct_edu_none": 13.905547226386808, "pct_edu_secondary": 21.8328335832084, "pct_edu_college": 20.31484257871065, "pct_edu_university": 21.926536731634183, "pct_french": 94.43447037701976, "pct_owners": 72.15686274509804}}, {"arcs": [[-945, 1176, -1175, -946, -911]], "type": "Polygon", "properties": {"CFSAUID": "J3H", "DGUID": "2021A0011J3H", "PRUID": "24", "PRNAME": "Quebec / Qu\u00e9bec", "LANDAREA": 49.4563, "Somme": 39645.0, "Nombre de donateurs": 459, "Moyenne": 86.37254901960785, "age_total": 26675.0, "median_income_hh": 10805.0, "pct_income_0_30k": 8.005552984729292, "pct_income_30_60k": 10.59694585839889, "pct_income_60_100k": 23.60018509949097, "pct_income_100k_plus": 51.96668209162425, "pct_age_15_24": 10.627928772258668, "pct_age_25_34": 8.491096532333646, "pct_age_35_44": 13.064667291471416, "pct_age_45_54": 14.07685098406748, "pct_age_55_64": 15.407685098406748, "pct_age_65_74": 12.408622305529525, "pct_age_75_plus": 8.322399250234302, "pct_edu_none": 10.18453632328895, "pct_edu_secondary": 19.271198318149967, "pct_edu_college": 20.532585844428876, "pct_edu_university": 31.67484232655921, "pct_french": 92.4110522331567, "pct_owners": 82.31481481481482}}, {"arcs": [[1177, -923, -1166, -1163, 1178, 1179, 1180, 1181, 1182, 1183, -1177, -944]], "type": "Polygon", "properties": {"CFSAUID": "J3L", "DGUID": "2021A0011J3L", "PRUID": "24", "PRNAME": "Quebec / Qu\u00e9bec", "LANDAREA": 165.1375, "Somme": 48951.26, "Nombre de donateurs": 583, "Moyenne": 83.96442538593482, "age_total": 53680.0, "median_income_hh": 21125.0, "pct_income_0_30k": 7.313609467455621, "pct_income_30_60k": 11.976331360946746, "pct_income_60_100k": 24.828402366863905, "pct_income_100k_plus": 50.20118343195266, "pct_age_15_24": 9.901266766020864, "pct_age_25_34": 11.53129657228018, "pct_age_35_44": 16.10469448584203, "pct_age_45_54": 13.450074515648286, "pct_age_55_64": 13.366244411326376, "pct_age_65_74": 9.072280178837556, "pct_age_75_plus": 6.166169895678093, "pct_edu_none": 15.07225606114893, "pct_edu_secondary": 20.57804848919145, "pct_edu_college": 20.16003821808193, "pct_edu_university": 24.06544846530515, "pct_french": 89.5053036703276, "pct_owners": 76.63905325443787}}, {"arcs": [[-924, -1178, -943]], "type": "Polygon", "properties": {"CFSAUID": "J3M", "DGUID": "2021A0011J3M", "PRUID": "24", "PRNAME": "Quebec / Qu\u00e9bec", "LANDAREA": 63.2314, "Somme": 4085.0, "Nombre de donateurs": 45, "Moyenne": 90.77777777777776, "age_total": 11345.0, "median_income_hh": 4685.0, "pct_income_0_30k": 10.24546424759872, "pct_income_30_60k": 15.68836712913554, "pct_income_60_100k": 31.910352187833517, "pct_income_100k_plus": 35.859124866595515, "pct_age_15_24": 8.990744821507272, "pct_age_25_34": 13.61833406787131, "pct_age_35_44": 14.94050242397532, "pct_age_45_54": 11.326575583957691, "pct_age_55_64": 13.486117232260908, "pct_age_65_74": 10.268840899074483, "pct_age_75_plus": 7.139709122961657, "pct_edu_none": 23.156089193825043, "pct_edu_secondary": 25.55746140651801, "pct_edu_college": 16.866781017724414, "pct_edu_university": 11.5494568324757, "pct_french": 95.93931280678268, "pct_owners": 67.12913553895412}}, {"arcs": [[1184, -1171, -1176, -1184]], "type": "Polygon", "properties": {"CFSAUID": "J3N", "DGUID": "2021A0011J3N", "PRUID": "24", "PRNAME": "Quebec / Qu\u00e9bec", "LANDAREA": 35.8423, "Somme": 12855.0, "Nombre de donateurs": 156, "Moyenne": 82.40384615384616, "age_total": 17055.0, "median_income_hh": 6565.0, "pct_income_0_30k": 5.178979436405179, "pct_income_30_60k": 9.748667174409748, "pct_income_60_100k": 24.447829398324448, "pct_income_100k_plus": 54.22696115765423, "pct_age_15_24": 11.638815596599237, "pct_age_25_34": 9.615948402228089, "pct_age_35_44": 15.03957783641161, "pct_age_45_54": 16.094986807387862, "pct_age_55_64": 13.397830548226327, "pct_age_65_74": 8.970976253298153, "pct_age_75_plus": 5.570214013485781, "pct_edu_none": 12.181616832779625, "pct_edu_secondary": 21.29937246216316, "pct_edu_college": 20.155038759689923, "pct_edu_university": 27.353266888150607, "pct_french": 91.79126355907358, "pct_owners": 86.96646341463415}}, {"arcs": [[1185, -927, -905]], "type": "Polygon", "properties": {"CFSAUID": "J3P", "DGUID": "2021A0011J3P", "PRUID": "24", "PRNAME": "Quebec / Qu\u00e9bec", "LANDAREA": 74.9808, "Somme": 19478.55, "Nombre de donateurs": 248, "Moyenne": 78.54254032258065, "age_total": 25025.0, "median_income_hh": 12145.0, "pct_income_0_30k": 19.96706463565253, "pct_income_30_60k": 21.16097159324825, "pct_income_60_100k": 29.43598188554961, "pct_income_100k_plus": 24.70152326060107, "pct_age_15_24": 7.932067932067932, "pct_age_25_34": 9.37062937062937, "pct_age_35_44": 10.989010989010987, "pct_age_45_54": 10.969030969030968, "pct_age_55_64": 17.062937062937063, "pct_age_65_74": 17.72227772227772, "pct_age_75_plus": 13.966033966033969, "pct_edu_none": 24.81490327203248, "pct_edu_secondary": 23.119178409362316, "pct_edu_college": 18.151421065201813, "pct_edu_university": 10.150465727251015, "pct_french": 98.001223740567, "pct_owners": 60.91245376078916}}, {"arcs": [[-904, -954, -928, -1186]], "type": "Polygon", "properties": {"CFSAUID": "J3R", "DGUID": "2021A0011J3R", "PRUID": "24", "PRNAME": "Quebec / Qu\u00e9bec", "LANDAREA": 20.0611, "Somme": 12555.0, "Nombre de donateurs": 170, "Moyenne": 73.8529411764706, "age_total": 14455.0, "median_income_hh": 7050.0, "pct_income_0_30k": 18.865248226950357, "pct_income_30_60k": 20.851063829787236, "pct_income_60_100k": 29.00709219858156, "pct_income_100k_plus": 26.099290780141843, "pct_age_15_24": 8.924247665167762, "pct_age_25_34": 9.581459702525075, "pct_age_35_44": 11.795226565202352, "pct_age_45_54": 10.75752334832238, "pct_age_55_64": 16.879972327914217, "pct_age_65_74": 16.08439986163957, "pct_age_75_plus": 12.521618817018332, "pct_edu_none": 21.02225886232481, "pct_edu_secondary": 25.061830173124484, "pct_edu_college": 18.013190436933225, "pct_edu_university": 11.788953009068424, "pct_french": 96.8248429867411, "pct_owners": 59.88620199146515}}, {"arcs": [[-216, -480, -484, -908]], "type": "Polygon", "properties": {"CFSAUID": "J3T", "DGUID": "2021A0011J3T", "PRUID": "24", "PRNAME": "Quebec / Qu\u00e9bec", "LANDAREA": 96.114, "Somme": 13645.0, "Nombre de donateurs": 184, "Moyenne": 74.15760869565217, "age_total": 8620.0, "median_income_hh": 3750.0, "pct_income_0_30k": 16.0, "pct_income_30_60k": 20.8, "pct_income_60_100k": 30.4, "pct_income_100k_plus": 27.46666666666667, "pct_age_15_24": 8.004640371229698, "pct_age_25_34": 10.034802784222736, "pct_age_35_44": 10.440835266821344, "pct_age_45_54": 9.62877030162413, "pct_age_55_64": 16.067285382830626, "pct_age_65_74": 14.385150812064964, "pct_age_75_plus": 17.053364269141532, "pct_edu_none": 18.898240244835502, "pct_edu_secondary": 20.04590665646519, "pct_edu_college": 18.439173680183625, "pct_edu_university": 17.98010711553175, "pct_french": 98.76237623762376, "pct_owners": 63.51531291611185}}, {"arcs": [[-1183, 1186, 1187, 1188, 1189, -1172, -1185]], "type": "Polygon", "properties": {"CFSAUID": "J3V", "DGUID": "2021A0011J3V", "PRUID": "24", "PRNAME": "Quebec / Qu\u00e9bec", "LANDAREA": 42.8486, "Somme": 36816.2, "Nombre de donateurs": 390, "Moyenne": 94.40051282051282, "age_total": 26050.0, "median_income_hh": 10380.0, "pct_income_0_30k": 6.165703275529865, "pct_income_30_60k": 9.152215799614645, "pct_income_60_100k": 21.917148362235068, "pct_income_100k_plus": 57.46628131021194, "pct_age_15_24": 10.72936660268714, "pct_age_25_34": 7.370441458733206, "pct_age_35_44": 12.61036468330134, "pct_age_45_54": 13.953934740882918, "pct_age_55_64": 14.491362763915546, "pct_age_65_74": 12.322456813819578, "pct_age_75_plus": 10.9021113243762, "pct_edu_none": 8.434020374318882, "pct_edu_secondary": 16.820658611703386, "pct_edu_college": 18.64487088367685, "pct_edu_university": 42.21748400852879, "pct_french": 83.68973561430793, "pct_owners": 85.98940779971113}}, {"arcs": [[-1174, 1190, -494, -493, 1191, -949]], "type": "Polygon", "properties": {"CFSAUID": "J3X", "DGUID": "2021A0011J3X", "PRUID": "24", "PRNAME": "Quebec / Qu\u00e9bec", "LANDAREA": 94.7984, "Somme": 19069.99, "Nombre de donateurs": 254, "Moyenne": 75.07870078740159, "age_total": 21200.0, "median_income_hh": 8410.0, "pct_income_0_30k": 6.004756242568371, "pct_income_30_60k": 11.058263971462544, "pct_income_60_100k": 25.208085612366236, "pct_income_100k_plus": 52.02140309155767, "pct_age_15_24": 10.966981132075473, "pct_age_25_34": 10.80188679245283, "pct_age_35_44": 13.419811320754718, "pct_age_45_54": 13.891509433962264, "pct_age_55_64": 16.06132075471698, "pct_age_65_74": 10.18867924528302, "pct_age_75_plus": 6.226415094339623, "pct_edu_none": 12.114928909952608, "pct_edu_secondary": 21.445497630331754, "pct_edu_college": 22.630331753554504, "pct_edu_university": 22.86729857819905, "pct_french": 96.13285883748516, "pct_owners": 79.19143876337694}}, {"arcs": [[1192, 1193, -1187, -1182, 1194, -1180, 1195, 1196, 1197, 1198, 1199, 1200, 1201, -1189, 1202]], "type": "Polygon", "properties": {"CFSAUID": "J3Y", "DGUID": "2021A0011J3Y", "PRUID": "24", "PRNAME": "Quebec / Qu\u00e9bec", "LANDAREA": 57.6043, "Somme": 39275.0, "Nombre de donateurs": 499, "Moyenne": 78.70741482965931, "age_total": 66360.0, "median_income_hh": 27235.0, "pct_income_0_30k": 8.812190196438406, "pct_income_30_60k": 13.695612263631356, "pct_income_60_100k": 29.961446667890584, "pct_income_100k_plus": 41.16027170919772, "pct_age_15_24": 10.66154309825196, "pct_age_25_34": 12.055455093429778, "pct_age_35_44": 14.459011452682338, "pct_age_45_54": 13.261000602772754, "pct_age_55_64": 14.263110307414104, "pct_age_65_74": 11.14376130198915, "pct_age_75_plus": 6.969559975889089, "pct_edu_none": 16.794660815505576, "pct_edu_secondary": 22.76467361492046, "pct_edu_college": 18.230023770341926, "pct_edu_university": 22.408118486012068, "pct_french": 75.23974930151778, "pct_owners": 75.89498806682577}}, {"arcs": [[[-1181, -1195]], [[-1203, -1188, -1194]], [[-1193]]], "type": "MultiPolygon", "properties": {"CFSAUID": "J3Z", "DGUID": "2021A0011J3Z", "PRUID": "24", "PRNAME": "Quebec / Qu\u00e9bec", "LANDAREA": 3.8172, "Somme": 3550.0, "Nombre de donateurs": 38, "Moyenne": 93.42105263157896, "age_total": 5775.0, "median_income_hh": 1830.0, "pct_income_0_30k": 3.0054644808743167, "pct_income_30_60k": 5.737704918032787, "pct_income_60_100k": 18.0327868852459, "pct_income_100k_plus": 67.4863387978142, "pct_age_15_24": 12.987012987012983, "pct_age_25_34": 8.658008658008658, "pct_age_35_44": 15.497835497835496, "pct_age_45_54": 15.497835497835496, "pct_age_55_64": 14.545454545454543, "pct_age_65_74": 7.792207792207792, "pct_age_75_plus": 3.8095238095238098, "pct_edu_none": 12.428734321550742, "pct_edu_secondary": 19.84036488027366, "pct_edu_college": 19.84036488027366, "pct_edu_university": 28.278221208665904, "pct_french": 74.69026548672566, "pct_owners": 91.73553719008264}}, {"arcs": [[-1202, 1203, 1204, -523, -495, -1191, -1173, -1190]], "type": "Polygon", "properties": {"CFSAUID": "J4B", "DGUID": "2021A0011J4B", "PRUID": "24", "PRNAME": "Quebec / Qu\u00e9bec", "LANDAREA": 71.0215, "Somme": 54394.99, "Nombre de donateurs": 603, "Moyenne": 90.20728026533996, "age_total": 41740.0, "median_income_hh": 17290.0, "pct_income_0_30k": 6.188548293811452, "pct_income_30_60k": 9.861191440138809, "pct_income_60_100k": 23.308270676691727, "pct_income_100k_plus": 55.06072874493927, "pct_age_15_24": 10.769046478198373, "pct_age_25_34": 7.3430761859127935, "pct_age_35_44": 11.78725443219933, "pct_age_45_54": 14.051269765213226, "pct_age_55_64": 15.584571154767607, "pct_age_65_74": 13.47628174413033, "pct_age_75_plus": 11.39195016770484, "pct_edu_none": 9.208612161768984, "pct_edu_secondary": 17.68984579575211, "pct_edu_college": 18.34448647075938, "pct_edu_university": 39.61303462321793, "pct_french": 90.89804350467855, "pct_owners": 83.97917871602083}}, {"arcs": [[1205, 1206, -547, -528, -524, -1205, 1207]], "type": "Polygon", "properties": {"CFSAUID": "J4G", "DGUID": "2021A0011J4G", "PRUID": "24", "PRNAME": "Quebec / Qu\u00e9bec", "LANDAREA": 9.1668, "Somme": 11225.0, "Nombre de donateurs": 114, "Moyenne": 98.46491228070175, "age_total": 10010.0, "median_income_hh": 4730.0, "pct_income_0_30k": 12.26215644820296, "pct_income_30_60k": 15.53911205073996, "pct_income_60_100k": 29.492600422832982, "pct_income_100k_plus": 36.89217758985201, "pct_age_15_24": 9.290709290709293, "pct_age_25_34": 12.837162837162838, "pct_age_35_44": 13.886113886113884, "pct_age_45_54": 12.137862137862138, "pct_age_55_64": 17.532467532467532, "pct_age_65_74": 12.387612387612387, "pct_age_75_plus": 7.742257742257743, "pct_edu_none": 12.903225806451612, "pct_edu_secondary": 19.53405017921147, "pct_edu_college": 19.59378733572282, "pct_edu_university": 30.58542413381123, "pct_french": 84.9746192893401, "pct_owners": 53.96825396825397}}, {"arcs": [[1208, 1209, -551, -548, -1207]], "type": "Polygon", "properties": {"CFSAUID": "J4H", "DGUID": "2021A0011J4H", "PRUID": "24", "PRNAME": "Quebec / Qu\u00e9bec", "LANDAREA": 4.4588, "Somme": 54416.0, "Nombre de donateurs": 538, "Moyenne": 101.1449814126394, "age_total": 15590.0, "median_income_hh": 8195.0, "pct_income_0_30k": 18.79194630872483, "pct_income_30_60k": 20.13422818791946, "pct_income_60_100k": 29.65222696766321, "pct_income_100k_plus": 26.845637583892614, "pct_age_15_24": 9.268762026940347, "pct_age_25_34": 13.79089159717768, "pct_age_35_44": 12.732520846696602, "pct_age_45_54": 11.09685695958948, "pct_age_55_64": 14.04746632456703, "pct_age_65_74": 14.528543938422064, "pct_age_75_plus": 12.315586914688904, "pct_edu_none": 13.68140243902439, "pct_edu_secondary": 16.920731707317074, "pct_edu_college": 16.653963414634145, "pct_edu_university": 37.53810975609756, "pct_french": 86.70595939751145, "pct_owners": 38.07199511897498}}, {"arcs": [[1210, 1211, -1209, -1206, 1212]], "type": "Polygon", "properties": {"CFSAUID": "J4J", "DGUID": "2021A0011J4J", "PRUID": "24", "PRNAME": "Quebec / Qu\u00e9bec", "LANDAREA": 6.3844, "Somme": 27660.0, "Nombre de donateurs": 357, "Moyenne": 77.47899159663865, "age_total": 31100.0, "median_income_hh": 14960.0, "pct_income_0_30k": 19.45187165775401, "pct_income_30_60k": 22.058823529411764, "pct_income_60_100k": 31.550802139037437, "pct_income_100k_plus": 21.490641711229948, "pct_age_15_24": 10.514469453376206, "pct_age_25_34": 15.643086816720258, "pct_age_35_44": 15.466237942122184, "pct_age_45_54": 11.141479099678458, "pct_age_55_64": 13.10289389067524, "pct_age_65_74": 10.257234726688102, "pct_age_75_plus": 6.591639871382636, "pct_edu_none": 21.74590802805924, "pct_edu_secondary": 21.180826188620426, "pct_edu_college": 16.21200311769291, "pct_edu_university": 22.21356196414653, "pct_french": 80.64100499275246, "pct_owners": 30.666666666666664}}, {"arcs": [[-1212, 1213, 1214, 1215, -636, -1210]], "type": "Polygon", "properties": {"CFSAUID": "J4K", "DGUID": "2021A0011J4K", "PRUID": "24", "PRNAME": "Quebec / Qu\u00e9bec", "LANDAREA": 5.7447, "Somme": 19685.0, "Nombre de donateurs": 226, "Moyenne": 87.10176991150442, "age_total": 27025.0, "median_income_hh": 13290.0, "pct_income_0_30k": 18.773513920240784, "pct_income_30_60k": 21.858540255831453, "pct_income_60_100k": 33.03235515425132, "pct_income_100k_plus": 21.10609480812641, "pct_age_15_24": 10.582793709528216, "pct_age_25_34": 18.24236817761332, "pct_age_35_44": 15.800185013876042, "pct_age_45_54": 11.45235892691952, "pct_age_55_64": 12.358926919518964, "pct_age_65_74": 9.028677150786308, "pct_age_75_plus": 6.382978723404255, "pct_edu_none": 19.39325842696629, "pct_edu_secondary": 21.14606741573034, "pct_edu_college": 14.786516853932586, "pct_edu_university": 24.719101123595504, "pct_french": 76.5703634669152, "pct_owners": 30.78668683812405}}, {"arcs": [[1216, -1214, -1211, 1217, 1218, -1199]], "type": "Polygon", "properties": {"CFSAUID": "J4L", "DGUID": "2021A0011J4L", "PRUID": "24", "PRNAME": "Quebec / Qu\u00e9bec", "LANDAREA": 7.3514, "Somme": 21650.0, "Nombre de donateurs": 278, "Moyenne": 77.87769784172662, "age_total": 31865.0, "median_income_hh": 13855.0, "pct_income_0_30k": 16.203536629375677, "pct_income_30_60k": 20.353662937567663, "pct_income_60_100k": 31.57704799711296, "pct_income_100k_plus": 26.19992782389029, "pct_age_15_24": 10.607249333124118, "pct_age_25_34": 13.384591244311942, "pct_age_35_44": 14.106386317276009, "pct_age_45_54": 12.129295465244, "pct_age_55_64": 12.756943354777968, "pct_age_65_74": 10.387572571787228, "pct_age_75_plus": 8.112348972226581, "pct_edu_none": 21.45098039215686, "pct_edu_secondary": 21.31372549019608, "pct_edu_college": 16.76470588235294, "pct_edu_university": 19.88235294117647, "pct_french": 79.20571882446386, "pct_owners": 40.71402812838081}}, {"arcs": [[-1200, -1219, 1219]], "type": "Polygon", "properties": {"CFSAUID": "J4M", "DGUID": "2021A0011J4M", "PRUID": "24", "PRNAME": "Quebec / Qu\u00e9bec", "LANDAREA": 3.902, "Somme": 14165.0, "Nombre de donateurs": 159, "Moyenne": 89.0880503144654, "age_total": 13145.0, "median_income_hh": 4940.0, "pct_income_0_30k": 5.566801619433198, "pct_income_30_60k": 10.62753036437247, "pct_income_60_100k": 24.696356275303643, "pct_income_100k_plus": 52.63157894736842, "pct_age_15_24": 11.335108406238112, "pct_age_25_34": 8.634461772537087, "pct_age_35_44": 13.99771776340814, "pct_age_45_54": 14.03575503993914, "pct_age_55_64": 14.720426017497148, "pct_age_65_74": 10.87866108786611, "pct_age_75_plus": 7.303157093952073, "pct_edu_none": 11.806883365200765, "pct_edu_secondary": 20.26768642447419, "pct_edu_college": 18.49904397705545, "pct_edu_university": 32.409177820267686, "pct_french": 82.33927188226181, "pct_owners": 83.80566801619433}}, {"arcs": [[-1201, -1220, -1218, -1213, -1208, -1204]], "type": "Polygon", "properties": {"CFSAUID": "J4N", "DGUID": "2021A0011J4N", "PRUID": "24", "PRNAME": "Quebec / Qu\u00e9bec", "LANDAREA": 7.2181, "Somme": 32145.0, "Nombre de donateurs": 350, "Moyenne": 91.84285714285714, "age_total": 11380.0, "median_income_hh": 5125.0, "pct_income_0_30k": 8.097560975609756, "pct_income_30_60k": 13.951219512195124, "pct_income_60_100k": 29.756097560975608, "pct_income_100k_plus": 42.34146341463415, "pct_age_15_24": 7.073813708260106, "pct_age_25_34": 8.479789103690685, "pct_age_35_44": 10.676625659050968, "pct_age_45_54": 11.731107205623902, "pct_age_55_64": 15.729349736379614, "pct_age_65_74": 15.685413005272409, "pct_age_75_plus": 19.200351493848856, "pct_edu_none": 9.706546275395034, "pct_edu_secondary": 19.35665914221219, "pct_edu_college": 16.30925507900677, "pct_edu_university": 39.841986455981946, "pct_french": 86.30705394190872, "pct_owners": 73.00194931773879}}, {"arcs": [[1220, 1221, -654, -632, -1216]], "type": "Polygon", "properties": {"CFSAUID": "J4P", "DGUID": "2021A0011J4P", "PRUID": "24", "PRNAME": "Quebec / Qu\u00e9bec", "LANDAREA": 3.5811, "Somme": 21920.0, "Nombre de donateurs": 233, "Moyenne": 94.07725321888412, "age_total": 11250.0, "median_income_hh": 5450.0, "pct_income_0_30k": 16.51376146788991, "pct_income_30_60k": 16.605504587155963, "pct_income_60_100k": 24.403669724770644, "pct_income_100k_plus": 38.34862385321101, "pct_age_15_24": 10.755555555555556, "pct_age_25_34": 10.133333333333333, "pct_age_35_44": 11.466666666666669, "pct_age_45_54": 12.666666666666668, "pct_age_55_64": 14.044444444444446, "pct_age_65_74": 12.933333333333334, "pct_age_75_plus": 14.31111111111111, "pct_edu_none": 11.051502145922749, "pct_edu_secondary": 16.469957081545065, "pct_edu_college": 14.431330472103005, "pct_edu_university": 47.04935622317596, "pct_french": 79.21478060046189, "pct_owners": 48.08743169398907}}, {"arcs": [[1222, -655, -1222, 1223, 1224]], "type": "Polygon", "properties": {"CFSAUID": "J4R", "DGUID": "2021A0011J4R", "PRUID": "24", "PRNAME": "Quebec / Qu\u00e9bec", "LANDAREA": 2.7694, "Somme": 11210.0, "Nombre de donateurs": 112, "Moyenne": 100.08928571428572, "age_total": 10675.0, "median_income_hh": 4975.0, "pct_income_0_30k": 15.27638190954774, "pct_income_30_60k": 17.386934673366834, "pct_income_60_100k": 26.83417085427136, "pct_income_100k_plus": 36.582914572864325, "pct_age_15_24": 9.929742388758784, "pct_age_25_34": 11.662763466042154, "pct_age_35_44": 12.927400468384077, "pct_age_45_54": 12.318501170960188, "pct_age_55_64": 13.583138173302109, "pct_age_65_74": 11.288056206088994, "pct_age_75_plus": 12.88056206088993, "pct_edu_none": 12.588652482269502, "pct_edu_secondary": 17.907801418439718, "pct_edu_college": 16.60756501182033, "pct_edu_university": 39.71631205673759, "pct_french": 73.09941520467837, "pct_owners": 51.821862348178136}}, {"arcs": [[1225, -656, -1223, 1226]], "type": "Polygon", "properties": {"CFSAUID": "J4S", "DGUID": "2021A0011J4S", "PRUID": "24", "PRNAME": "Quebec / Qu\u00e9bec", "LANDAREA": 2.2234, "Somme": 6445.0, "Nombre de donateurs": 80, "Moyenne": 80.5625, "age_total": 6305.0, "median_income_hh": 3060.0, "pct_income_0_30k": 12.091503267973856, "pct_income_30_60k": 15.196078431372548, "pct_income_60_100k": 26.47058823529412, "pct_income_100k_plus": 41.66666666666667, "pct_age_15_24": 9.595559080095164, "pct_age_25_34": 7.613005551149881, "pct_age_35_44": 13.08485329103886, "pct_age_45_54": 11.9746233148295, "pct_age_55_64": 13.322759714512292, "pct_age_65_74": 14.036478984932591, "pct_age_75_plus": 14.036478984932591, "pct_edu_none": 8.909952606635072, "pct_edu_secondary": 15.734597156398102, "pct_edu_college": 16.113744075829384, "pct_edu_university": 49.95260663507109, "pct_french": 66.82539682539682, "pct_owners": 67.3202614379085}}, {"arcs": [[-1224, -1221, -1215, -1217, -1198, 1227]], "type": "Polygon", "properties": {"CFSAUID": "J4T", "DGUID": "2021A0011J4T", "PRUID": "24", "PRNAME": "Quebec / Qu\u00e9bec", "LANDAREA": 4.3328, "Somme": 4450.0, "Nombre de donateurs": 63, "Moyenne": 70.63492063492063, "age_total": 19715.0, "median_income_hh": 8695.0, "pct_income_0_30k": 16.33122484186314, "pct_income_30_60k": 19.091431857389303, "pct_income_60_100k": 32.489936745255896, "pct_income_100k_plus": 25.646923519263943, "pct_age_15_24": 10.70251077859498, "pct_age_25_34": 15.59726096880548, "pct_age_35_44": 14.86178037027644, "pct_age_45_54": 11.51407557697185, "pct_age_55_64": 13.035759573928482, "pct_age_65_74": 9.86558458026883, "pct_age_75_plus": 6.441795587116409, "pct_edu_none": 23.096208085239734, "pct_edu_secondary": 24.69445314948292, "pct_edu_college": 15.763083672829833, "pct_edu_university": 16.734565966781574, "pct_french": 73.87410440122825, "pct_owners": 41.93175245806825}}, {"arcs": [[1228, 1229, -1227, -1225, -1228, -1197]], "type": "Polygon", "properties": {"CFSAUID": "J4V", "DGUID": "2021A0011J4V", "PRUID": "24", "PRNAME": "Quebec / Qu\u00e9bec", "LANDAREA": 4.7752, "Somme": 7190.0, "Nombre de donateurs": 75, "Moyenne": 95.86666666666666, "age_total": 17035.0, "median_income_hh": 7295.0, "pct_income_0_30k": 15.14736120630569, "pct_income_30_60k": 17.20356408498972, "pct_income_60_100k": 29.198080877313227, "pct_income_100k_plus": 33.104866346812884, "pct_age_15_24": 10.390372761960668, "pct_age_25_34": 10.889345465218668, "pct_age_35_44": 13.824479013795129, "pct_age_45_54": 12.650425594364544, "pct_age_55_64": 13.941884355738186, "pct_age_65_74": 11.887290871734663, "pct_age_75_plus": 9.56853536835926, "pct_edu_none": 15.905001799208348, "pct_edu_secondary": 23.209787693414896, "pct_edu_college": 17.05649514213746, "pct_edu_university": 28.24757106872976, "pct_french": 50.43244855353415, "pct_owners": 60.97560975609756}}, {"arcs": [[1230, 1231, -641, -651, -1226, -1230, 1232]], "type": "Polygon", "properties": {"CFSAUID": "J4W", "DGUID": "2021A0011J4W", "PRUID": "24", "PRNAME": "Quebec / Qu\u00e9bec", "LANDAREA": 6.0497, "Somme": 4625.0, "Nombre de donateurs": 57, "Moyenne": 81.14035087719299, "age_total": 18195.0, "median_income_hh": 7320.0, "pct_income_0_30k": 12.636612021857925, "pct_income_30_60k": 16.530054644808743, "pct_income_60_100k": 30.19125683060109, "pct_income_100k_plus": 34.56284153005464, "pct_age_15_24": 10.744710085188238, "pct_age_25_34": 11.184391316295686, "pct_age_35_44": 13.740038472107722, "pct_age_45_54": 12.31107447100852, "pct_age_55_64": 13.38279747183292, "pct_age_65_74": 12.888156086837045, "pct_age_75_plus": 9.64550700741962, "pct_edu_none": 16.23292127521145, "pct_edu_secondary": 22.023422251138584, "pct_edu_college": 18.0871828236825, "pct_edu_university": 29.86337020169161, "pct_french": 40.17047016772065, "pct_owners": 65.28813559322035}}, {"arcs": [[1233, -637, -1232, 1234]], "type": "Polygon", "properties": {"CFSAUID": "J4X", "DGUID": "2021A0011J4X", "PRUID": "24", "PRNAME": "Quebec / Qu\u00e9bec", "LANDAREA": 5.3954, "Somme": 12165.0, "Nombre de donateurs": 153, "Moyenne": 79.50980392156863, "age_total": 19195.0, "median_income_hh": 7160.0, "pct_income_0_30k": 8.72905027932961, "pct_income_30_60k": 12.849162011173185, "pct_income_60_100k": 26.67597765363128, "pct_income_100k_plus": 45.94972067039106, "pct_age_15_24": 9.012763740557435, "pct_age_25_34": 9.143005991143529, "pct_age_35_44": 10.5496222974733, "pct_age_45_54": 11.04454284970044, "pct_age_55_64": 14.24850221411826, "pct_age_65_74": 15.368585569158636, "pct_age_75_plus": 17.66084917947382, "pct_edu_none": 10.566161948650429, "pct_edu_secondary": 18.828176431863067, "pct_edu_college": 15.96445029624753, "pct_edu_university": 43.614219881500986, "pct_french": 42.96791443850268, "pct_owners": 78.15126050420169}}, {"arcs": [[1235, -1235, -1231, 1236]], "type": "Polygon", "properties": {"CFSAUID": "J4Y", "DGUID": "2021A0011J4Y", "PRUID": "24", "PRNAME": "Quebec / Qu\u00e9bec", "LANDAREA": 10.4102, "Somme": 14185.0, "Nombre de donateurs": 160, "Moyenne": 88.65625, "age_total": 25460.0, "median_income_hh": 9835.0, "pct_income_0_30k": 8.64260294865277, "pct_income_30_60k": 12.65887137773259, "pct_income_60_100k": 28.215556685307572, "pct_income_100k_plus": 44.534824605998985, "pct_age_15_24": 10.604870384917518, "pct_age_25_34": 12.568735271013354, "pct_age_35_44": 15.534171249018067, "pct_age_45_54": 14.15946582875098, "pct_age_55_64": 12.27415553809898, "pct_age_65_74": 10.310290652003143, "pct_age_75_plus": 7.482325216025138, "pct_edu_none": 10.745020899926237, "pct_edu_secondary": 18.31817064175068, "pct_edu_college": 17.580526186378165, "pct_edu_university": 40.93926727317433, "pct_french": 42.60817307692308, "pct_owners": 75.1145038167939}}, {"arcs": [[-1179, 1237, -1237, -1233, -1229, -1196]], "type": "Polygon", "properties": {"CFSAUID": "J4Z", "DGUID": "2021A0011J4Z", "PRUID": "24", "PRNAME": "Quebec / Qu\u00e9bec", "LANDAREA": 23.337, "Somme": 10905.0, "Nombre de donateurs": 123, "Moyenne": 88.65853658536585, "age_total": 28685.0, "median_income_hh": 11570.0, "pct_income_0_30k": 11.063094209161624, "pct_income_30_60k": 14.995678478824544, "pct_income_60_100k": 31.37424373379429, "pct_income_100k_plus": 36.64649956784788, "pct_age_15_24": 10.475858462611122, "pct_age_25_34": 14.13630817500436, "pct_age_35_44": 16.71605368659578, "pct_age_45_54": 13.02074254837023, "pct_age_55_64": 11.016210563012027, "pct_age_65_74": 8.837371448492243, "pct_age_75_plus": 6.902562314798676, "pct_edu_none": 15.721091381550456, "pct_edu_secondary": 20.853183196188827, "pct_edu_college": 16.955391944564745, "pct_edu_university": 31.07405803378086, "pct_french": 46.50716032134125, "pct_owners": 62.278042442615856}}, {"arcs": [[1238, 1239, -960, 1240, 1241, -842, -806, -803, -801, -800, 1242]], "type": "Polygon", "properties": {"CFSAUID": "J5A", "DGUID": "2021A0011J5A", "PRUID": "24", "PRNAME": "Quebec / Qu\u00e9bec", "LANDAREA": 106.3982, "Somme": 9630.0, "Nombre de donateurs": 114, "Moyenne": 84.47368421052632, "age_total": 29920.0, "median_income_hh": 11300.0, "pct_income_0_30k": 6.106194690265487, "pct_income_30_60k": 10.973451327433628, "pct_income_60_100k": 25.75221238938053, "pct_income_100k_plus": 50.88495575221239, "pct_age_15_24": 11.096256684491978, "pct_age_25_34": 11.51403743315508, "pct_age_35_44": 15.441176470588236, "pct_age_45_54": 14.054144385026737, "pct_age_55_64": 14.087566844919785, "pct_age_65_74": 9.090909090909092, "pct_age_75_plus": 4.72927807486631, "pct_edu_none": 17.45263157894737, "pct_edu_secondary": 23.74736842105263, "pct_edu_college": 18.905263157894737, "pct_edu_university": 19.978947368421053, "pct_french": 80.45264040234701, "pct_owners": 77.22246793454224}}, {"arcs": [[1243, -1239, 1244]], "type": "Polygon", "properties": {"CFSAUID": "J5B", "DGUID": "2021A0011J5B", "PRUID": "24", "PRNAME": "Quebec / Qu\u00e9bec", "LANDAREA": 7.6428, "Somme": 2870.0, "Nombre de donateurs": 33, "Moyenne": 86.96969696969697, "age_total": 8320.0, "median_income_hh": 3475.0, "pct_income_0_30k": 8.633093525179856, "pct_income_30_60k": 15.107913669064748, "pct_income_60_100k": 28.3453237410072, "pct_income_100k_plus": 41.15107913669065, "pct_age_15_24": 10.516826923076923, "pct_age_25_34": 11.117788461538462, "pct_age_35_44": 14.603365384615383, "pct_age_45_54": 14.002403846153848, "pct_age_55_64": 14.302884615384617, "pct_age_65_74": 10.817307692307692, "pct_age_75_plus": 6.490384615384616, "pct_edu_none": 18.13509544787078, "pct_edu_secondary": 23.42143906020558, "pct_edu_college": 17.547723935389133, "pct_edu_university": 17.254038179148314, "pct_french": 84.13461538461539, "pct_owners": 67.76978417266187}}, {"arcs": [[-1245, -1243, -799, 1245]], "type": "Polygon", "properties": {"CFSAUID": "J5C", "DGUID": "2021A0011J5C", "PRUID": "24", "PRNAME": "Quebec / Qu\u00e9bec", "LANDAREA": 9.37, "Somme": 5600.0, "Nombre de donateurs": 69, "Moyenne": 81.15942028985508, "age_total": 17345.0, "median_income_hh": 6910.0, "pct_income_0_30k": 8.610709117221418, "pct_income_30_60k": 13.748191027496382, "pct_income_60_100k": 28.65412445730825, "pct_income_100k_plus": 42.76410998552822, "pct_age_15_24": 10.6947247045258, "pct_age_25_34": 10.810031709426347, "pct_age_35_44": 13.865667339290862, "pct_age_45_54": 14.586336119919284, "pct_age_55_64": 14.672816373594696, "pct_age_65_74": 9.3686941481695, "pct_age_75_plus": 9.224560392043816, "pct_edu_none": 19.466764061358656, "pct_edu_secondary": 24.653031409788166, "pct_edu_college": 17.677136596055515, "pct_edu_university": 15.997078159240322, "pct_french": 85.32704773129052, "pct_owners": 73.51664254703329}}, {"arcs": [[1246, -999, 1247, 1248, 1249, -1016, 1250, 1251]], "type": "Polygon", "properties": {"CFSAUID": "J5J", "DGUID": "2021A0011J5J", "PRUID": "24", "PRNAME": "Quebec / Qu\u00e9bec", "LANDAREA": 111.2007, "Somme": 4855.0, "Nombre de donateurs": 76, "Moyenne": 63.88157894736842, "age_total": 18080.0, "median_income_hh": 7210.0, "pct_income_0_30k": 8.807212205270458, "pct_income_30_60k": 14.563106796116504, "pct_income_60_100k": 31.27600554785021, "pct_income_100k_plus": 37.44798890429959, "pct_age_15_24": 8.960176991150442, "pct_age_25_34": 16.233407079646017, "pct_age_35_44": 14.684734513274336, "pct_age_45_54": 12.665929203539822, "pct_age_55_64": 14.325221238938052, "pct_age_65_74": 7.7433628318584065, "pct_age_75_plus": 3.788716814159293, "pct_edu_none": 23.953158268275374, "pct_edu_secondary": 21.930447125621008, "pct_edu_college": 15.54293825408091, "pct_edu_university": 8.126330731014903, "pct_french": 96.59845132743364, "pct_owners": 78.57142857142857}}, {"arcs": [[1252, 1253, 1254, -1047, -1019]], "type": "Polygon", "properties": {"CFSAUID": "J5K", "DGUID": "2021A0011J5K", "PRUID": "24", "PRNAME": "Quebec / Qu\u00e9bec", "LANDAREA": 92.7051, "Somme": 4030.0, "Nombre de donateurs": 53, "Moyenne": 76.0377358490566, "age_total": 17740.0, "median_income_hh": 6635.0, "pct_income_0_30k": 6.782215523737754, "pct_income_30_60k": 10.851544837980406, "pct_income_60_100k": 25.772418990203462, "pct_income_100k_plus": 50.03767897513187, "pct_age_15_24": 9.329199549041714, "pct_age_25_34": 12.82412626832018, "pct_age_35_44": 15.868094701240135, "pct_age_45_54": 14.007891770011277, "pct_age_55_64": 14.627959413754226, "pct_age_65_74": 7.440811724915446, "pct_age_75_plus": 2.874859075535513, "pct_edu_none": 16.965921582997435, "pct_edu_secondary": 21.179919384389887, "pct_edu_college": 19.127885672407476, "pct_edu_university": 13.1916452913155, "pct_french": 94.47576099210822, "pct_owners": 87.10407239819004}}, {"arcs": [[1255, 1256, -1253, -1018]], "type": "Polygon", "properties": {"CFSAUID": "J5L", "DGUID": "2021A0011J5L", "PRUID": "24", "PRNAME": "Quebec / Qu\u00e9bec", "LANDAREA": 50.3118, "Somme": 13930.0, "Nombre de donateurs": 182, "Moyenne": 76.53846153846153, "age_total": 22965.0, "median_income_hh": 9330.0, "pct_income_0_30k": 8.038585209003216, "pct_income_30_60k": 13.77277599142551, "pct_income_60_100k": 29.635584137191856, "pct_income_100k_plus": 41.47909967845659, "pct_age_15_24": 10.341824515567168, "pct_age_25_34": 12.671456564337037, "pct_age_35_44": 14.347920748965818, "pct_age_45_54": 12.715001088613109, "pct_age_55_64": 14.609187894622252, "pct_age_65_74": 10.646636185499672, "pct_age_75_plus": 4.5286305247115175, "pct_edu_none": 17.56645656344204, "pct_edu_secondary": 23.51329131268841, "pct_edu_college": 18.881885448067965, "pct_edu_university": 15.839956152370512, "pct_french": 94.64052287581698, "pct_owners": 73.2726298875201}}, {"arcs": [[1257, -1252, 1258, -935]], "type": "Polygon", "properties": {"CFSAUID": "J5M", "DGUID": "2021A0011J5M", "PRUID": "24", "PRNAME": "Quebec / Qu\u00e9bec", "LANDAREA": 118.2859, "Somme": 10370.0, "Nombre de donateurs": 114, "Moyenne": 90.96491228070175, "age_total": 24005.0, "median_income_hh": 9280.0, "pct_income_0_30k": 10.344827586206897, "pct_income_30_60k": 16.271551724137932, "pct_income_60_100k": 32.758620689655174, "pct_income_100k_plus": 33.24353448275862, "pct_age_15_24": 9.560508227452615, "pct_age_25_34": 17.433867944178296, "pct_age_35_44": 13.8929389710477, "pct_age_45_54": 10.81024786502812, "pct_age_55_64": 12.97646323682566, "pct_age_65_74": 7.685898771089357, "pct_age_75_plus": 4.186627785877942, "pct_edu_none": 27.60230705850041, "pct_edu_secondary": 23.510024718483933, "pct_edu_college": 13.32051634166438, "pct_edu_university": 4.97116176874485, "pct_french": 96.40167364016736, "pct_owners": 70.61994609164421}}, {"arcs": [[-1168, -961, -1240, -1244, -1246, -798, -702, -1234, -1236, -1238, -1162]], "type": "Polygon", "properties": {"CFSAUID": "J5R", "DGUID": "2021A0011J5R", "PRUID": "24", "PRNAME": "Quebec / Qu\u00e9bec", "LANDAREA": 60.7439, "Somme": 33857.0, "Nombre de donateurs": 389, "Moyenne": 87.03598971722366, "age_total": 49405.0, "median_income_hh": 19780.0, "pct_income_0_30k": 8.063700707785642, "pct_income_30_60k": 11.880687563195147, "pct_income_60_100k": 24.924165824064712, "pct_income_100k_plus": 49.74721941354904, "pct_age_15_24": 11.375366865701851, "pct_age_25_34": 9.25007590324866, "pct_age_35_44": 14.684748507236108, "pct_age_45_54": 15.464021860135611, "pct_age_55_64": 13.480416961845968, "pct_age_65_74": 9.553688897884827, "pct_age_75_plus": 7.266471004959012, "pct_edu_none": 11.751269035532994, "pct_edu_secondary": 20.29187817258883, "pct_edu_college": 17.72842639593909, "pct_edu_university": 34.88578680203045, "pct_french": 74.6160147450338, "pct_owners": 75.45500505561172}}, {"arcs": [[-953, 1259, -930]], "type": "Polygon", "properties": {"CFSAUID": "J5T", "DGUID": "2021A0011J5T", "PRUID": "24", "PRNAME": "Quebec / Qu\u00e9bec", "LANDAREA": 68.2198, "Somme": 9835.0, "Nombre de donateurs": 124, "Moyenne": 79.31451612903226, "age_total": 14425.0, "median_income_hh": 5840.0, "pct_income_0_30k": 9.16095890410959, "pct_income_30_60k": 15.154109589041097, "pct_income_60_100k": 31.16438356164384, "pct_income_100k_plus": 37.84246575342466, "pct_age_15_24": 10.19064124783362, "pct_age_25_34": 12.928942807625653, "pct_age_35_44": 13.69150779896014, "pct_age_45_54": 12.305025996533796, "pct_age_55_64": 15.251299826689774, "pct_age_65_74": 10.155979202772963, "pct_age_75_plus": 6.308492201039861, "pct_edu_none": 23.67170626349892, "pct_edu_secondary": 25.01079913606911, "pct_edu_college": 14.946004319654428, "pct_edu_university": 8.98488120950324, "pct_french": 97.28601252609604, "pct_owners": 76.00685518423307}}, {"arcs": [[-218, -907, -926]], "type": "Polygon", "properties": {"CFSAUID": "J5V", "DGUID": "2021A0011J5V", "PRUID": "24", "PRNAME": "Quebec / Qu\u00e9bec", "LANDAREA": 62.589, "Somme": 2450.0, "Nombre de donateurs": 30, "Moyenne": 81.66666666666667, "age_total": 7340.0, "median_income_hh": 3660.0, "pct_income_0_30k": 26.50273224043716, "pct_income_30_60k": 26.36612021857924, "pct_income_60_100k": 27.459016393442624, "pct_income_100k_plus": 15.57377049180328, "pct_age_15_24": 7.220708446866484, "pct_age_25_34": 7.765667574931879, "pct_age_35_44": 9.059945504087194, "pct_age_45_54": 10.42234332425068, "pct_age_55_64": 18.66485013623978, "pct_age_65_74": 17.506811989100818, "pct_age_75_plus": 18.59673024523161, "pct_edu_none": 31.90436933223413, "pct_edu_secondary": 28.02967848309975, "pct_edu_college": 12.201154163231658, "pct_edu_university": 6.430338004946414, "pct_french": 97.64957264957263, "pct_owners": 48.49726775956284}}, {"arcs": [[-1260, -952, 1260, 1261, 1262, -931]], "type": "Polygon", "properties": {"CFSAUID": "J5W", "DGUID": "2021A0011J5W", "PRUID": "24", "PRNAME": "Quebec / Qu\u00e9bec", "LANDAREA": 134.9085, "Somme": 23050.0, "Nombre de donateurs": 263, "Moyenne": 87.6425855513308, "age_total": 26780.0, "median_income_hh": 10660.0, "pct_income_0_30k": 9.00562851782364, "pct_income_30_60k": 14.821763602251409, "pct_income_60_100k": 28.330206378986865, "pct_income_100k_plus": 41.510318949343336, "pct_age_15_24": 9.52203136669156, "pct_age_25_34": 11.930545182972368, "pct_age_35_44": 14.507094846900673, "pct_age_45_54": 11.911874533233757, "pct_age_55_64": 14.05899925317401, "pct_age_65_74": 10.474234503360718, "pct_age_75_plus": 6.665421956684092, "pct_edu_none": 17.964793826862792, "pct_edu_secondary": 23.14926452857487, "pct_edu_college": 18.591753074511697, "pct_edu_university": 15.553412105136244, "pct_french": 96.87617613850207, "pct_owners": 74.43714821763602}}, {"arcs": [[-1263, 1263, 1264, -932]], "type": "Polygon", "properties": {"CFSAUID": "J5X", "DGUID": "2021A0011J5X", "PRUID": "24", "PRNAME": "Quebec / Qu\u00e9bec", "LANDAREA": 56.5656, "Somme": 1130.0, "Nombre de donateurs": 24, "Moyenne": 47.083333333333336, "age_total": 8895.0, "median_income_hh": 3585.0, "pct_income_0_30k": 12.133891213389122, "pct_income_30_60k": 16.178521617852162, "pct_income_60_100k": 29.288702928870293, "pct_income_100k_plus": 35.843793584379355, "pct_age_15_24": 10.17425519955031, "pct_age_25_34": 14.333895446880272, "pct_age_35_44": 13.827993254637436, "pct_age_45_54": 12.310286677908936, "pct_age_55_64": 14.558740865654862, "pct_age_65_74": 8.712759977515457, "pct_age_75_plus": 5.789769533445756, "pct_edu_none": 26.071428571428573, "pct_edu_secondary": 23.714285714285715, "pct_edu_college": 14.000000000000002, "pct_edu_university": 10.285714285714285, "pct_french": 98.08234630569656, "pct_owners": 67.40947075208913}}, {"arcs": [[-951, 1265, 1266, -1261]], "type": "Polygon", "properties": {"CFSAUID": "J5Y", "DGUID": "2021A0011J5Y", "PRUID": "24", "PRNAME": "Quebec / Qu\u00e9bec", "LANDAREA": 9.4043, "Somme": 21560.0, "Nombre de donateurs": 255, "Moyenne": 84.54901960784314, "age_total": 30080.0, "median_income_hh": 11080.0, "pct_income_0_30k": 5.415162454873646, "pct_income_30_60k": 10.469314079422382, "pct_income_60_100k": 26.12815884476534, "pct_income_100k_plus": 51.85018050541517, "pct_age_15_24": 11.751994680851062, "pct_age_25_34": 8.726728723404255, "pct_age_35_44": 13.846409574468083, "pct_age_45_54": 14.378324468085108, "pct_age_55_64": 15.059840425531917, "pct_age_65_74": 10.289228723404255, "pct_age_75_plus": 5.219414893617022, "pct_edu_none": 13.780025284450062, "pct_edu_secondary": 23.87273493468184, "pct_edu_college": 20.396123050990308, "pct_edu_university": 20.712178676780447, "pct_french": 88.60717264386989, "pct_owners": 83.16787003610109}}, {"arcs": [[-1262, -1267, 1267, 1268, 1269, -1264]], "type": "Polygon", "properties": {"CFSAUID": "J5Z", "DGUID": "2021A0011J5Z", "PRUID": "24", "PRNAME": "Quebec / Qu\u00e9bec", "LANDAREA": 39.0665, "Somme": 11205.0, "Nombre de donateurs": 149, "Moyenne": 75.20134228187919, "age_total": 28005.0, "median_income_hh": 11595.0, "pct_income_0_30k": 9.573091849935317, "pct_income_30_60k": 14.316515739542906, "pct_income_60_100k": 29.279862009486845, "pct_income_100k_plus": 40.27598102630444, "pct_age_15_24": 10.855204427780754, "pct_age_25_34": 10.87305838243171, "pct_age_35_44": 13.069094804499196, "pct_age_45_54": 13.890376718443134, "pct_age_55_64": 15.979289412604892, "pct_age_65_74": 11.033743974290305, "pct_age_75_plus": 6.748794858061061, "pct_edu_none": 18.718565493111743, "pct_edu_secondary": 25.825497485239453, "pct_edu_college": 17.778263721845615, "pct_edu_university": 13.207959763831184, "pct_french": 91.90109299408708, "pct_owners": 72.0569210866753}}, {"arcs": [[-950, -1192, -492, 1270, -1268, -1266]], "type": "Polygon", "properties": {"CFSAUID": "J6A", "DGUID": "2021A0011J6A", "PRUID": "24", "PRNAME": "Quebec / Qu\u00e9bec", "LANDAREA": 15.2141, "Somme": 45647.5, "Nombre de donateurs": 553, "Moyenne": 82.54520795660036, "age_total": 34315.0, "median_income_hh": 14645.0, "pct_income_0_30k": 11.02765448958689, "pct_income_30_60k": 16.114714919767838, "pct_income_60_100k": 29.088426083987716, "pct_income_100k_plus": 37.82861044725162, "pct_age_15_24": 9.281655252804896, "pct_age_25_34": 9.747923648550197, "pct_age_35_44": 11.379863033658747, "pct_age_45_54": 11.292437709456506, "pct_age_55_64": 15.022584875418913, "pct_age_65_74": 14.366894943902084, "pct_age_75_plus": 13.638350575550051, "pct_edu_none": 17.255386789120454, "pct_edu_secondary": 25.238431649593785, "pct_edu_college": 17.820558106676085, "pct_edu_university": 17.061109148710702, "pct_french": 92.43512681425013, "pct_owners": 71.09215017064847}}, {"arcs": [[-941]], "type": "Polygon", "properties": {"CFSAUID": "J6E", "DGUID": "2021A0011J6E", "PRUID": "24", "PRNAME": "Quebec / Qu\u00e9bec", "LANDAREA": 69.2301, "Somme": 103822.0, "Nombre de donateurs": 1371, "Moyenne": 75.72720641867251, "age_total": 46435.0, "median_income_hh": 22010.0, "pct_income_0_30k": 19.695592912312584, "pct_income_30_60k": 22.194457064970468, "pct_income_60_100k": 29.850068150840524, "pct_income_100k_plus": 23.625624716038164, "pct_age_15_24": 9.08797243458598, "pct_age_25_34": 10.380101216754603, "pct_age_35_44": 10.83234629051362, "pct_age_45_54": 10.315494777646173, "pct_age_55_64": 15.171745450629912, "pct_age_65_74": 15.548616345429094, "pct_age_75_plus": 15.204048670184129, "pct_edu_none": 23.96496815286624, "pct_edu_secondary": 24.11093418259023, "pct_edu_college": 16.18895966029724, "pct_edu_university": 14.822186836518048, "pct_french": 96.12073662416913, "pct_owners": 46.73024523160763}}, {"arcs": [[1271, 1272, -843, -1242, 1273]], "type": "Polygon", "properties": {"CFSAUID": "J6J", "DGUID": "2021A0011J6J", "PRUID": "24", "PRNAME": "Quebec / Qu\u00e9bec", "LANDAREA": 12.939, "Somme": 10455.0, "Nombre de donateurs": 125, "Moyenne": 83.64, "age_total": 24855.0, "median_income_hh": 10085.0, "pct_income_0_30k": 13.733267228557263, "pct_income_30_60k": 16.757560733763015, "pct_income_60_100k": 28.35894893406049, "pct_income_100k_plus": 35.3495290034705, "pct_age_15_24": 11.426272379802857, "pct_age_25_34": 10.76242204787769, "pct_age_35_44": 12.794206397103196, "pct_age_45_54": 13.337356668678336, "pct_age_55_64": 14.644940655803662, "pct_age_65_74": 10.581371957352644, "pct_age_75_plus": 8.609937638302153, "pct_edu_none": 19.53259532595326, "pct_edu_secondary": 27.45387453874539, "pct_edu_college": 16.900369003690034, "pct_edu_university": 16.285362853628534, "pct_french": 54.81720864471824, "pct_owners": 66.83217477656405}}, {"arcs": [[-959, 1274, -1030, 1275, -1274, -1241]], "type": "Polygon", "properties": {"CFSAUID": "J6K", "DGUID": "2021A0011J6K", "PRUID": "24", "PRNAME": "Quebec / Qu\u00e9bec", "LANDAREA": 21.366, "Somme": 7035.0, "Nombre de donateurs": 87, "Moyenne": 80.86206896551724, "age_total": 25960.0, "median_income_hh": 9835.0, "pct_income_0_30k": 10.421962379257751, "pct_income_30_60k": 14.743263853584136, "pct_income_60_100k": 30.554143365531267, "pct_income_100k_plus": 37.46822572445348, "pct_age_15_24": 10.901386748844375, "pct_age_25_34": 9.842064714946073, "pct_age_35_44": 13.6748844375963, "pct_age_45_54": 12.654083204930664, "pct_age_55_64": 14.117873651771957, "pct_age_65_74": 10.400616332819723, "pct_age_75_plus": 9.533898305084746, "pct_edu_none": 18.391935087287926, "pct_edu_secondary": 28.1780181952299, "pct_edu_college": 18.195229899188597, "pct_edu_university": 16.3265306122449, "pct_french": 56.49211602102394, "pct_owners": 77.00507614213198}}, {"arcs": [[-1272, -1276, -1029, 1276, -1012, 1277]], "type": "Polygon", "properties": {"CFSAUID": "J6N", "DGUID": "2021A0011J6N", "PRUID": "24", "PRNAME": "Quebec / Qu\u00e9bec", "LANDAREA": 78.5816, "Somme": 10246.61, "Nombre de donateurs": 139, "Moyenne": 73.71661870503597, "age_total": 16015.0, "median_income_hh": 7275.0, "pct_income_0_30k": 14.0893470790378, "pct_income_30_60k": 18.144329896907216, "pct_income_60_100k": 30.309278350515463, "pct_income_100k_plus": 31.54639175257732, "pct_age_15_24": 9.397439900093662, "pct_age_25_34": 13.549797065251326, "pct_age_35_44": 12.113643459256949, "pct_age_45_54": 10.739931314392756, "pct_age_55_64": 16.546987199500467, "pct_age_65_74": 11.863877614736184, "pct_age_75_plus": 9.397439900093662, "pct_edu_none": 20.436582611968383, "pct_edu_secondary": 24.80240873165224, "pct_edu_college": 15.88257433195333, "pct_edu_university": 12.9469326307866, "pct_french": 90.64455569461826, "pct_owners": 65.31593406593407}}, {"arcs": [[-1031, -1275, -958]], "type": "Polygon", "properties": {"CFSAUID": "J6R", "DGUID": "2021A0011J6R", "PRUID": "24", "PRNAME": "Quebec / Qu\u00e9bec", "LANDAREA": 45.9629, "Somme": 6440.0, "Nombre de donateurs": 68, "Moyenne": 94.70588235294116, "age_total": 14625.0, "median_income_hh": 5400.0, "pct_income_0_30k": 7.037037037037037, "pct_income_30_60k": 11.01851851851852, "pct_income_60_100k": 25.462962962962965, "pct_income_100k_plus": 50.27777777777778, "pct_age_15_24": 11.11111111111111, "pct_age_25_34": 10.905982905982906, "pct_age_35_44": 15.555555555555555, "pct_age_45_54": 13.299145299145298, "pct_age_55_64": 13.230769230769232, "pct_age_65_74": 8.444444444444445, "pct_age_75_plus": 5.299145299145299, "pct_edu_none": 16.68137687555163, "pct_edu_secondary": 24.62488967343336, "pct_edu_college": 18.53486319505737, "pct_edu_university": 17.166813768755514, "pct_french": 84.27887901572112, "pct_owners": 80.83333333333333}}, {"arcs": [[-1028, 1278, -1006, 1279, -1013, -1277]], "type": "Polygon", "properties": {"CFSAUID": "J6S", "DGUID": "2021A0011J6S", "PRUID": "24", "PRNAME": "Quebec / Qu\u00e9bec", "LANDAREA": 96.8242, "Somme": 17927.0, "Nombre de donateurs": 228, "Moyenne": 78.62719298245614, "age_total": 24765.0, "median_income_hh": 11480.0, "pct_income_0_30k": 17.72648083623693, "pct_income_30_60k": 20.470383275261327, "pct_income_60_100k": 29.181184668989545, "pct_income_100k_plus": 27.04703832752613, "pct_age_15_24": 8.237431859479104, "pct_age_25_34": 12.699374116696951, "pct_age_35_44": 11.185140318998586, "pct_age_45_54": 10.862103775489604, "pct_age_55_64": 16.717141126589947, "pct_age_65_74": 14.637593377750855, "pct_age_75_plus": 11.48798707853826, "pct_edu_none": 25.111551809618245, "pct_edu_secondary": 24.739712444224097, "pct_edu_college": 15.66683192860684, "pct_edu_university": 9.816559246405552, "pct_french": 93.50702218603703, "pct_owners": 58.73850197109067}}, {"arcs": [[-1027, 1280, -1007, -1279]], "type": "Polygon", "properties": {"CFSAUID": "J6T", "DGUID": "2021A0011J6T", "PRUID": "24", "PRNAME": "Quebec / Qu\u00e9bec", "LANDAREA": 11.7367, "Somme": 12712.0, "Nombre de donateurs": 168, "Moyenne": 75.66666666666667, "age_total": 18025.0, "median_income_hh": 8595.0, "pct_income_0_30k": 18.61547411285631, "pct_income_30_60k": 21.640488656195465, "pct_income_60_100k": 31.12274578243165, "pct_income_100k_plus": 23.211169284467715, "pct_age_15_24": 9.459084604715674, "pct_age_25_34": 12.954230235783632, "pct_age_35_44": 11.678224687933426, "pct_age_45_54": 11.178918169209432, "pct_age_55_64": 15.561719833564494, "pct_age_65_74": 13.869625520110956, "pct_age_75_plus": 10.124826629680998, "pct_edu_none": 25.963488843813387, "pct_edu_secondary": 25.45638945233265, "pct_edu_college": 15.077755240027049, "pct_edu_university": 9.803921568627452, "pct_french": 92.96369265409513, "pct_owners": 50.86605080831409}}, {"arcs": [[-1271, -491, -503, -740, 1281, 1282, -1269]], "type": "Polygon", "properties": {"CFSAUID": "J6V", "DGUID": "2021A0011J6V", "PRUID": "24", "PRNAME": "Quebec / Qu\u00e9bec", "LANDAREA": 27.6787, "Somme": 7000.0, "Nombre de donateurs": 87, "Moyenne": 80.45977011494253, "age_total": 14620.0, "median_income_hh": 5480.0, "pct_income_0_30k": 5.839416058394161, "pct_income_30_60k": 10.127737226277372, "pct_income_60_100k": 25.18248175182482, "pct_income_100k_plus": 52.28102189781022, "pct_age_15_24": 11.2859097127223, "pct_age_25_34": 9.097127222982216, "pct_age_35_44": 12.790697674418606, "pct_age_45_54": 15.560875512995894, "pct_age_55_64": 14.500683994528044, "pct_age_65_74": 10.567715458276334, "pct_age_75_plus": 8.17373461012312, "pct_edu_none": 13.582417582417584, "pct_edu_secondary": 24.263736263736263, "pct_edu_college": 20.043956043956044, "pct_edu_university": 21.978021978021975, "pct_french": 83.73579545454545, "pct_owners": 81.13553113553114}}, {"arcs": [[-739, -743, -760, 1283, 1284, 1285, 1286, -1282]], "type": "Polygon", "properties": {"CFSAUID": "J6W", "DGUID": "2021A0011J6W", "PRUID": "24", "PRNAME": "Quebec / Qu\u00e9bec", "LANDAREA": 17.9129, "Somme": 23285.0, "Nombre de donateurs": 295, "Moyenne": 78.9322033898305, "age_total": 32425.0, "median_income_hh": 13445.0, "pct_income_0_30k": 11.156563778356269, "pct_income_30_60k": 14.912606917069542, "pct_income_60_100k": 28.597991818519898, "pct_income_100k_plus": 39.60580141316474, "pct_age_15_24": 11.595990747879725, "pct_age_25_34": 11.010023130300697, "pct_age_35_44": 13.323053199691596, "pct_age_45_54": 14.202004626060138, "pct_age_55_64": 14.402467232074018, "pct_age_65_74": 11.040863531225906, "pct_age_75_plus": 6.954510408635313, "pct_edu_none": 19.358490566037737, "pct_edu_secondary": 24.20754716981132, "pct_edu_college": 17.77358490566038, "pct_edu_university": 15.88679245283019, "pct_french": 90.80779944289694, "pct_owners": 64.81757259865971}}, {"arcs": [[-1285, 1287, -1001, 1288, 1289, 1290]], "type": "Polygon", "properties": {"CFSAUID": "J6X", "DGUID": "2021A0011J6X", "PRUID": "24", "PRNAME": "Quebec / Qu\u00e9bec", "LANDAREA": 29.4211, "Somme": 19965.0, "Nombre de donateurs": 236, "Moyenne": 84.59745762711864, "age_total": 25260.0, "median_income_hh": 9590.0, "pct_income_0_30k": 7.038581856100104, "pct_income_30_60k": 11.78310740354536, "pct_income_60_100k": 28.206465067778936, "pct_income_100k_plus": 46.92387904066736, "pct_age_15_24": 10.60965954077593, "pct_age_25_34": 10.629453681710212, "pct_age_35_44": 12.806809184481391, "pct_age_45_54": 12.60886777513856, "pct_age_55_64": 16.132224861441014, "pct_age_65_74": 11.203483768804434, "pct_age_75_plus": 8.174980205859066, "pct_edu_none": 15.713215088683487, "pct_edu_secondary": 24.106919810142397, "pct_edu_college": 19.710217336997253, "pct_edu_university": 17.41194104421684, "pct_french": 89.19358114970547, "pct_owners": 76.99896157840082}}, {"arcs": [[-1284, -759, 1291, 1292, -996, -1288]], "type": "Polygon", "properties": {"CFSAUID": "J6Y", "DGUID": "2021A0011J6Y", "PRUID": "24", "PRNAME": "Quebec / Qu\u00e9bec", "LANDAREA": 39.0259, "Somme": 6235.0, "Nombre de donateurs": 75, "Moyenne": 83.13333333333334, "age_total": 22925.0, "median_income_hh": 7975.0, "pct_income_0_30k": 4.827586206896552, "pct_income_30_60k": 9.467084639498433, "pct_income_60_100k": 22.19435736677116, "pct_income_100k_plus": 57.4294670846395, "pct_age_15_24": 11.864776444929117, "pct_age_25_34": 10.272628135223554, "pct_age_35_44": 16.72846237731734, "pct_age_45_54": 15.070883315158124, "pct_age_55_64": 11.930207197382767, "pct_age_65_74": 7.197382769901854, "pct_age_75_plus": 3.707742639040349, "pct_edu_none": 15.856115107913668, "pct_edu_secondary": 21.58273381294964, "pct_edu_college": 19.48201438848921, "pct_edu_university": 19.76978417266187, "pct_french": 87.02726473175022, "pct_owners": 84.88080301129234}}, {"arcs": [[-758, -754, 1293, 1294, 1295, -1292]], "type": "Polygon", "properties": {"CFSAUID": "J6Z", "DGUID": "2021A0011J6Z", "PRUID": "24", "PRNAME": "Quebec / Qu\u00e9bec", "LANDAREA": 10.2674, "Somme": 8648.0, "Nombre de donateurs": 122, "Moyenne": 70.88524590163935, "age_total": 19630.0, "median_income_hh": 7635.0, "pct_income_0_30k": 6.679764243614931, "pct_income_30_60k": 10.805500982318271, "pct_income_60_100k": 25.605762933857235, "pct_income_100k_plus": 50.884086444007856, "pct_age_15_24": 11.589403973509931, "pct_age_25_34": 10.010188487009678, "pct_age_35_44": 13.652572592969944, "pct_age_45_54": 14.518593988792665, "pct_age_55_64": 14.849719816607236, "pct_age_65_74": 10.315843097300052, "pct_age_75_plus": 5.934793683138054, "pct_edu_none": 13.051762464274372, "pct_edu_secondary": 21.181327405525565, "pct_edu_college": 19.275960622419817, "pct_edu_university": 27.46903778977453, "pct_french": 83.54559347936832, "pct_owners": 85.05897771952819}}, {"arcs": [[-753, -767, 1296, 1297, 1298, -1294]], "type": "Polygon", "properties": {"CFSAUID": "J7A", "DGUID": "2021A0011J7A", "PRUID": "24", "PRNAME": "Quebec / Qu\u00e9bec", "LANDAREA": 10.6839, "Somme": 13156.4, "Nombre de donateurs": 152, "Moyenne": 86.55526315789473, "age_total": 14190.0, "median_income_hh": 5275.0, "pct_income_0_30k": 6.4454976303317535, "pct_income_30_60k": 8.151658767772512, "pct_income_60_100k": 21.04265402843602, "pct_income_100k_plus": 59.810426540284354, "pct_age_15_24": 12.191684284707542, "pct_age_25_34": 7.434813248766738, "pct_age_35_44": 11.20507399577167, "pct_age_45_54": 14.658210007047218, "pct_age_55_64": 16.983791402396054, "pct_age_65_74": 12.544045102184636, "pct_age_75_plus": 7.3643410852713185, "pct_edu_none": 9.764453961456104, "pct_edu_secondary": 19.3576017130621, "pct_edu_college": 21.199143468950748, "pct_edu_university": 34.775160599571734, "pct_french": 73.24638702855128, "pct_owners": 88.15165876777252}}, {"arcs": [[-1295, -1299, 1299, 1300]], "type": "Polygon", "properties": {"CFSAUID": "J7B", "DGUID": "2021A0011J7B", "PRUID": "24", "PRNAME": "Quebec / Qu\u00e9bec", "LANDAREA": 6.9008, "Somme": 4995.0, "Nombre de donateurs": 54, "Moyenne": 92.5, "age_total": 13065.0, "median_income_hh": 4430.0, "pct_income_0_30k": 5.191873589164786, "pct_income_30_60k": 7.336343115124154, "pct_income_60_100k": 15.4627539503386, "pct_income_100k_plus": 68.058690744921, "pct_age_15_24": 17.030233448143896, "pct_age_25_34": 7.233065442020665, "pct_age_35_44": 10.371220818982014, "pct_age_45_54": 19.670876387294296, "pct_age_55_64": 16.417910447761194, "pct_age_65_74": 6.544202066590127, "pct_age_75_plus": 5.128205128205128, "pct_edu_none": 12.546992481203006, "pct_edu_secondary": 19.642857142857142, "pct_edu_college": 19.642857142857142, "pct_edu_university": 33.36466165413533, "pct_french": 82.24371373307542, "pct_owners": 86.89265536723164}}, {"arcs": [[-997, -1293, -1296, -1301, 1301, 1302]], "type": "Polygon", "properties": {"CFSAUID": "J7C", "DGUID": "2021A0011J7C", "PRUID": "24", "PRNAME": "Quebec / Qu\u00e9bec", "LANDAREA": 48.0684, "Somme": 22193.0, "Nombre de donateurs": 284, "Moyenne": 78.1443661971831, "age_total": 46675.0, "median_income_hh": 17970.0, "pct_income_0_30k": 6.455203116304952, "pct_income_30_60k": 11.380077907623818, "pct_income_60_100k": 26.933778519755148, "pct_income_100k_plus": 48.887033945464665, "pct_age_15_24": 12.383502945902515, "pct_age_25_34": 10.380289234065346, "pct_age_35_44": 13.540439207284413, "pct_age_45_54": 15.21156936261382, "pct_age_55_64": 14.279592929833958, "pct_age_65_74": 9.459025174076055, "pct_age_75_plus": 6.12747723620782, "pct_edu_none": 15.266050127328777, "pct_edu_secondary": 23.093419112719477, "pct_edu_college": 19.729258812491626, "pct_edu_university": 21.672698029754724, "pct_french": 86.88062452564242, "pct_owners": 75.47274749721913}}, {"arcs": [[[-1298, 1303, 1304, 1305, 1306, -1302, -1300]], [[1307]]], "type": "MultiPolygon", "properties": {"CFSAUID": "J7E", "DGUID": "2021A0011J7E", "PRUID": "24", "PRNAME": "Quebec / Qu\u00e9bec", "LANDAREA": 13.5811, "Somme": 31575.0, "Nombre de donateurs": 390, "Moyenne": 80.96153846153847, "age_total": 29355.0, "median_income_hh": 13295.0, "pct_income_0_30k": 14.855208725084616, "pct_income_30_60k": 20.797292215118464, "pct_income_60_100k": 31.66603986461076, "pct_income_100k_plus": 27.67957878901843, "pct_age_15_24": 10.509282916027937, "pct_age_25_34": 13.592233009708735, "pct_age_35_44": 10.88400613183444, "pct_age_45_54": 11.071367739737694, "pct_age_55_64": 13.592233009708735, "pct_age_65_74": 11.923011412025208, "pct_age_75_plus": 12.876852324987226, "pct_edu_none": 20.437798006068487, "pct_edu_secondary": 23.623753792804507, "pct_edu_college": 18.14044213263979, "pct_edu_university": 17.706978760294756, "pct_french": 82.32296608680373, "pct_owners": 47.24528301886792}}, {"arcs": [[-780, 1308, 1309, -1304, -1297, -766, -774]], "type": "Polygon", "properties": {"CFSAUID": "J7G", "DGUID": "2021A0011J7G", "PRUID": "24", "PRNAME": "Quebec / Qu\u00e9bec", "LANDAREA": 10.6651, "Somme": 10054.93, "Nombre de donateurs": 109, "Moyenne": 92.24706422018347, "age_total": 17310.0, "median_income_hh": 7235.0, "pct_income_0_30k": 8.984105044920526, "pct_income_30_60k": 14.167242570836214, "pct_income_60_100k": 28.403593642017967, "pct_income_100k_plus": 42.29440221147201, "pct_age_15_24": 11.351819757365684, "pct_age_25_34": 13.027151935297516, "pct_age_35_44": 12.70941652224148, "pct_age_45_54": 13.720392836510689, "pct_age_55_64": 16.984402079722706, "pct_age_65_74": 9.792027729636049, "pct_age_75_plus": 5.834777585210861, "pct_edu_none": 16.643502432244613, "pct_edu_secondary": 23.28005559416261, "pct_edu_college": 19.87491313412092, "pct_edu_university": 19.56219596942321, "pct_french": 83.28030083887764, "pct_owners": 69.86869384934347}}, {"arcs": [[-1310, 1310, 1311, -1305], [-1308]], "type": "Polygon", "properties": {"CFSAUID": "J7H", "DGUID": "2021A0011J7H", "PRUID": "24", "PRNAME": "Quebec / Qu\u00e9bec", "LANDAREA": 12.9074, "Somme": 2998.99, "Nombre de donateurs": 42, "Moyenne": 71.40452380952381, "age_total": 8185.0, "median_income_hh": 3585.0, "pct_income_0_30k": 8.786610878661087, "pct_income_30_60k": 14.783821478382148, "pct_income_60_100k": 29.9860529986053, "pct_income_100k_plus": 40.4463040446304, "pct_age_15_24": 11.423335369578496, "pct_age_25_34": 12.09529627367135, "pct_age_35_44": 11.912034208918756, "pct_age_45_54": 13.317043372021992, "pct_age_55_64": 16.371411117898596, "pct_age_65_74": 9.957238851557728, "pct_age_75_plus": 7.941356139279169, "pct_edu_none": 15.693430656934307, "pct_edu_secondary": 24.5985401459854, "pct_edu_college": 19.34306569343066, "pct_edu_university": 20.583941605839414, "pct_french": 82.6511912034209, "pct_owners": 53.92022008253095}}, {"arcs": [[-1303, -1307, 1312, 1313, 1314, -1248, -998]], "type": "Polygon", "properties": {"CFSAUID": "J7J", "DGUID": "2021A0011J7J", "PRUID": "24", "PRNAME": "Quebec / Qu\u00e9bec", "LANDAREA": 93.5204, "Somme": 9695.0, "Nombre de donateurs": 135, "Moyenne": 71.81481481481481, "age_total": 27640.0, "median_income_hh": 11480.0, "pct_income_0_30k": 8.013937282229964, "pct_income_30_60k": 14.06794425087108, "pct_income_60_100k": 27.439024390243905, "pct_income_100k_plus": 43.94599303135889, "pct_age_15_24": 11.450795947901591, "pct_age_25_34": 13.422575976845152, "pct_age_35_44": 14.670767004341537, "pct_age_45_54": 14.290882778581764, "pct_age_55_64": 13.440665701881333, "pct_age_65_74": 8.90014471780029, "pct_age_75_plus": 4.793777134587554, "pct_edu_none": 16.681674921206664, "pct_edu_secondary": 23.0076542098154, "pct_edu_college": 20.21611886537596, "pct_edu_university": 16.25393966681675, "pct_french": 90.88277858176556, "pct_owners": 65.98253275109171}}, {"arcs": [[-1270, -1283, -1287, 1315, -1290, 1316, -933, -1265]], "type": "Polygon", "properties": {"CFSAUID": "J7K", "DGUID": "2021A0011J7K", "PRUID": "24", "PRNAME": "Quebec / Qu\u00e9bec", "LANDAREA": 90.948, "Somme": 27575.0, "Nombre de donateurs": 330, "Moyenne": 83.56060606060606, "age_total": 36960.0, "median_income_hh": 14770.0, "pct_income_0_30k": 7.582938388625592, "pct_income_30_60k": 13.033175355450238, "pct_income_60_100k": 29.316181448882872, "pct_income_100k_plus": 43.80501015572106, "pct_age_15_24": 10.335497835497836, "pct_age_25_34": 12.053571428571429, "pct_age_35_44": 15.313852813852812, "pct_age_45_54": 13.135822510822512, "pct_age_55_64": 12.56764069264069, "pct_age_65_74": 10.051406926406926, "pct_age_75_plus": 6.479978354978355, "pct_edu_none": 16.254539166522566, "pct_edu_secondary": 24.88327857513401, "pct_edu_college": 18.67542797855784, "pct_edu_university": 15.580148711741309, "pct_french": 92.85520239065472, "pct_owners": 74.19682110246872}}, {"arcs": [[-1286, -1291, -1316]], "type": "Polygon", "properties": {"CFSAUID": "J7L", "DGUID": "2021A0011J7L", "PRUID": "24", "PRNAME": "Quebec / Qu\u00e9bec", "LANDAREA": 15.9454, "Somme": 7020.0, "Nombre de donateurs": 85, "Moyenne": 82.58823529411765, "age_total": 14220.0, "median_income_hh": 5210.0, "pct_income_0_30k": 5.950095969289827, "pct_income_30_60k": 11.228406909788866, "pct_income_60_100k": 25.911708253358924, "pct_income_100k_plus": 49.80806142034549, "pct_age_15_24": 10.68917018284107, "pct_age_25_34": 12.693389592123768, "pct_age_35_44": 13.818565400843882, "pct_age_45_54": 14.064697609001406, "pct_age_55_64": 13.39662447257384, "pct_age_65_74": 8.931082981715893, "pct_age_75_plus": 7.137834036568213, "pct_edu_none": 17.695099818511796, "pct_edu_secondary": 22.82214156079855, "pct_edu_college": 17.78584392014519, "pct_edu_university": 15.335753176043555, "pct_french": 91.76598049837489, "pct_owners": 81.71318575553417}}, {"arcs": [[-934, -1317, -1289, -1000, -1247, -1258]], "type": "Polygon", "properties": {"CFSAUID": "J7M", "DGUID": "2021A0011J7M", "PRUID": "24", "PRNAME": "Quebec / Qu\u00e9bec", "LANDAREA": 39.7182, "Somme": 8380.0, "Nombre de donateurs": 133, "Moyenne": 63.00751879699248, "age_total": 24705.0, "median_income_hh": 8755.0, "pct_income_0_30k": 6.9103369503141066, "pct_income_30_60k": 12.107367218732152, "pct_income_60_100k": 29.754426042261567, "pct_income_100k_plus": 43.74643061107938, "pct_age_15_24": 12.143290831815422, "pct_age_25_34": 11.617081562436754, "pct_age_35_44": 15.523173446670716, "pct_age_45_54": 14.308844363489174, "pct_age_55_64": 12.77069419145922, "pct_age_65_74": 7.20501922687715, "pct_age_75_plus": 3.440599069014369, "pct_edu_none": 25.72406529752501, "pct_edu_secondary": 23.09110057925224, "pct_edu_college": 15.797788309636651, "pct_edu_university": 8.109531332280147, "pct_french": 89.96154624569925, "pct_owners": 81.38206739006282}}, {"arcs": [[-1306, -1312, 1317, -994, -1041, 1318, -1254, -1257, 1319, -1313]], "type": "Polygon", "properties": {"CFSAUID": "J7N", "DGUID": "2021A0011J7N", "PRUID": "24", "PRNAME": "Quebec / Qu\u00e9bec", "LANDAREA": 390.5746, "Somme": 8987.0, "Nombre de donateurs": 132, "Moyenne": 68.08333333333333, "age_total": 33450.0, "median_income_hh": 13305.0, "pct_income_0_30k": 8.154829011649756, "pct_income_30_60k": 13.416009019165728, "pct_income_60_100k": 29.27470875610673, "pct_income_100k_plus": 42.23975948891394, "pct_age_15_24": 11.01644245142003, "pct_age_25_34": 15.829596412556054, "pct_age_35_44": 15.067264573991032, "pct_age_45_54": 12.436472346786248, "pct_age_55_64": 11.913303437967116, "pct_age_65_74": 7.698056801195814, "pct_age_75_plus": 4.0209267563527655, "pct_edu_none": 18.954248366013072, "pct_edu_secondary": 23.26028450595925, "pct_edu_college": 18.108419838523645, "pct_edu_university": 13.22568242983468, "pct_french": 94.99775348210274, "pct_owners": 66.1544227886057}}, {"arcs": [[-779, 1320, -1309]], "type": "Polygon", "properties": {"CFSAUID": "J7P", "DGUID": "2021A0011J7P", "PRUID": "24", "PRNAME": "Quebec / Qu\u00e9bec", "LANDAREA": 11.4666, "Somme": 19915.0, "Nombre de donateurs": 233, "Moyenne": 85.47210300429184, "age_total": 25230.0, "median_income_hh": 10850.0, "pct_income_0_30k": 11.10599078341014, "pct_income_30_60k": 16.497695852534562, "pct_income_60_100k": 31.52073732718894, "pct_income_100k_plus": 34.74654377880184, "pct_age_15_24": 10.186286167261196, "pct_age_25_34": 10.93935790725327, "pct_age_35_44": 12.88149028933809, "pct_age_45_54": 12.683313515655964, "pct_age_55_64": 15.180340864050734, "pct_age_65_74": 13.3769322235434, "pct_age_75_plus": 8.02615933412604, "pct_edu_none": 20.261904761904763, "pct_edu_secondary": 25.666666666666664, "pct_edu_college": 17.166666666666668, "pct_edu_university": 14.333333333333334, "pct_french": 86.6626913138541, "pct_owners": 68.38235294117648}}, {"arcs": [[-1321, -778, -823, -995, -1318, -1311]], "type": "Polygon", "properties": {"CFSAUID": "J7R", "DGUID": "2021A0011J7R", "PRUID": "24", "PRNAME": "Quebec / Qu\u00e9bec", "LANDAREA": 65.1247, "Somme": 21447.0, "Nombre de donateurs": 285, "Moyenne": 75.25263157894737, "age_total": 37990.0, "median_income_hh": 15385.0, "pct_income_0_30k": 11.179720506987326, "pct_income_30_60k": 14.137146571335716, "pct_income_60_100k": 28.241793955151124, "pct_income_100k_plus": 39.81150471238219, "pct_age_15_24": 10.397473019215584, "pct_age_25_34": 10.608054751250329, "pct_age_35_44": 13.60884443274546, "pct_age_45_54": 13.253487759936824, "pct_age_55_64": 15.267175572519085, "pct_age_65_74": 10.54224795998947, "pct_age_75_plus": 8.92340089497236, "pct_edu_none": 16.752534485624064, "pct_edu_secondary": 23.151071962772143, "pct_edu_college": 19.361808210071462, "pct_edu_university": 18.613927206248963, "pct_french": 82.13245033112582, "pct_owners": 70.75871051774666}}, {"arcs": [[-1014, -1280, -1005, 1321, -1003, 1322]], "type": "Polygon", "properties": {"CFSAUID": "J7T", "DGUID": "2021A0011J7T", "PRUID": "24", "PRNAME": "Quebec / Qu\u00e9bec", "LANDAREA": 144.4892, "Somme": 7080.0, "Nombre de donateurs": 105, "Moyenne": 67.42857142857143, "age_total": 29585.0, "median_income_hh": 10520.0, "pct_income_0_30k": 4.990494296577947, "pct_income_30_60k": 8.745247148288973, "pct_income_60_100k": 21.863117870722437, "pct_income_100k_plus": 58.41254752851711, "pct_age_15_24": 12.269731282744631, "pct_age_25_34": 9.988169680581375, "pct_age_35_44": 13.942876457664358, "pct_age_45_54": 15.362514787899272, "pct_age_55_64": 15.024505661652864, "pct_age_65_74": 9.143146864965354, "pct_age_75_plus": 4.29271590332939, "pct_edu_none": 13.509513742071883, "pct_edu_secondary": 23.61522198731501, "pct_edu_college": 21.522198731501057, "pct_edu_university": 24.778012684989427, "pct_french": 53.273557773642366, "pct_owners": 91.8289786223278}}, {"arcs": [[[-846, -844, -1273, -1278, -1015, -1323, -1002, -991, -848], [1323]], [[-1004, -1322]]], "type": "MultiPolygon", "properties": {"CFSAUID": "J7V", "DGUID": "2021A0011J7V", "PRUID": "24", "PRNAME": "Quebec / Qu\u00e9bec", "LANDAREA": 109.2038, "Somme": 21445.0, "Nombre de donateurs": 266, "Moyenne": 80.6203007518797, "age_total": 69660.0, "median_income_hh": 27110.0, "pct_income_0_30k": 8.557727775728512, "pct_income_30_60k": 12.965695315381778, "pct_income_60_100k": 27.867945407598672, "pct_income_100k_plus": 44.07967539653265, "pct_age_15_24": 11.290554120011484, "pct_age_25_34": 10.615848406546082, "pct_age_35_44": 14.262130347401666, "pct_age_45_54": 14.585127763422337, "pct_age_55_64": 13.544358311800172, "pct_age_65_74": 9.754521963824288, "pct_age_75_plus": 7.2710307206431235, "pct_edu_none": 15.011337868480728, "pct_edu_secondary": 24.66213151927438, "pct_edu_college": 20.117913832199548, "pct_edu_university": 24.38095238095238, "pct_french": 50.342915511454834, "pct_owners": 75.50267478325033}}, {"arcs": [[-1324]], "type": "Polygon", "properties": {"CFSAUID": "J7W", "DGUID": "2021A0011J7W", "PRUID": "24", "PRNAME": "Quebec / Qu\u00e9bec", "LANDAREA": 7.0981, "Somme": 4605.0, "Nombre de donateurs": 64, "Moyenne": 71.953125, "age_total": 14750.0, "median_income_hh": 5640.0, "pct_income_0_30k": 7.978723404255319, "pct_income_30_60k": 10.99290780141844, "pct_income_60_100k": 27.21631205673759, "pct_income_100k_plus": 46.63120567375886, "pct_age_15_24": 11.28813559322034, "pct_age_25_34": 9.11864406779661, "pct_age_35_44": 14.372881355932204, "pct_age_45_54": 15.11864406779661, "pct_age_55_64": 13.864406779661016, "pct_age_65_74": 10.440677966101696, "pct_age_75_plus": 6.440677966101695, "pct_edu_none": 14.002530577815268, "pct_edu_secondary": 25.347954449599325, "pct_edu_college": 21.46773513285533, "pct_edu_university": 23.956136651202023, "pct_french": 40.44867437117607, "pct_owners": 87.677304964539}}, {"arcs": [[-1281, -1026, -1008]], "type": "Polygon", "properties": {"CFSAUID": "J7X", "DGUID": "2021A0011J7X", "PRUID": "24", "PRNAME": "Quebec / Qu\u00e9bec", "LANDAREA": 11.6359, "Somme": 3185.0, "Nombre de donateurs": 44, "Moyenne": 72.38636363636364, "age_total": 5640.0, "median_income_hh": 2410.0, "pct_income_0_30k": 8.71369294605809, "pct_income_30_60k": 15.145228215767634, "pct_income_60_100k": 34.439834024896264, "pct_income_100k_plus": 34.439834024896264, "pct_age_15_24": 11.170212765957446, "pct_age_25_34": 14.27304964539007, "pct_age_35_44": 14.00709219858156, "pct_age_45_54": 13.829787234042554, "pct_age_55_64": 13.031914893617024, "pct_age_65_74": 9.48581560283688, "pct_age_75_plus": 4.875886524822695, "pct_edu_none": 20.57522123893805, "pct_edu_secondary": 23.783185840707965, "pct_edu_college": 16.70353982300885, "pct_edu_university": 12.721238938053098, "pct_french": 89.81399468556245, "pct_owners": 67.01244813278008}}, {"arcs": [[-1250, 1324, -1314, -1320, -1256, -1017]], "type": "Polygon", "properties": {"CFSAUID": "J7Y", "DGUID": "2021A0011J7Y", "PRUID": "24", "PRNAME": "Quebec / Qu\u00e9bec", "LANDAREA": 22.7619, "Somme": 24580.0, "Nombre de donateurs": 339, "Moyenne": 72.50737463126843, "age_total": 27005.0, "median_income_hh": 13295.0, "pct_income_0_30k": 20.383602858217376, "pct_income_30_60k": 23.091387739751788, "pct_income_60_100k": 30.68822865739, "pct_income_100k_plus": 20.646859721699887, "pct_age_15_24": 9.683391964451026, "pct_age_25_34": 12.10886872801333, "pct_age_35_44": 10.79429735234216, "pct_age_45_54": 11.294204776893167, "pct_age_55_64": 14.812071838548416, "pct_age_65_74": 14.071468246620997, "pct_age_75_plus": 13.664136271060917, "pct_edu_none": 24.378330373001777, "pct_edu_secondary": 24.77797513321492, "pct_edu_college": 17.628774422735347, "pct_edu_university": 10.235346358792183, "pct_french": 94.69294920394238, "pct_owners": 43.279670535380006}}, {"arcs": [[-1315, -1325, -1249]], "type": "Polygon", "properties": {"CFSAUID": "J7Z", "DGUID": "2021A0011J7Z", "PRUID": "24", "PRNAME": "Quebec / Qu\u00e9bec", "LANDAREA": 17.1062, "Somme": 19612.0, "Nombre de donateurs": 275, "Moyenne": 71.31636363636363, "age_total": 30230.0, "median_income_hh": 14740.0, "pct_income_0_30k": 22.21845318860244, "pct_income_30_60k": 22.964721845318863, "pct_income_60_100k": 30.257801899592945, "pct_income_100k_plus": 19.810040705563093, "pct_age_15_24": 9.9900760833609, "pct_age_25_34": 12.305656632484286, "pct_age_35_44": 11.230565663248427, "pct_age_45_54": 10.817069136619253, "pct_age_55_64": 15.464770095931192, "pct_age_65_74": 13.876943433675155, "pct_age_75_plus": 12.537214687396624, "pct_edu_none": 26.55870445344129, "pct_edu_secondary": 23.78542510121457, "pct_edu_college": 15.242914979757083, "pct_edu_university": 10.404858299595142, "pct_french": 94.12952060555088, "pct_owners": 43.83514986376022}}, {"arcs": [[-1259, -1251, -1024, 1325, -936]], "type": "Polygon", "properties": {"CFSAUID": "J8A", "DGUID": "2021A0011J8A", "PRUID": "24", "PRNAME": "Quebec / Qu\u00e9bec", "LANDAREA": 119.502, "Somme": 7595.0, "Nombre de donateurs": 85, "Moyenne": 89.3529411764706, "age_total": 10665.0, "median_income_hh": 4680.0, "pct_income_0_30k": 9.935897435897436, "pct_income_30_60k": 14.529914529914532, "pct_income_60_100k": 29.594017094017094, "pct_income_100k_plus": 38.782051282051285, "pct_age_15_24": 8.251289263947491, "pct_age_25_34": 13.127051101734647, "pct_age_35_44": 13.127051101734647, "pct_age_45_54": 14.017815283638068, "pct_age_55_64": 18.51851851851852, "pct_age_65_74": 11.39240506329114, "pct_age_75_plus": 5.157055789967183, "pct_edu_none": 14.527027027027026, "pct_edu_secondary": 22.691441441441444, "pct_edu_college": 18.074324324324326, "pct_edu_university": 15.822072072072071, "pct_french": 94.04315196998124, "pct_owners": 84.52508004268944}}, {"arcs": [[-1023, -1032, -937, -1326]], "type": "Polygon", "properties": {"CFSAUID": "J8B", "DGUID": "2021A0011J8B", "PRUID": "24", "PRNAME": "Quebec / Qu\u00e9bec", "LANDAREA": 119.6717, "Somme": 16490.0, "Nombre de donateurs": 181, "Moyenne": 91.1049723756906, "age_total": 14010.0, "median_income_hh": 6895.0, "pct_income_0_30k": 16.533720087019578, "pct_income_30_60k": 18.201595358955768, "pct_income_60_100k": 29.15155910079768, "pct_income_100k_plus": 30.384336475707038, "pct_age_15_24": 7.530335474660957, "pct_age_25_34": 8.743754461099215, "pct_age_35_44": 10.956459671663096, "pct_age_45_54": 12.633832976445396, "pct_age_55_64": 20.235546038543895, "pct_age_65_74": 16.987865810135617, "pct_age_75_plus": 10.492505353319055, "pct_edu_none": 15.020746887966803, "pct_edu_secondary": 22.40663900414938, "pct_edu_college": 18.29875518672199, "pct_edu_university": 21.95020746887967, "pct_french": 91.6124367317426, "pct_owners": 68.96301667875272}}, {"arcs": [[-1040]], "type": "Polygon", "properties": {"CFSAUID": "J8C", "DGUID": "2021A0011J8C", "PRUID": "24", "PRNAME": "Quebec / Qu\u00e9bec", "LANDAREA": 158.4007, "Somme": 9770.0, "Nombre de donateurs": 107, "Moyenne": 91.30841121495328, "age_total": 11665.0, "median_income_hh": 5755.0, "pct_income_0_30k": 20.59079061685491, "pct_income_30_60k": 21.45960034752389, "pct_income_60_100k": 29.800173761946137, "pct_income_100k_plus": 23.11033883579496, "pct_age_15_24": 7.45820831547364, "pct_age_25_34": 9.087012430347192, "pct_age_35_44": 10.287183883411917, "pct_age_45_54": 10.501500214316332, "pct_age_55_64": 19.54564937848264, "pct_age_65_74": 18.1311615945135, "pct_age_75_plus": 12.77325332190313, "pct_edu_none": 22.58064516129032, "pct_edu_secondary": 24.04233870967742, "pct_edu_college": 14.868951612903224, "pct_edu_university": 16.028225806451612, "pct_french": 92.0744911216977, "pct_owners": 58.96103896103896}}, {"arcs": [[-1039]], "type": "Polygon", "properties": {"CFSAUID": "J8E", "DGUID": "2021A0011J8E", "PRUID": "24", "PRNAME": "Quebec / Qu\u00e9bec", "LANDAREA": 254.3644, "Somme": 9010.0, "Nombre de donateurs": 119, "Moyenne": 75.71428571428571, "age_total": 11045.0, "median_income_hh": 5435.0, "pct_income_0_30k": 16.55933762649494, "pct_income_30_60k": 19.41122355105796, "pct_income_60_100k": 28.61085556577737, "pct_income_100k_plus": 30.08279668813248, "pct_age_15_24": 8.057944771389769, "pct_age_25_34": 9.053870529651425, "pct_age_35_44": 10.547759167043912, "pct_age_45_54": 12.31326392032594, "pct_age_55_64": 19.646899049343595, "pct_age_65_74": 16.659121774558624, "pct_age_75_plus": 11.905839746491626, "pct_edu_none": 18.181818181818183, "pct_edu_secondary": 23.184507799892412, "pct_edu_college": 17.1059709521248, "pct_edu_university": 21.62452931683701, "pct_french": 88.55449156406749, "pct_owners": 61.07011070110702}}, {"arcs": [[[-1043, 1326, -1049, -1034, 1327, 1328]], [[-1048, -1036]]], "type": "MultiPolygon", "properties": {"CFSAUID": "J8G", "DGUID": "2021A0011J8G", "PRUID": "24", "PRNAME": "Quebec / Qu\u00e9bec", "LANDAREA": 478.1163, "Somme": 2485.0, "Nombre de donateurs": 26, "Moyenne": 95.57692307692308, "age_total": 8210.0, "median_income_hh": 3820.0, "pct_income_0_30k": 17.539267015706805, "pct_income_30_60k": 19.10994764397906, "pct_income_60_100k": 32.19895287958115, "pct_income_100k_plus": 26.04712041884817, "pct_age_15_24": 8.160779537149818, "pct_age_25_34": 9.7442143727162, "pct_age_35_44": 11.38855054811206, "pct_age_45_54": 13.276492082825822, "pct_age_55_64": 19.61023142509135, "pct_age_65_74": 15.042630937880633, "pct_age_75_plus": 8.95249695493301, "pct_edu_none": 24.818049490538574, "pct_edu_secondary": 25.254730713246, "pct_edu_college": 15.502183406113538, "pct_edu_university": 10.771470160116449, "pct_french": 76.0829774252593, "pct_owners": 80.86500655307994}}, {"arcs": [[[-1328, -1033, -1021, -1046]], [[-1045, -1255, -1319, -1044, -1329]]], "type": "MultiPolygon", "properties": {"CFSAUID": "J8H", "DGUID": "2021A0011J8H", "PRUID": "24", "PRNAME": "Quebec / Qu\u00e9bec", "LANDAREA": 193.6873, "Somme": 6785.0, "Nombre de donateurs": 86, "Moyenne": 78.8953488372093, "age_total": 15140.0, "median_income_hh": 7100.0, "pct_income_0_30k": 21.549295774647888, "pct_income_30_60k": 21.69014084507042, "pct_income_60_100k": 29.366197183098592, "pct_income_100k_plus": 21.83098591549296, "pct_age_15_24": 8.619550858652577, "pct_age_25_34": 10.7001321003963, "pct_age_35_44": 10.369881109643329, "pct_age_45_54": 10.7001321003963, "pct_age_55_64": 17.27212681638045, "pct_age_65_74": 15.191545574636724, "pct_age_75_plus": 13.54029062087186, "pct_edu_none": 29.008567931456547, "pct_edu_secondary": 26.23419012647899, "pct_edu_college": 13.055895552835578, "pct_edu_university": 8.64953080375357, "pct_french": 84.99327052489906, "pct_owners": 53.774928774928775}}, {"arcs": [[-1063, 1329, 1330, 1331, -1065, -1052]], "type": "Polygon", "properties": {"CFSAUID": "J8L", "DGUID": "2021A0011J8L", "PRUID": "24", "PRNAME": "Quebec / Qu\u00e9bec", "LANDAREA": 593.05, "Somme": 3680.0, "Nombre de donateurs": 40, "Moyenne": 92.0, "age_total": 20055.0, "median_income_hh": 8555.0, "pct_income_0_30k": 12.624196376388078, "pct_income_30_60k": 15.604909409701929, "pct_income_60_100k": 28.404441846873173, "pct_income_100k_plus": 37.75569842197545, "pct_age_15_24": 9.74819247070556, "pct_age_25_34": 12.19147344801795, "pct_age_35_44": 12.141610570929942, "pct_age_45_54": 12.56544502617801, "pct_age_55_64": 16.404886561954623, "pct_age_65_74": 11.967090501121914, "pct_age_75_plus": 7.454500124657192, "pct_edu_none": 21.727189502593838, "pct_edu_secondary": 24.4736039060116, "pct_edu_college": 17.33292645712542, "pct_edu_university": 13.487946292340554, "pct_french": 87.72898368883313, "pct_owners": 70.25131502045588}}, {"arcs": [[1332, 1333, -1330, -1062]], "type": "Polygon", "properties": {"CFSAUID": "J8M", "DGUID": "2021A0011J8M", "PRUID": "24", "PRNAME": "Quebec / Qu\u00e9bec", "LANDAREA": 54.4011, "Somme": 1680.0, "Nombre de donateurs": 22, "Moyenne": 76.36363636363636, "age_total": 13160.0, "median_income_hh": 5240.0, "pct_income_0_30k": 7.15648854961832, "pct_income_30_60k": 11.641221374045802, "pct_income_60_100k": 30.72519083969465, "pct_income_100k_plus": 43.41603053435114, "pct_age_15_24": 11.170212765957446, "pct_age_25_34": 15.881458966565347, "pct_age_35_44": 14.17173252279635, "pct_age_45_54": 12.95592705167173, "pct_age_55_64": 12.993920972644377, "pct_age_65_74": 7.750759878419452, "pct_age_75_plus": 3.7613981762917934, "pct_edu_none": 21.42166344294004, "pct_edu_secondary": 25.0, "pct_edu_college": 19.148936170212767, "pct_edu_university": 11.02514506769826, "pct_french": 92.17325227963524, "pct_owners": 74.71374045801527}}, {"arcs": [[-1332, 1334, 1335, -1066]], "type": "Polygon", "properties": {"CFSAUID": "J8N", "DGUID": "2021A0011J8N", "PRUID": "24", "PRNAME": "Quebec / Qu\u00e9bec", "LANDAREA": 612.097, "Somme": 2485.0, "Nombre de donateurs": 41, "Moyenne": 60.609756097560975, "age_total": 13830.0, "median_income_hh": 5610.0, "pct_income_0_30k": 8.288770053475936, "pct_income_30_60k": 11.319073083778964, "pct_income_60_100k": 24.420677361853837, "pct_income_100k_plus": 49.82174688057041, "pct_age_15_24": 8.568329718004339, "pct_age_25_34": 13.34056399132321, "pct_age_35_44": 14.605929139551698, "pct_age_45_54": 14.28054953000723, "pct_age_55_64": 16.88358640636298, "pct_age_65_74": 9.291395516992043, "pct_age_75_plus": 4.121475054229935, "pct_edu_none": 21.454058876003568, "pct_edu_secondary": 22.30151650312221, "pct_edu_college": 19.803746654772524, "pct_edu_university": 15.744870651204282, "pct_french": 82.82718727404193, "pct_owners": 86.16071428571429}}, {"arcs": [[1336, 1337, 1338], [1339]], "type": "Polygon", "properties": {"CFSAUID": "J8P", "DGUID": "2021A0011J8P", "PRUID": "24", "PRNAME": "Quebec / Qu\u00e9bec", "LANDAREA": 27.39, "Somme": 9745.0, "Nombre de donateurs": 114, "Moyenne": 85.48245614035088, "age_total": 35320.0, "median_income_hh": 15680.0, "pct_income_0_30k": 12.11734693877551, "pct_income_30_60k": 16.3265306122449, "pct_income_60_100k": 32.84438775510204, "pct_income_100k_plus": 32.39795918367347, "pct_age_15_24": 10.17836919592299, "pct_age_25_34": 14.354473386183466, "pct_age_35_44": 13.27859569648924, "pct_age_45_54": 12.117780294450736, "pct_age_55_64": 14.906568516421292, "pct_age_65_74": 10.815402038505097, "pct_age_75_plus": 6.710079275198188, "pct_edu_none": 24.65897166841553, "pct_edu_secondary": 25.21860790486184, "pct_edu_college": 17.033927946834556, "pct_edu_university": 13.431269674711436, "pct_french": 84.855392506055, "pct_owners": 58.9041095890411}}, {"arcs": [[[1340, -1339, 1341, 1342, 1343, 1344, -1335, -1331, -1334]], [[-1340]]], "type": "MultiPolygon", "properties": {"CFSAUID": "J8R", "DGUID": "2021A0011J8R", "PRUID": "24", "PRNAME": "Quebec / Qu\u00e9bec", "LANDAREA": 87.2278, "Somme": 13565.0, "Nombre de donateurs": 148, "Moyenne": 91.6554054054054, "age_total": 28950.0, "median_income_hh": 11050.0, "pct_income_0_30k": 4.434389140271493, "pct_income_30_60k": 9.14027149321267, "pct_income_60_100k": 25.565610859728505, "pct_income_100k_plus": 54.660633484162894, "pct_age_15_24": 12.728842832469777, "pct_age_25_34": 11.640759930915372, "pct_age_35_44": 14.59412780656304, "pct_age_45_54": 14.887737478411053, "pct_age_55_64": 15.112262521588946, "pct_age_65_74": 7.858376511226252, "pct_age_75_plus": 2.832469775474957, "pct_edu_none": 16.536796536796537, "pct_edu_secondary": 24.112554112554115, "pct_edu_college": 20.909090909090907, "pct_edu_university": 21.753246753246756, "pct_french": 85.40587219343696, "pct_owners": 78.96645512239347}}, {"arcs": [[1345, -1342, -1338, 1346, 1347, 1348, 1349, 1350, -1344]], "type": "Polygon", "properties": {"CFSAUID": "J8T", "DGUID": "2021A0011J8T", "PRUID": "24", "PRNAME": "Quebec / Qu\u00e9bec", "LANDAREA": 18.0206, "Somme": 22895.0, "Nombre de donateurs": 271, "Moyenne": 84.48339483394834, "age_total": 37830.0, "median_income_hh": 17670.0, "pct_income_0_30k": 14.459535936615731, "pct_income_30_60k": 17.85512167515563, "pct_income_60_100k": 31.18279569892473, "pct_income_100k_plus": 30.50367855121675, "pct_age_15_24": 9.912767644726408, "pct_age_25_34": 12.133227597145122, "pct_age_35_44": 11.525244514935236, "pct_age_45_54": 11.987840338355802, "pct_age_55_64": 16.34945810203542, "pct_age_65_74": 13.3756278086175, "pct_age_75_plus": 10.600052868094105, "pct_edu_none": 23.21513002364066, "pct_edu_secondary": 24.475965327029154, "pct_edu_college": 16.627265563435774, "pct_edu_university": 20.6461780929866, "pct_french": 77.41076185402238, "pct_owners": 58.8135593220339}}, {"arcs": [[[-1351, 1351, -1067, -1336, -1345]], [[-1346, -1343]]], "type": "MultiPolygon", "properties": {"CFSAUID": "J8V", "DGUID": "2021A0011J8V", "PRUID": "24", "PRNAME": "Quebec / Qu\u00e9bec", "LANDAREA": 140.4066, "Somme": 20195.0, "Nombre de donateurs": 219, "Moyenne": 92.21461187214612, "age_total": 27275.0, "median_income_hh": 10220.0, "pct_income_0_30k": 3.9138943248532287, "pct_income_30_60k": 7.045009784735812, "pct_income_60_100k": 21.52641878669276, "pct_income_100k_plus": 62.279843444227, "pct_age_15_24": 11.659028414298808, "pct_age_25_34": 9.99083409715857, "pct_age_35_44": 14.280476626947754, "pct_age_45_54": 15.527039413382218, "pct_age_55_64": 15.3070577451879, "pct_age_65_74": 9.459211732355636, "pct_age_75_plus": 4.564619615032081, "pct_edu_none": 13.179723502304148, "pct_edu_secondary": 19.608294930875577, "pct_edu_college": 20.94470046082949, "pct_edu_university": 32.21198156682028, "pct_french": 81.0166358595194, "pct_owners": 88.49167482859941}}, {"arcs": [[1352, 1353, 1354, 1355, -1348]], "type": "Polygon", "properties": {"CFSAUID": "J8X", "DGUID": "2021A0011J8X", "PRUID": "24", "PRNAME": "Quebec / Qu\u00e9bec", "LANDAREA": 5.7692, "Somme": 6860.0, "Nombre de donateurs": 74, "Moyenne": 92.70270270270272, "age_total": 11785.0, "median_income_hh": 6130.0, "pct_income_0_30k": 26.019575856443723, "pct_income_30_60k": 20.473083197389887, "pct_income_60_100k": 31.07667210440457, "pct_income_100k_plus": 17.53670473083197, "pct_age_15_24": 12.558336868901144, "pct_age_25_34": 21.12855324565125, "pct_age_35_44": 13.109885447602885, "pct_age_45_54": 9.20661858294442, "pct_age_55_64": 10.903691132795927, "pct_age_65_74": 7.806533729316928, "pct_age_75_plus": 14.891811624946966, "pct_edu_none": 21.143473570658035, "pct_edu_secondary": 21.35922330097087, "pct_edu_college": 12.891046386192018, "pct_edu_university": 36.13807982740022, "pct_french": 53.58785648574057, "pct_owners": 18.765231519090168}}, {"arcs": [[-1355, 1356, 1357]], "type": "Polygon", "properties": {"CFSAUID": "J8Y", "DGUID": "2021A0011J8Y", "PRUID": "24", "PRNAME": "Quebec / Qu\u00e9bec", "LANDAREA": 7.8877, "Somme": 22711.0, "Nombre de donateurs": 256, "Moyenne": 88.71484375, "age_total": 23805.0, "median_income_hh": 12235.0, "pct_income_0_30k": 21.41397629750715, "pct_income_30_60k": 20.392317123007764, "pct_income_60_100k": 30.03677973028197, "pct_income_100k_plus": 23.334695545566, "pct_age_15_24": 11.342155009451796, "pct_age_25_34": 15.164881327452214, "pct_age_35_44": 13.505566057550936, "pct_age_45_54": 11.069103129594623, "pct_age_55_64": 14.660785549254356, "pct_age_65_74": 10.94307918504516, "pct_age_75_plus": 9.598823776517538, "pct_edu_none": 19.103951673798136, "pct_edu_secondary": 22.728416813491062, "pct_edu_college": 15.15227787566071, "pct_edu_university": 29.448779260005036, "pct_french": 70.2132242084859, "pct_owners": 38.15789473684211}}, {"arcs": [[-1349, -1356, -1358, 1358, 1359]], "type": "Polygon", "properties": {"CFSAUID": "J8Z", "DGUID": "2021A0011J8Z", "PRUID": "24", "PRNAME": "Quebec / Qu\u00e9bec", "LANDAREA": 8.5367, "Somme": 16915.0, "Nombre de donateurs": 179, "Moyenne": 94.49720670391062, "age_total": 14815.0, "median_income_hh": 7385.0, "pct_income_0_30k": 16.113744075829384, "pct_income_30_60k": 17.603249830737983, "pct_income_60_100k": 29.993229519295877, "pct_income_100k_plus": 31.347325660121868, "pct_age_15_24": 12.926088423894702, "pct_age_25_34": 14.951063111711104, "pct_age_35_44": 12.62234222072224, "pct_age_45_54": 11.947350658116774, "pct_age_55_64": 15.558555518056025, "pct_age_65_74": 11.373607829902124, "pct_age_75_plus": 5.50118123523456, "pct_edu_none": 14.570858283433132, "pct_edu_secondary": 20.958083832335326, "pct_edu_college": 17.40518962075848, "pct_edu_university": 34.29141716566866, "pct_french": 72.0662833953331, "pct_owners": 44.976399190829405}}, {"arcs": [[-1354, 1360, 1361, 1362, 1363, -1359, -1357]], "type": "Polygon", "properties": {"CFSAUID": "J9A", "DGUID": "2021A0011J9A", "PRUID": "24", "PRNAME": "Quebec / Qu\u00e9bec", "LANDAREA": 14.7303, "Somme": 32965.16, "Nombre de donateurs": 320, "Moyenne": 103.01612500000002, "age_total": 22505.0, "median_income_hh": 9945.0, "pct_income_0_30k": 7.84313725490196, "pct_income_30_60k": 11.362493715434892, "pct_income_60_100k": 29.562594268476623, "pct_income_100k_plus": 44.997486173956766, "pct_age_15_24": 12.108420351033104, "pct_age_25_34": 14.64119084647856, "pct_age_35_44": 15.152188402577204, "pct_age_45_54": 14.441235281048655, "pct_age_55_64": 12.752721617418352, "pct_age_65_74": 8.15374361253055, "pct_age_75_plus": 4.798933570317708, "pct_edu_none": 9.23460898502496, "pct_edu_secondary": 17.165834719911256, "pct_edu_college": 17.443150305047144, "pct_edu_university": 46.69994453688297, "pct_french": 65.18137035378415, "pct_owners": 59.83935742971887}}, {"arcs": [[-1350, -1360, -1364, 1364, -1068, -1352]], "type": "Polygon", "properties": {"CFSAUID": "J9B", "DGUID": "2021A0011J9B", "PRUID": "24", "PRNAME": "Quebec / Qu\u00e9bec", "LANDAREA": 112.6504, "Somme": 2450.0, "Nombre de donateurs": 30, "Moyenne": 81.66666666666667, "age_total": 8000.0, "median_income_hh": 3040.0, "pct_income_0_30k": 5.098684210526316, "pct_income_30_60k": 6.25, "pct_income_60_100k": 15.789473684210526, "pct_income_100k_plus": 69.90131578947368, "pct_age_15_24": 10.75, "pct_age_25_34": 8.75, "pct_age_35_44": 12.937499999999998, "pct_age_45_54": 16.25, "pct_age_55_64": 16.0, "pct_age_65_74": 10.8125, "pct_age_75_plus": 4.6875, "pct_edu_none": 8.57365549493375, "pct_edu_secondary": 15.900233826968044, "pct_edu_college": 16.835541699142635, "pct_edu_university": 50.66250974279034, "pct_french": 42.6875, "pct_owners": 92.26973684210526}}, {"arcs": [[1365, -1056, -1064, -1058]], "type": "Polygon", "properties": {"CFSAUID": "J9E", "DGUID": "2021A0011J9E", "PRUID": "24", "PRNAME": "Quebec / Qu\u00e9bec", "LANDAREA": 570.3774, "Somme": 1357.0, "Nombre de donateurs": 31, "Moyenne": 43.774193548387096, "age_total": 7665.0, "median_income_hh": 3705.0, "pct_income_0_30k": 23.88663967611336, "pct_income_30_60k": 23.21187584345479, "pct_income_60_100k": 28.74493927125506, "pct_income_100k_plus": 19.70310391363023, "pct_age_15_24": 8.67579908675799, "pct_age_25_34": 10.241356816699282, "pct_age_35_44": 9.784735812133071, "pct_age_45_54": 12.198303979125896, "pct_age_55_64": 18.134377038486623, "pct_age_65_74": 15.32941943900848, "pct_age_75_plus": 11.741682974559687, "pct_edu_none": 29.52231793265466, "pct_edu_secondary": 20.43852779953015, "pct_edu_college": 13.70399373531715, "pct_edu_university": 9.318715740015662, "pct_french": 79.43737441393168, "pct_owners": 65.28150134048258}}, {"arcs": [[1366, 1367, -1362]], "type": "Polygon", "properties": {"CFSAUID": "J9H", "DGUID": "2021A0011J9H", "PRUID": "24", "PRNAME": "Quebec / Qu\u00e9bec", "LANDAREA": 16.2054, "Somme": 15980.0, "Nombre de donateurs": 174, "Moyenne": 91.83908045977012, "age_total": 32920.0, "median_income_hh": 13465.0, "pct_income_0_30k": 9.617526921648718, "pct_income_30_60k": 12.291125139249909, "pct_income_60_100k": 28.666914222057184, "pct_income_100k_plus": 43.260304493130334, "pct_age_15_24": 10.6318347509113, "pct_age_25_34": 11.603888213851764, "pct_age_35_44": 14.489671931956256, "pct_age_45_54": 12.940461725394895, "pct_age_55_64": 13.19866342648846, "pct_age_65_74": 10.34325637910085, "pct_age_75_plus": 7.548602673147023, "pct_edu_none": 14.707038930397168, "pct_edu_secondary": 22.040896578843885, "pct_edu_college": 19.543845851356664, "pct_edu_university": 32.5599685410932, "pct_french": 51.26681263684705, "pct_owners": 68.57355126300149}}, {"arcs": [[-1363, -1368, 1368, -1069, -1365]], "type": "Polygon", "properties": {"CFSAUID": "J9J", "DGUID": "2021A0011J9J", "PRUID": "24", "PRNAME": "Quebec / Qu\u00e9bec", "LANDAREA": 72.4138, "Somme": 9795.0, "Nombre de donateurs": 98, "Moyenne": 99.94897959183672, "age_total": 41340.0, "median_income_hh": 15715.0, "pct_income_0_30k": 5.34521158129176, "pct_income_30_60k": 8.081450843143493, "pct_income_60_100k": 25.930639516385614, "pct_income_100k_plus": 54.78841870824054, "pct_age_15_24": 12.04644412191582, "pct_age_25_34": 13.824383164005804, "pct_age_35_44": 18.347847121432025, "pct_age_45_54": 13.40106434446057, "pct_age_55_64": 9.4581519109821, "pct_age_65_74": 5.902273826802128, "pct_age_75_plus": 2.39477503628447, "pct_edu_none": 10.276616275329689, "pct_edu_secondary": 18.896751366999037, "pct_edu_college": 19.39530395625603, "pct_edu_university": 41.68542939852043, "pct_french": 57.74767146486028, "pct_owners": 68.36409929980903}}, {"arcs": [[-1366, -1057]], "type": "Polygon", "properties": {"CFSAUID": "J9L", "DGUID": "2021A0011J9L", "PRUID": "24", "PRNAME": "Quebec / Qu\u00e9bec", "LANDAREA": 587.4207, "Somme": 13926.64, "Nombre de donateurs": 170, "Moyenne": 81.92141176470588, "age_total": 14165.0, "median_income_hh": 6690.0, "pct_income_0_30k": 20.777279521674146, "pct_income_30_60k": 21.748878923766814, "pct_income_60_100k": 28.400597907324364, "pct_income_100k_plus": 23.16890881913304, "pct_age_15_24": 9.49523473349806, "pct_age_25_34": 10.16590187080833, "pct_age_35_44": 11.542534415813623, "pct_age_45_54": 11.436639604659373, "pct_age_55_64": 16.978468055065303, "pct_age_65_74": 15.566537239675258, "pct_age_75_plus": 10.554182845040591, "pct_edu_none": 30.162810625535563, "pct_edu_secondary": 18.466152527849182, "pct_edu_college": 13.024850042844902, "pct_edu_university": 12.68209083119109, "pct_french": 98.8534575420996, "pct_owners": 62.25710014947683}}, {"arcs": [[[-1095, -1076], [-1089]], [[-1104]], [[-1105]]], "type": "MultiPolygon", "properties": {"CFSAUID": "J9P", "DGUID": "2021A0011J9P", "PRUID": "24", "PRNAME": "Quebec / Qu\u00e9bec", "LANDAREA": 3763.974, "Somme": 19975.0, "Nombre de donateurs": 255, "Moyenne": 78.33333333333333, "age_total": 33010.0, "median_income_hh": 15110.0, "pct_income_0_30k": 15.023163467902052, "pct_income_30_60k": 16.909331568497684, "pct_income_60_100k": 25.81072137657181, "pct_income_100k_plus": 37.45863666446062, "pct_age_15_24": 10.0878521660103, "pct_age_25_34": 12.677976370796728, "pct_age_35_44": 12.359890942138746, "pct_age_45_54": 11.75401393517116, "pct_age_55_64": 16.101181460163584, "pct_age_65_74": 11.81460163586792, "pct_age_75_plus": 7.846107240230234, "pct_edu_none": 25.5107778819119, "pct_edu_secondary": 21.499531396438613, "pct_edu_college": 14.489222118088096, "pct_edu_university": 14.432989690721648, "pct_french": 95.16030534351144, "pct_owners": 61.15155526141628}}, {"arcs": [[-1090]], "type": "Polygon", "properties": {"CFSAUID": "J9T", "DGUID": "2021A0011J9T", "PRUID": "24", "PRNAME": "Quebec / Qu\u00e9bec", "LANDAREA": 430.0445, "Somme": 11664.0, "Nombre de donateurs": 155, "Moyenne": 75.2516129032258, "age_total": 13225.0, "median_income_hh": 5920.0, "pct_income_0_30k": 15.625, "pct_income_30_60k": 18.158783783783782, "pct_income_60_100k": 28.209459459459456, "pct_income_100k_plus": 32.77027027027027, "pct_age_15_24": 11.342155009451796, "pct_age_25_34": 11.531190926275992, "pct_age_35_44": 12.325141776937617, "pct_age_45_54": 11.19092627599244, "pct_age_55_64": 15.311909262759924, "pct_age_65_74": 12.816635160680528, "pct_age_75_plus": 9.149338374291114, "pct_edu_none": 25.309229305423408, "pct_edu_secondary": 20.313986679353, "pct_edu_college": 14.93815413891532, "pct_edu_university": 13.653663177925784, "pct_french": 96.71434093544646, "pct_owners": 57.61421319796954}}, {"arcs": [[1369, -1097]], "type": "Polygon", "properties": {"CFSAUID": "J9V", "DGUID": "2021A0011J9V", "PRUID": "24", "PRNAME": "Quebec / Qu\u00e9bec", "LANDAREA": 97.322, "Somme": 1800.0, "Nombre de donateurs": 18, "Moyenne": 100.0, "age_total": 3410.0, "median_income_hh": 1580.0, "pct_income_0_30k": 17.405063291139243, "pct_income_30_60k": 19.62025316455696, "pct_income_60_100k": 27.531645569620256, "pct_income_100k_plus": 29.11392405063291, "pct_age_15_24": 8.651026392961878, "pct_age_25_34": 8.944281524926687, "pct_age_35_44": 9.97067448680352, "pct_age_45_54": 10.997067448680353, "pct_age_55_64": 16.422287390029325, "pct_age_65_74": 15.835777126099709, "pct_age_75_plus": 14.076246334310852, "pct_edu_none": 18.808193668528865, "pct_edu_secondary": 24.20856610800745, "pct_edu_college": 16.387337057728118, "pct_edu_university": 16.945996275605214, "pct_french": 96.84684684684684, "pct_owners": 67.72151898734177}}, {"arcs": [[1370, -1093, 1371, -1091, 1372, -1101]], "type": "Polygon", "properties": {"CFSAUID": "J9X", "DGUID": "2021A0011J9X", "PRUID": "24", "PRNAME": "Quebec / Qu\u00e9bec", "LANDAREA": 96.8313, "Somme": 24725.0, "Nombre de donateurs": 283, "Moyenne": 87.36749116607774, "age_total": 22995.0, "median_income_hh": 11525.0, "pct_income_0_30k": 19.26247288503254, "pct_income_30_60k": 20.563991323210413, "pct_income_60_100k": 28.546637744034708, "pct_income_100k_plus": 26.507592190889373, "pct_age_15_24": 11.350293542074365, "pct_age_25_34": 13.611654707545116, "pct_age_35_44": 11.654707545118503, "pct_age_45_54": 10.328332246140464, "pct_age_55_64": 14.87279843444227, "pct_age_65_74": 12.698412698412698, "pct_age_75_plus": 11.241574255272884, "pct_edu_none": 21.44942925404831, "pct_edu_secondary": 21.024688080700823, "pct_edu_college": 16.936554287231218, "pct_edu_university": 18.794796920626496, "pct_french": 96.04332449160036, "pct_owners": 45.62012142237641}}, {"arcs": [[[-1094, -1371, -1100, -1078]], [[-1092, -1372]], [[-1373, -1099, 1373, -1102]]], "type": "MultiPolygon", "properties": {"CFSAUID": "J9Y", "DGUID": "2021A0011J9Y", "PRUID": "24", "PRNAME": "Quebec / Qu\u00e9bec", "LANDAREA": 1324.1501, "Somme": 4380.0, "Nombre de donateurs": 53, "Moyenne": 82.64150943396227, "age_total": 10755.0, "median_income_hh": 4170.0, "pct_income_0_30k": 5.875299760191846, "pct_income_30_60k": 10.311750599520384, "pct_income_60_100k": 22.78177458033573, "pct_income_100k_plus": 55.39568345323741, "pct_age_15_24": 9.9953509995351, "pct_age_25_34": 13.20316132031613, "pct_age_35_44": 14.086471408647142, "pct_age_45_54": 13.621571362157136, "pct_age_55_64": 14.830311483031148, "pct_age_65_74": 8.97257089725709, "pct_age_75_plus": 3.9516503951650392, "pct_edu_none": 21.26537785588752, "pct_edu_secondary": 17.164616285881664, "pct_edu_college": 17.867603983596954, "pct_edu_university": 14.938488576449911, "pct_french": 98.37284983728496, "pct_owners": 91.1589008363202}}, {"arcs": [[-1106]], "type": "Polygon", "properties": {"CFSAUID": "J9Z", "DGUID": "2021A0011J9Z", "PRUID": "24", "PRNAME": "Quebec / Qu\u00e9bec", "LANDAREA": 148.3596, "Somme": 7722.0, "Nombre de donateurs": 106, "Moyenne": 72.84905660377359, "age_total": 7410.0, "median_income_hh": 3510.0, "pct_income_0_30k": 21.65242165242165, "pct_income_30_60k": 19.65811965811966, "pct_income_60_100k": 26.06837606837607, "pct_income_100k_plus": 27.92022792022792, "pct_age_15_24": 10.59379217273954, "pct_age_25_34": 9.176788124156548, "pct_age_35_44": 10.6612685560054, "pct_age_45_54": 11.201079622132252, "pct_age_55_64": 16.464237516869098, "pct_age_65_74": 14.84480431848853, "pct_age_75_plus": 13.562753036437249, "pct_edu_none": 29.14946325350949, "pct_edu_secondary": 20.72667217175888, "pct_edu_college": 11.47811725846408, "pct_edu_university": 10.156895127993394, "pct_french": 98.7101154107264, "pct_owners": 62.82051282051282}}]}}}